GEOID,tract_ce6,spa,spa_num,sup_dist,pov_universe,pov_below,poverty_rate,median_income,households,high_poverty_25
06037101110,101110,SPA 2 - San Fernando,2,District 5,4068,476,0.11701081612586037,84091.0,1558,False
06037101122,101122,SPA 2 - San Fernando,2,District 5,4166,266,0.06385021603456553,99583.0,1407,False
06037101220,101220,SPA 2 - San Fernando,2,District 5,3434,610,0.17763541059988353,69676.0,1357,False
06037101221,101221,SPA 2 - San Fernando,2,District 5,3881,555,0.14300438031435198,53798.0,1483,False
06037101222,101222,SPA 2 - San Fernando,2,District 5,2564,356,0.13884555382215288,45662.0,948,False
06037101300,101300,SPA 2 - San Fernando,2,District 5,4165,323,0.07755102040816327,125675.0,1513,False
06037101400,101400,SPA 2 - San Fernando,2,District 5,3485,239,0.06857962697274031,81154.0,1336,False
06037102103,102103,SPA 2 - San Fernando,2,District 5,2054,184,0.08958130477117819,72656.0,714,False
06037102104,102104,SPA 2 - San Fernando,2,District 5,3828,190,0.04963427377220481,107656.0,1299,False
06037102105,102105,SPA 2 - San Fernando,2,District 5,1664,156,0.09375,96167.0,518,False
06037102107,102107,SPA 2 - San Fernando,2,District 5,3479,483,0.13883299798792756,104500.0,1184,False
06037103101,103101,SPA 2 - San Fernando,2,District 5,2705,110,0.04066543438077634,117857.0,982,False
06037103102,103102,SPA 2 - San Fernando,2,District 5,4439,489,0.11015994593376886,71754.0,1646,False
06037103201,103201,SPA 2 - San Fernando,2,District 5,4305,444,0.10313588850174216,91213.0,1581,False
06037103202,103202,SPA 2 - San Fernando,2,District 5,1940,48,0.024742268041237112,117338.0,649,False
06037103300,103300,SPA 2 - San Fernando,2,District 5,4010,342,0.08528678304239401,148036.0,1296,False
06037103401,103401,SPA 2 - San Fernando,2,District 5,2552,139,0.05446708463949843,100893.0,972,False
06037103402,103402,SPA 2 - San Fernando,2,District 5,3750,324,0.0864,106161.0,1378,False
06037104103,104103,SPA 2 - San Fernando,2,District 5,4092,488,0.11925708699902249,109688.0,868,False
06037104105,104105,SPA 2 - San Fernando,2,District 3,5887,1296,0.2201460845931714,60519.0,1580,False
06037104108,104108,SPA 2 - San Fernando,2,District 3,4952,684,0.1381260096930533,73344.0,1291,False
06037104124,104124,SPA 2 - San Fernando,2,District 5,4063,362,0.08909672655673148,90469.0,1325,False
06037104201,104201,SPA 2 - San Fernando,2,District 3,4325,471,0.10890173410404624,101509.0,863,False
06037104203,104203,SPA 2 - San Fernando,2,District 3,4845,1063,0.2194014447884417,67872.0,1074,False
06037104204,104204,SPA 2 - San Fernando,2,District 5,3382,481,0.14222353636901242,66167.0,718,False
06037104310,104310,SPA 2 - San Fernando,2,District 3,4411,543,0.12310133756517797,106250.0,885,False
06037104321,104321,SPA 2 - San Fernando,2,District 3,2926,458,0.15652768284347232,65521.0,773,False
06037104322,104322,SPA 2 - San Fernando,2,District 3,1844,143,0.07754880694143167,88125.0,445,False
06037104401,104401,SPA 2 - San Fernando,2,District 3,3083,671,0.21764515082711644,75234.0,623,False
06037104403,104403,SPA 2 - San Fernando,2,District 3,2232,506,0.22670250896057348,98400.0,510,False
06037104404,104404,SPA 2 - San Fernando,2,District 3,3328,472,0.14182692307692307,88125.0,746,False
06037104500,104500,SPA 2 - San Fernando,2,District 3,3507,1187,0.3384659252922726,77888.0,621,True
06037104610,104610,SPA 2 - San Fernando,2,District 3,3053,266,0.08712741565673109,86220.0,652,False
06037104620,104620,SPA 2 - San Fernando,2,District 3,3222,632,0.1961514587212911,88972.0,703,False
06037104701,104701,SPA 2 - San Fernando,2,District 3,3904,1184,0.30327868852459017,53011.0,953,True
06037104703,104703,SPA 2 - San Fernando,2,District 3,2306,409,0.17736339982653945,47981.0,607,False
06037104704,104704,SPA 2 - San Fernando,2,District 3,4580,1085,0.2368995633187773,72784.0,1231,False
06037104821,104821,SPA 2 - San Fernando,2,District 3,3403,558,0.16397296503085512,81518.0,751,False
06037104822,104822,SPA 2 - San Fernando,2,District 3,2199,603,0.2742155525238745,48750.0,637,True
06037104823,104823,SPA 2 - San Fernando,2,District 3,3195,707,0.221283255086072,81500.0,692,False
06037104824,104824,SPA 2 - San Fernando,2,District 3,2582,272,0.10534469403563129,112375.0,486,False
06037106010,106010,SPA 2 - San Fernando,2,District 3,4037,208,0.051523408471637354,144375.0,938,False
06037106020,106020,SPA 2 - San Fernando,2,District 3,4847,842,0.17371570043325768,123250.0,1298,False
06037106111,106111,SPA 2 - San Fernando,2,District 3,4698,228,0.04853128991060025,115357.0,1390,False
06037106112,106112,SPA 2 - San Fernando,2,District 3,4920,709,0.14410569105691057,100758.0,1430,False
06037106113,106113,SPA 2 - San Fernando,2,District 3,3743,129,0.03446433342238846,126190.0,1038,False
06037106114,106114,SPA 2 - San Fernando,2,District 3,6929,1731,0.24981959878770385,72065.0,1830,False
06037106403,106403,SPA 2 - San Fernando,2,District 3,3814,334,0.0875721027792344,101346.0,854,False
06037106405,106405,SPA 2 - San Fernando,2,District 3,4073,710,0.1743186840166953,88651.0,1147,False
06037106406,106406,SPA 2 - San Fernando,2,District 3,6292,234,0.0371900826446281,104598.0,1880,False
06037106407,106407,SPA 2 - San Fernando,2,District 3,2183,759,0.347686669720568,29083.0,828,True
06037106408,106408,SPA 2 - San Fernando,2,District 3,3789,1121,0.2958564264977567,58056.0,986,True
06037106510,106510,SPA 2 - San Fernando,2,District 3,5373,833,0.15503443141634096,121935.0,1601,False
06037106520,106520,SPA 2 - San Fernando,2,District 3,5475,711,0.12986301369863013,87029.0,1402,False
06037106603,106603,SPA 2 - San Fernando,2,District 3,3679,209,0.05680891546615928,142500.0,1216,False
06037106604,106604,SPA 2 - San Fernando,2,District 3,4349,539,0.12393653713497356,66611.0,1281,False
06037106641,106641,SPA 2 - San Fernando,2,District 3,2076,136,0.06551059730250482,118387.0,732,False
06037106642,106642,SPA 2 - San Fernando,2,District 3,3484,282,0.0809414466130884,139145.0,1189,False
06037106643,106643,SPA 2 - San Fernando,2,District 3,4311,120,0.027835768963117607,201250.0,1387,False
06037106645,106645,SPA 2 - San Fernando,2,District 3,3672,190,0.051742919389978215,151389.0,1252,False
06037106646,106646,SPA 2 - San Fernando,2,District 3,2973,169,0.05684493777329297,122734.0,999,False
06037106648,106648,SPA 2 - San Fernando,2,District 3,4698,633,0.13473818646232438,69125.0,1179,False
06037106649,106649,SPA 2 - San Fernando,2,District 3,2689,133,0.049460766084046114,104773.0,642,False
06037107010,107010,SPA 2 - San Fernando,2,District 3,2928,128,0.04371584699453552,92788.0,757,False
06037107020,107020,SPA 2 - San Fernando,2,District 3,4921,907,0.18431213168055274,81429.0,1212,False
06037108101,108101,SPA 2 - San Fernando,2,District 3,2128,75,0.03524436090225564,151027.0,757,False
06037108102,108102,SPA 2 - San Fernando,2,District 3,3474,410,0.1180195739781232,131014.0,1226,False
06037108103,108103,SPA 2 - San Fernando,2,District 3,3053,193,0.06321650835244022,147893.0,1001,False
06037108104,108104,SPA 2 - San Fernando,2,District 3,1754,50,0.028506271379703536,144167.0,562,False
06037108202,108202,SPA 2 - San Fernando,2,District 3,10191,332,0.032577764694338145,185852.0,3551,False
06037108203,108203,SPA 2 - San Fernando,2,District 3,3157,168,0.05321507760532151,151250.0,1175,False
06037108204,108204,SPA 2 - San Fernando,2,District 3,1782,50,0.028058361391694726,177283.0,658,False
06037109100,109100,SPA 2 - San Fernando,2,District 3,2554,225,0.08809710258418167,72396.0,887,False
06037109200,109200,SPA 2 - San Fernando,2,District 3,2863,157,0.05483758295494237,120016.0,1077,False
06037109300,109300,SPA 2 - San Fernando,2,District 3,2895,154,0.05319516407599309,121750.0,929,False
06037109400,109400,SPA 2 - San Fernando,2,District 3,3615,197,0.05449515905947441,99718.0,1131,False
06037109500,109500,SPA 2 - San Fernando,2,District 3,3809,654,0.17169860855867683,83561.0,982,False
06037109601,109601,SPA 2 - San Fernando,2,District 3,5042,384,0.07616025386751289,119063.0,1330,False
06037109603,109603,SPA 2 - San Fernando,2,District 3,4038,478,0.1183754333828628,83878.0,1268,False
06037109604,109604,SPA 2 - San Fernando,2,District 3,2721,295,0.10841602352076442,105015.0,873,False
06037109700,109700,SPA 2 - San Fernando,2,District 3,4203,228,0.05424696645253391,117104.0,1383,False
06037109800,109800,SPA 2 - San Fernando,2,District 3,4614,467,0.1012136974425661,76681.0,1490,False
06037111100,111100,SPA 2 - San Fernando,2,District 3,2963,216,0.07289908876139048,109600.0,936,False
06037111201,111201,SPA 2 - San Fernando,2,District 3,3270,268,0.0819571865443425,114489.0,1030,False
06037111202,111202,SPA 2 - San Fernando,2,District 3,5534,496,0.0896277556920853,109137.0,1931,False
06037111204,111204,SPA 2 - San Fernando,2,District 3,5902,126,0.02134869535750593,178706.0,1825,False
06037111205,111205,SPA 2 - San Fernando,2,District 3,3627,355,0.09787703336090432,107028.0,1344,False
06037111206,111206,SPA 2 - San Fernando,2,District 3,4289,266,0.062019118675681974,148929.0,1364,False
06037111302,111302,SPA 2 - San Fernando,2,District 3,4891,441,0.09016561030464118,99457.0,1757,False
06037111303,111303,SPA 2 - San Fernando,2,District 3,4508,248,0.055013309671694766,110469.0,1449,False
06037111304,111304,SPA 2 - San Fernando,2,District 3,3082,793,0.2573004542504867,53989.0,1344,True
06037111401,111401,SPA 2 - San Fernando,2,District 3,2193,86,0.0392156862745098,127115.0,686,False
06037111402,111402,SPA 2 - San Fernando,2,District 3,5895,866,0.14690415606446142,58650.0,2158,False
06037113101,113101,SPA 2 - San Fernando,2,District 3,3537,420,0.11874469889737066,129038.0,1198,False
06037113102,113102,SPA 2 - San Fernando,2,District 3,2971,104,0.035005048805116123,215756.0,1036,False
06037113211,113211,SPA 2 - San Fernando,2,District 3,4112,306,0.07441634241245136,111806.0,1624,False
06037113212,113212,SPA 2 - San Fernando,2,District 3,2755,98,0.035571687840290384,88917.0,972,False
06037113213,113213,SPA 2 - San Fernando,2,District 3,4935,270,0.0547112462006079,130446.0,1725,False
06037113231,113231,SPA 2 - San Fernando,2,District 3,2230,105,0.04708520179372197,132981.0,850,False
06037113232,113232,SPA 2 - San Fernando,2,District 3,4640,390,0.08405172413793104,150678.0,1539,False
06037113234,113234,SPA 2 - San Fernando,2,District 3,5640,993,0.17606382978723403,72769.0,1665,False
06037113235,113235,SPA 2 - San Fernando,2,District 3,1690,222,0.13136094674556212,89744.0,677,False
06037113237,113237,SPA 2 - San Fernando,2,District 3,4765,255,0.053515215110178385,142917.0,1551,False
06037113238,113238,SPA 2 - San Fernando,2,District 3,4596,519,0.1129242819843342,64717.0,1445,False
06037113239,113239,SPA 2 - San Fernando,2,District 3,2134,213,0.09981255857544517,50625.0,857,False
06037113301,113301,SPA 2 - San Fernando,2,District 3,4252,485,0.11406396989651929,127448.0,1637,False
06037113303,113303,SPA 2 - San Fernando,2,District 3,3738,276,0.0738362760834671,111893.0,1355,False
06037113322,113322,SPA 2 - San Fernando,2,District 3,4744,587,0.12373524451939291,120364.0,1540,False
06037113323,113323,SPA 2 - San Fernando,2,District 3,3904,381,0.09759221311475409,97064.0,1487,False
06037113324,113324,SPA 2 - San Fernando,2,District 3,2837,155,0.05463517800493479,100960.0,995,False
06037113423,113423,SPA 2 - San Fernando,2,District 3,2845,268,0.09420035149384885,99000.0,868,False
06037113424,113424,SPA 2 - San Fernando,2,District 3,3117,231,0.0741097208854668,113472.0,1087,False
06037113425,113425,SPA 2 - San Fernando,2,District 3,4254,389,0.09144334743770569,69559.0,1346,False
06037113426,113426,SPA 2 - San Fernando,2,District 3,2302,385,0.1672458731537793,77070.0,735,False
06037113427,113427,SPA 2 - San Fernando,2,District 3,2350,379,0.16127659574468084,62266.0,936,False
06037113428,113428,SPA 2 - San Fernando,2,District 3,4099,368,0.08977799463283728,132614.0,1101,False
06037115101,115101,SPA 2 - San Fernando,2,District 3,5012,437,0.08719074221867518,157829.0,1866,False
06037115103,115103,SPA 2 - San Fernando,2,District 3,24,9,0.375,,14,True
06037115104,115104,SPA 2 - San Fernando,2,District 3,4385,958,0.21847206385404788,86522.0,1984,False
06037115202,115202,SPA 2 - San Fernando,2,District 3,6001,1482,0.2469588401933011,66679.0,2077,False
06037115203,115203,SPA 2 - San Fernando,2,District 3,1929,385,0.19958527734577503,76121.0,1010,False
06037115204,115204,SPA 2 - San Fernando,2,District 3,3925,419,0.1067515923566879,100195.0,1669,False
06037115301,115301,SPA 2 - San Fernando,2,District 3,4396,385,0.0875796178343949,95152.0,1647,False
06037115302,115302,SPA 2 - San Fernando,2,District 3,3819,692,0.18119926682377585,76250.0,1052,False
06037115401,115401,SPA 2 - San Fernando,2,District 3,5609,934,0.16651809591727582,62271.0,1909,False
06037115403,115403,SPA 2 - San Fernando,2,District 3,3379,942,0.27878070435039953,72036.0,1081,True
06037115404,115404,SPA 2 - San Fernando,2,District 3,2607,252,0.09666283084004602,104286.0,844,False
06037117101,117101,SPA 2 - San Fernando,2,District 3,5205,598,0.1148895292987512,110761.0,1490,False
06037117102,117102,SPA 2 - San Fernando,2,District 3,2404,232,0.09650582362728785,94844.0,805,False
06037117201,117201,SPA 2 - San Fernando,2,District 3,3956,990,0.25025278058645095,54301.0,1195,True
06037117202,117202,SPA 2 - San Fernando,2,District 3,2769,290,0.10473094980137233,98438.0,945,False
06037117301,117301,SPA 2 - San Fernando,2,District 3,3808,208,0.0546218487394958,146696.0,1146,False
06037117302,117302,SPA 2 - San Fernando,2,District 3,4946,348,0.0703598867771937,115708.0,1603,False
06037117303,117303,SPA 2 - San Fernando,2,District 3,4157,299,0.07192687033918692,129211.0,1182,False
06037117404,117404,SPA 2 - San Fernando,2,District 3,5210,554,0.10633397312859885,130034.0,1403,False
06037117405,117405,SPA 2 - San Fernando,2,District 3,3001,840,0.27990669776741084,49615.0,826,True
06037117407,117407,SPA 2 - San Fernando,2,District 3,3178,943,0.29672750157331657,53512.0,1006,True
06037117408,117408,SPA 2 - San Fernando,2,District 3,2505,939,0.37485029940119763,49786.0,746,True
06037117510,117510,SPA 2 - San Fernando,2,District 3,3766,911,0.2419012214551248,57984.0,1062,False
06037117520,117520,SPA 2 - San Fernando,2,District 3,4343,1767,0.40686161639419754,50735.0,1050,True
06037117530,117530,SPA 2 - San Fernando,2,District 3,5741,1711,0.29803170179411254,42661.0,1722,True
06037119001,119001,SPA 2 - San Fernando,2,District 3,4283,395,0.09222507588139155,113114.0,1031,False
06037119003,119003,SPA 2 - San Fernando,2,District 3,3332,604,0.18127250900360145,99559.0,826,False
06037119004,119004,SPA 2 - San Fernando,2,District 3,2759,263,0.0953243928959768,90417.0,681,False
06037119201,119201,SPA 2 - San Fernando,2,District 3,3952,361,0.09134615384615384,108807.0,869,False
06037119202,119202,SPA 2 - San Fernando,2,District 3,4674,802,0.1715875053487377,75930.0,1136,False
06037119310,119310,SPA 2 - San Fernando,2,District 3,3613,356,0.09853307500691946,68462.0,1244,False
06037119320,119320,SPA 2 - San Fernando,2,District 3,4292,705,0.16425908667287978,87903.0,1300,False
06037119340,119340,SPA 2 - San Fernando,2,District 3,3733,1242,0.332708277524779,46250.0,1008,True
06037119341,119341,SPA 2 - San Fernando,2,District 3,2744,448,0.16326530612244897,53623.0,871,False
06037119342,119342,SPA 2 - San Fernando,2,District 3,2784,318,0.11422413793103449,76713.0,783,False
06037119400,119400,SPA 2 - San Fernando,2,District 3,4650,454,0.09763440860215054,99875.0,1102,False
06037119700,119700,SPA 2 - San Fernando,2,District 3,4272,155,0.03628277153558052,90994.0,1313,False
06037119801,119801,SPA 2 - San Fernando,2,District 3,2697,370,0.13718946978123842,117708.0,623,False
06037119802,119802,SPA 2 - San Fernando,2,District 3,3041,477,0.15685629727063466,94063.0,799,False
06037119900,119900,SPA 2 - San Fernando,2,District 3,4482,118,0.026327532351628737,86500.0,1246,False
06037120010,120010,SPA 2 - San Fernando,2,District 3,2617,363,0.13870844478410393,59938.0,758,False
06037120020,120020,SPA 2 - San Fernando,2,District 3,3901,857,0.2196872596770059,42708.0,1271,False
06037120030,120030,SPA 2 - San Fernando,2,District 3,2560,778,0.30390625,48281.0,700,True
06037120103,120103,SPA 2 - San Fernando,2,District 3,2879,1003,0.34838485585272666,47069.0,840,True
06037120104,120104,SPA 2 - San Fernando,2,District 3,2603,578,0.22205147906262004,52198.0,819,False
06037120105,120105,SPA 2 - San Fernando,2,District 3,2755,530,0.19237749546279492,47903.0,850,False
06037120106,120106,SPA 2 - San Fernando,2,District 3,4181,1387,0.33173881846448217,41045.0,1315,True
06037120107,120107,SPA 2 - San Fernando,2,District 3,4130,1449,0.35084745762711866,41424.0,1115,True
06037120108,120108,SPA 2 - San Fernando,2,District 3,4505,1127,0.25016648168701444,58816.0,1418,True
06037120300,120300,SPA 2 - San Fernando,2,District 3,5422,937,0.17281445960900038,56364.0,1530,False
06037120400,120400,SPA 2 - San Fernando,2,District 3,5664,886,0.1564265536723164,67679.0,2101,False
06037121010,121010,SPA 2 - San Fernando,2,District 3,5166,426,0.08246225319396051,76133.0,1181,False
06037121020,121020,SPA 2 - San Fernando,2,District 3,3433,386,0.11243810078648413,67784.0,1039,False
06037121101,121101,SPA 2 - San Fernando,2,District 5,3345,388,0.11599402092675636,67778.0,1014,False
06037121102,121102,SPA 2 - San Fernando,2,District 5,2245,133,0.05924276169265033,81111.0,756,False
06037121210,121210,SPA 2 - San Fernando,2,District 3,3016,278,0.09217506631299735,77195.0,812,False
06037121221,121221,SPA 2 - San Fernando,2,District 3,2030,188,0.09261083743842365,90417.0,516,False
06037121222,121222,SPA 2 - San Fernando,2,District 3,4928,729,0.14793019480519481,79167.0,1236,False
06037121600,121600,SPA 2 - San Fernando,2,District 3,2595,443,0.17071290944123313,95250.0,781,False
06037121801,121801,SPA 2 - San Fernando,2,District 3,4266,466,0.10923581809657759,50357.0,1196,False
06037121802,121802,SPA 2 - San Fernando,2,District 3,3157,592,0.18751979727589485,96304.0,714,False
06037121900,121900,SPA 2 - San Fernando,2,District 3,3324,398,0.1197352587244284,57381.0,1052,False
06037122000,122000,SPA 2 - San Fernando,2,District 3,5326,565,0.10608336462636124,96763.0,1576,False
06037122120,122120,SPA 2 - San Fernando,2,District 3,4354,624,0.14331649058337162,67083.0,1212,False
06037122121,122121,SPA 2 - San Fernando,2,District 3,2715,761,0.28029465930018416,57500.0,794,True
06037122122,122122,SPA 2 - San Fernando,2,District 3,2562,753,0.2939110070257611,47799.0,709,True
06037122200,122200,SPA 2 - San Fernando,2,District 5,3623,395,0.10902566933480541,74293.0,837,False
06037122410,122410,SPA 2 - San Fernando,2,District 3,3957,768,0.19408642911296436,65060.0,1223,False
06037122420,122420,SPA 2 - San Fernando,2,District 3,5293,873,0.16493481957302097,76250.0,1285,False
06037123010,123010,SPA 2 - San Fernando,2,District 3,3791,1034,0.27275125296755476,50136.0,976,True
06037123020,123020,SPA 2 - San Fernando,2,District 3,2793,214,0.07662012173290368,83968.0,694,False
06037123103,123103,SPA 2 - San Fernando,2,District 5,3893,414,0.10634472129463139,87011.0,1603,False
06037123104,123104,SPA 2 - San Fernando,2,District 5,4633,1159,0.25016188214979496,71606.0,1626,True
06037123203,123203,SPA 2 - San Fernando,2,District 3,2926,761,0.26008202323991797,41923.0,1016,True
06037123204,123204,SPA 2 - San Fernando,2,District 3,3316,804,0.24246079613992763,67500.0,1044,False
06037123205,123205,SPA 2 - San Fernando,2,District 3,2795,968,0.34633273703041145,60417.0,769,True
06037123206,123206,SPA 2 - San Fernando,2,District 3,2470,467,0.1890688259109312,53036.0,816,False
06037123301,123301,SPA 2 - San Fernando,2,District 3,3945,313,0.07934093789607098,69118.0,1692,False
06037123303,123303,SPA 2 - San Fernando,2,District 3,2842,543,0.19106263194933146,72109.0,874,False
06037123304,123304,SPA 2 - San Fernando,2,District 3,4435,689,0.15535512965050732,46300.0,1802,False
06037123410,123410,SPA 2 - San Fernando,2,District 3,3374,981,0.29075281564908123,45167.0,1220,True
06037123420,123420,SPA 2 - San Fernando,2,District 3,4453,899,0.20188636874017515,56519.0,1549,False
06037123510,123510,SPA 2 - San Fernando,2,District 3,4535,985,0.21719955898566704,51546.0,1601,False
06037123520,123520,SPA 2 - San Fernando,2,District 3,2488,398,0.159967845659164,59643.0,776,False
06037123601,123601,SPA 2 - San Fernando,2,District 3,5379,922,0.1714073247815579,87295.0,1933,False
06037123602,123602,SPA 2 - San Fernando,2,District 3,3069,723,0.23558162267839688,69311.0,1201,False
06037123700,123700,SPA 2 - San Fernando,2,District 3,3827,486,0.12699242226286908,93201.0,1737,False
06037123800,123800,SPA 2 - San Fernando,2,District 3,5552,775,0.1395893371757925,92964.0,2275,False
06037123901,123901,SPA 2 - San Fernando,2,District 3,4360,1035,0.23738532110091742,56333.0,1466,False
06037123902,123902,SPA 2 - San Fernando,2,District 5,2758,501,0.18165337200870196,86583.0,1100,False
06037124000,124000,SPA 2 - San Fernando,2,District 5,4502,803,0.17836517103509553,82127.0,2190,False
06037124102,124102,SPA 2 - San Fernando,2,District 5,3634,1029,0.28315905338470004,76315.0,1501,True
06037124103,124103,SPA 2 - San Fernando,2,District 3,1891,228,0.12057112638815441,70350.0,567,False
06037124104,124104,SPA 2 - San Fernando,2,District 5,2760,561,0.20326086956521738,53775.0,1060,False
06037124105,124105,SPA 2 - San Fernando,2,District 5,2191,361,0.16476494751255136,66726.0,839,False
06037124201,124201,SPA 2 - San Fernando,2,District 5,3436,347,0.1009895227008149,73079.0,1085,False
06037124203,124203,SPA 2 - San Fernando,2,District 5,2063,192,0.0930683470673776,79570.0,797,False
06037124204,124204,SPA 2 - San Fernando,2,District 5,2473,708,0.2862919530934088,52451.0,1040,True
06037124300,124300,SPA 2 - San Fernando,2,District 5,3043,205,0.06736772921459086,69909.0,1268,False
06037124400,124400,SPA 2 - San Fernando,2,District 3,4419,352,0.07965603077619371,86713.0,1639,False
06037124500,124500,SPA 2 - San Fernando,2,District 3,2728,424,0.15542521994134897,77635.0,1256,False
06037124600,124600,SPA 2 - San Fernando,2,District 3,2847,106,0.03723217421847559,100257.0,1312,False
06037124700,124700,SPA 2 - San Fernando,2,District 3,5115,453,0.08856304985337243,110375.0,2538,False
06037124902,124902,SPA 2 - San Fernando,2,District 5,3123,381,0.12199807877041306,62051.0,1506,False
06037124903,124903,SPA 2 - San Fernando,2,District 5,3762,545,0.14486975013290804,78575.0,1669,False
06037125101,125101,SPA 2 - San Fernando,2,District 5,4465,622,0.1393057110862262,81944.0,2252,False
06037125102,125102,SPA 2 - San Fernando,2,District 5,2053,194,0.0944958597174866,164313.0,928,False
06037125200,125200,SPA 2 - San Fernando,2,District 5,4203,318,0.07566024268379729,85200.0,1980,False
06037125310,125310,SPA 2 - San Fernando,2,District 5,4129,492,0.1191571809154759,58548.0,2100,False
06037125321,125321,SPA 2 - San Fernando,2,District 5,2840,420,0.14788732394366197,61625.0,1449,False
06037125322,125322,SPA 2 - San Fernando,2,District 5,2090,599,0.28660287081339714,47991.0,1543,True
06037125402,125402,SPA 2 - San Fernando,2,District 5,3798,300,0.07898894154818326,88943.0,2028,False
06037125403,125403,SPA 2 - San Fernando,2,District 5,2594,367,0.14148033924441017,85956.0,1526,False
06037125404,125404,SPA 2 - San Fernando,2,District 5,3001,525,0.1749416861046318,79967.0,1758,False
06037125501,125501,SPA 2 - San Fernando,2,District 5,2969,421,0.1417985853822836,60714.0,1648,False
06037125502,125502,SPA 2 - San Fernando,2,District 5,3696,620,0.16774891774891776,84107.0,1953,False
06037125600,125600,SPA 2 - San Fernando,2,District 5,2990,273,0.09130434782608696,110318.0,1294,False
06037127102,127102,SPA 2 - San Fernando,2,District 3,5288,1357,0.25661875945537066,61848.0,1596,True
06037127103,127103,SPA 2 - San Fernando,2,District 3,3354,349,0.10405485986881335,56071.0,1328,False
06037127104,127104,SPA 2 - San Fernando,2,District 3,4219,906,0.21474283005451528,64678.0,1403,False
06037127210,127210,SPA 2 - San Fernando,2,District 3,5418,474,0.08748615725359911,64000.0,1898,False
06037127220,127220,SPA 2 - San Fernando,2,District 3,4750,1060,0.2231578947368421,46005.0,1694,False
06037127300,127300,SPA 2 - San Fernando,2,District 3,4195,319,0.07604290822407628,81049.0,1430,False
06037127400,127400,SPA 2 - San Fernando,2,District 3,5626,966,0.17170280838961963,63587.0,1940,False
06037127520,127520,SPA 2 - San Fernando,2,District 3,4868,1199,0.2463023829087921,52290.0,1467,False
06037127603,127603,SPA 2 - San Fernando,2,District 3,2860,734,0.25664335664335663,58460.0,897,True
06037127604,127604,SPA 2 - San Fernando,2,District 3,3134,764,0.24377791959157627,47724.0,1524,False
06037127605,127605,SPA 2 - San Fernando,2,District 3,3682,817,0.22189027702335687,71500.0,1190,False
06037127606,127606,SPA 2 - San Fernando,2,District 3,3218,814,0.25295214418893724,66383.0,1108,True
06037127711,127711,SPA 2 - San Fernando,2,District 3,3231,718,0.2222222222222222,93194.0,1185,False
06037127712,127712,SPA 2 - San Fernando,2,District 3,4034,908,0.22508676251859197,64239.0,1566,False
06037127803,127803,SPA 2 - San Fernando,2,District 3,4927,1068,0.2167647655774305,70500.0,1640,False
06037127804,127804,SPA 2 - San Fernando,2,District 3,4428,611,0.13798554652213188,68790.0,1652,False
06037127805,127805,SPA 2 - San Fernando,2,District 3,3244,901,0.2777435265104809,65952.0,1144,True
06037127806,127806,SPA 2 - San Fernando,2,District 3,3729,346,0.09278626977742022,81250.0,1292,False
06037127910,127910,SPA 2 - San Fernando,2,District 3,4934,1227,0.2486826104580462,68981.0,1574,False
06037127920,127920,SPA 2 - San Fernando,2,District 3,4385,972,0.22166476624857467,71042.0,1511,False
06037128101,128101,SPA 2 - San Fernando,2,District 3,2794,298,0.1066571224051539,82232.0,1113,False
06037128102,128102,SPA 2 - San Fernando,2,District 3,4868,697,0.14317995069843878,57558.0,1570,False
06037128210,128210,SPA 2 - San Fernando,2,District 3,4989,1303,0.26117458408498695,44316.0,1588,True
06037128220,128220,SPA 2 - San Fernando,2,District 3,2990,573,0.19163879598662206,60794.0,1240,False
06037128302,128302,SPA 2 - San Fernando,2,District 3,4537,1389,0.30614943795459554,57700.0,1450,True
06037128303,128303,SPA 2 - San Fernando,2,District 3,3385,1153,0.34062038404726735,43750.0,1144,True
06037128400,128400,SPA 2 - San Fernando,2,District 3,4274,332,0.07767898923724847,132931.0,1870,False
06037128500,128500,SPA 2 - San Fernando,2,District 3,4377,371,0.08476125199908613,121500.0,2232,False
06037128601,128601,SPA 2 - San Fernando,2,District 3,4836,666,0.13771712158808933,71893.0,1771,False
06037128602,128602,SPA 2 - San Fernando,2,District 3,2684,370,0.13785394932935915,87574.0,1219,False
06037128703,128703,SPA 2 - San Fernando,2,District 3,3469,319,0.09195733640818679,101705.0,1649,False
06037128704,128704,SPA 2 - San Fernando,2,District 3,2328,171,0.07345360824742268,127422.0,969,False
06037128801,128801,SPA 2 - San Fernando,2,District 3,3864,451,0.1167184265010352,83125.0,2012,False
06037128802,128802,SPA 2 - San Fernando,2,District 3,4317,254,0.05883715543201297,96818.0,2112,False
06037128910,128910,SPA 2 - San Fernando,2,District 3,4528,346,0.07641342756183746,108321.0,1827,False
06037131021,131021,SPA 2 - San Fernando,2,District 3,3237,339,0.10472659870250231,60609.0,985,False
06037131022,131022,SPA 2 - San Fernando,2,District 3,2874,618,0.2150313152400835,65000.0,1002,False
06037131023,131023,SPA 2 - San Fernando,2,District 3,2655,328,0.12354048964218456,74954.0,829,False
06037131024,131024,SPA 2 - San Fernando,2,District 3,3886,555,0.14282038085434895,97083.0,1114,False
06037131100,131100,SPA 2 - San Fernando,2,District 3,3004,153,0.050932090545938745,107500.0,1076,False
06037131200,131200,SPA 2 - San Fernando,2,District 3,3594,262,0.07289927657206455,130500.0,1196,False
06037131300,131300,SPA 2 - San Fernando,2,District 3,4298,297,0.06910190786412285,93594.0,1169,False
06037131400,131400,SPA 2 - San Fernando,2,District 3,5740,599,0.10435540069686411,101500.0,1714,False
06037131600,131600,SPA 2 - San Fernando,2,District 3,4917,688,0.13992271710392515,84773.0,1306,False
06037131701,131701,SPA 2 - San Fernando,2,District 3,4877,1023,0.20976009842116056,76326.0,1867,False
06037131702,131702,SPA 2 - San Fernando,2,District 3,3602,263,0.07301499167129373,70962.0,1210,False
06037131801,131801,SPA 2 - San Fernando,2,District 3,2838,503,0.17723749119097956,60185.0,938,False
06037131802,131802,SPA 2 - San Fernando,2,District 3,2337,126,0.05391527599486521,96742.0,806,False
06037131900,131900,SPA 2 - San Fernando,2,District 3,3911,154,0.03937611863973409,135442.0,1375,False
06037132001,132001,SPA 2 - San Fernando,2,District 3,2714,372,0.13706705969049374,116167.0,1192,False
06037132002,132002,SPA 2 - San Fernando,2,District 3,3523,174,0.04938972466647743,106890.0,1156,False
06037132101,132101,SPA 2 - San Fernando,2,District 3,4113,1271,0.30902017991733527,71932.0,1597,True
06037132102,132102,SPA 2 - San Fernando,2,District 3,4993,1135,0.22731824554376126,74313.0,2142,False
06037132301,132301,SPA 2 - San Fernando,2,District 3,3558,697,0.1958965711073637,60517.0,1358,False
06037132302,132302,SPA 2 - San Fernando,2,District 3,3142,294,0.09357097390197326,108492.0,948,False
06037132501,132501,SPA 2 - San Fernando,2,District 3,4241,386,0.09101626974770101,91231.0,1308,False
06037132502,132502,SPA 2 - San Fernando,2,District 3,3314,527,0.15902232951116477,61354.0,1319,False
06037132700,132700,SPA 2 - San Fernando,2,District 3,4890,937,0.19161554192229038,81625.0,1696,False
06037132900,132900,SPA 2 - San Fernando,2,District 3,3877,340,0.08769667268506577,102825.0,1305,False
06037133000,133000,SPA 2 - San Fernando,2,District 3,4032,538,0.13343253968253968,100385.0,1386,False
06037133101,133101,SPA 2 - San Fernando,2,District 3,1709,76,0.044470450555880635,109211.0,634,False
06037133102,133102,SPA 2 - San Fernando,2,District 3,3774,621,0.16454689984101747,60741.0,1310,False
06037134001,134001,SPA 2 - San Fernando,2,District 3,3455,383,0.11085383502170768,90625.0,907,False
06037134002,134002,SPA 2 - San Fernando,2,District 3,4022,881,0.21904525111884635,72901.0,1217,False
06037134101,134101,SPA 2 - San Fernando,2,District 3,4646,1138,0.2449418854928971,92130.0,1378,False
06037134103,134103,SPA 2 - San Fernando,2,District 3,4080,1318,0.32303921568627453,78750.0,1314,True
06037134104,134104,SPA 2 - San Fernando,2,District 3,4016,717,0.1785358565737052,72866.0,1325,False
06037134201,134201,SPA 2 - San Fernando,2,District 3,4059,309,0.07612712490761271,99545.0,1302,False
06037134302,134302,SPA 2 - San Fernando,2,District 3,4402,609,0.13834620626987734,124779.0,1403,False
06037134303,134303,SPA 2 - San Fernando,2,District 3,5341,386,0.07227111027897397,109063.0,1939,False
06037134304,134304,SPA 2 - San Fernando,2,District 3,2667,353,0.13235845519310085,75104.0,919,False
06037134305,134305,SPA 2 - San Fernando,2,District 3,3693,605,0.16382344976983482,55042.0,1197,False
06037134306,134306,SPA 2 - San Fernando,2,District 3,3565,468,0.13127629733520338,53170.0,1422,False
06037134421,134421,SPA 2 - San Fernando,2,District 3,4401,149,0.033855941831401955,145048.0,1582,False
06037134422,134422,SPA 2 - San Fernando,2,District 3,5079,254,0.05000984445757039,168889.0,1632,False
06037134423,134423,SPA 2 - San Fernando,2,District 3,3417,367,0.10740415569212759,134018.0,1341,False
06037134424,134424,SPA 2 - San Fernando,2,District 3,2803,148,0.05280057081698181,153946.0,1049,False
06037134520,134520,SPA 2 - San Fernando,2,District 3,5178,1119,0.2161066048667439,55271.0,1994,False
06037134521,134521,SPA 2 - San Fernando,2,District 3,2703,769,0.2844987051424343,53413.0,763,True
06037134522,134522,SPA 2 - San Fernando,2,District 3,4521,1053,0.23291307232913072,56402.0,1434,False
06037134710,134710,SPA 2 - San Fernando,2,District 3,5282,1581,0.29931843998485425,54715.0,1578,True
06037134720,134720,SPA 2 - San Fernando,2,District 3,5545,733,0.1321911632100992,103553.0,1780,False
06037134801,134801,SPA 2 - San Fernando,2,District 3,2933,455,0.15513126491646778,94559.0,1132,False
06037134802,134802,SPA 2 - San Fernando,2,District 3,3116,981,0.31482670089858794,80547.0,872,True
06037134901,134901,SPA 2 - San Fernando,2,District 3,2469,200,0.08100445524503848,82435.0,1009,False
06037134904,134904,SPA 2 - San Fernando,2,District 3,4861,591,0.1215799218267846,98173.0,1442,False
06037134905,134905,SPA 2 - San Fernando,2,District 3,6046,996,0.16473701620906384,101628.0,3012,False
06037134906,134906,SPA 2 - San Fernando,2,District 3,2933,418,0.14251619502216162,86275.0,1146,False
06037134907,134907,SPA 2 - San Fernando,2,District 3,3806,962,0.2527588018917499,92020.0,1910,True
06037135102,135102,SPA 2 - San Fernando,2,District 3,3845,340,0.08842652795838751,154070.0,1284,False
06037135111,135111,SPA 2 - San Fernando,2,District 3,3807,317,0.08326766482794852,101157.0,1242,False
06037135113,135113,SPA 2 - San Fernando,2,District 3,2980,439,0.14731543624161073,112552.0,1333,False
06037135115,135115,SPA 2 - San Fernando,2,District 3,3904,219,0.05609631147540984,100108.0,1679,False
06037135116,135116,SPA 2 - San Fernando,2,District 3,1507,268,0.17783676177836763,58750.0,1039,False
06037135201,135201,SPA 2 - San Fernando,2,District 3,2936,443,0.15088555858310626,127917.0,870,False
06037135202,135202,SPA 2 - San Fernando,2,District 3,4745,419,0.08830347734457324,133839.0,1525,False
06037135204,135204,SPA 2 - San Fernando,2,District 3,4665,203,0.043515541264737403,128359.0,1679,False
06037135205,135205,SPA 2 - San Fernando,2,District 3,1874,170,0.09071504802561366,117031.0,770,False
06037137000,137000,SPA 2 - San Fernando,2,District 3,4815,332,0.06895119418483904,125938.0,1734,False
06037137103,137103,SPA 2 - San Fernando,2,District 3,5100,902,0.1768627450980392,85234.0,2468,False
06037137104,137104,SPA 2 - San Fernando,2,District 3,2233,230,0.10300044782803404,107153.0,983,False
06037137202,137202,SPA 2 - San Fernando,2,District 3,3342,454,0.13584679832435667,69526.0,1392,False
06037137203,137203,SPA 2 - San Fernando,2,District 3,2588,249,0.09621329211746522,149519.0,804,False
06037137301,137301,SPA 2 - San Fernando,2,District 3,2182,33,0.015123739688359304,188857.0,768,False
06037137302,137302,SPA 2 - San Fernando,2,District 3,4564,400,0.0876424189307625,176523.0,1556,False
06037137401,137401,SPA 2 - San Fernando,2,District 3,4596,394,0.08572671888598782,146406.0,1690,False
06037137402,137402,SPA 2 - San Fernando,2,District 3,5821,195,0.03349939872874077,143672.0,2069,False
06037137501,137501,SPA 2 - San Fernando,2,District 3,5478,806,0.1471339905074845,98555.0,1981,False
06037137502,137502,SPA 2 - San Fernando,2,District 3,4450,153,0.03438202247191011,144450.0,1751,False
06037137504,137504,SPA 2 - San Fernando,2,District 3,1889,70,0.037056643726839596,208750.0,666,False
06037138000,138000,SPA 2 - San Fernando,2,District 3,4777,157,0.032865815365292025,139855.0,1867,False
06037139001,139001,SPA 2 - San Fernando,2,District 3,5515,470,0.08522212148685404,113972.0,2275,False
06037139200,139200,SPA 2 - San Fernando,2,District 3,5758,427,0.07415769364362626,96690.0,2310,False
06037139301,139301,SPA 2 - San Fernando,2,District 3,4040,221,0.0547029702970297,162708.0,1476,False
06037139302,139302,SPA 2 - San Fernando,2,District 3,5001,854,0.17076584683063387,82066.0,2031,False
06037139303,139303,SPA 2 - San Fernando,2,District 3,4644,323,0.06955211024978467,67891.0,2250,False
06037139401,139401,SPA 2 - San Fernando,2,District 3,2431,162,0.06663924310983134,81815.0,1118,False
06037139402,139402,SPA 2 - San Fernando,2,District 3,2832,320,0.11299435028248588,159926.0,955,False
06037139502,139502,SPA 2 - San Fernando,2,District 3,3315,186,0.056108597285067875,126875.0,1177,False
06037139504,139504,SPA 2 - San Fernando,2,District 3,3764,581,0.15435706695005313,59178.0,1827,False
06037139505,139505,SPA 2 - San Fernando,2,District 3,2512,530,0.21098726114649682,44913.0,1544,False
06037139506,139506,SPA 2 - San Fernando,2,District 3,3109,171,0.055001608234158894,58295.0,1503,False
06037139600,139600,SPA 2 - San Fernando,2,District 3,5164,357,0.06913245546088304,90900.0,2320,False
06037139701,139701,SPA 2 - San Fernando,2,District 3,5609,686,0.1223034408985559,183688.0,2171,False
06037139703,139703,SPA 2 - San Fernando,2,District 3,2552,60,0.023510971786833857,240083.0,925,False
06037139704,139704,SPA 2 - San Fernando,2,District 3,2871,195,0.06792058516196448,136913.0,1028,False
06037139705,139705,SPA 2 - San Fernando,2,District 3,4011,80,0.01994515083520319,250001.0,1302,False
06037139801,139801,SPA 2 - San Fernando,2,District 3,3514,230,0.06545247581104155,205000.0,1234,False
06037139802,139802,SPA 2 - San Fernando,2,District 3,3832,145,0.037839248434238,229792.0,1400,False
06037141101,141101,SPA 2 - San Fernando,2,District 3,4691,340,0.07247921551907908,85000.0,2352,False
06037141102,141102,SPA 2 - San Fernando,2,District 3,2959,204,0.06894221020615073,114009.0,1398,False
06037141201,141201,SPA 2 - San Fernando,2,District 3,3941,382,0.09692971327074347,95735.0,2238,False
06037141202,141202,SPA 2 - San Fernando,2,District 3,3111,195,0.0626808100289296,109297.0,1466,False
06037141303,141303,SPA 2 - San Fernando,2,District 3,3055,458,0.14991816693944354,85878.0,1576,False
06037141304,141304,SPA 2 - San Fernando,2,District 3,2947,316,0.10722768917543264,112781.0,1471,False
06037141305,141305,SPA 2 - San Fernando,2,District 3,2913,288,0.09886714727085479,108036.0,1356,False
06037141306,141306,SPA 2 - San Fernando,2,District 3,3222,50,0.015518311607697082,102917.0,1551,False
06037141400,141400,SPA 2 - San Fernando,2,District 3,4987,443,0.08883096049729296,109961.0,2004,False
06037141500,141500,SPA 2 - San Fernando,2,District 3,2887,78,0.027017665396605474,215272.0,1133,False
06037141600,141600,SPA 2 - San Fernando,2,District 3,4035,250,0.061957868649318466,207841.0,1821,False
06037141700,141700,SPA 2 - San Fernando,2,District 3,3086,41,0.013285806869734284,250001.0,1203,False
06037143101,143101,SPA 2 - San Fernando,2,District 5,2216,56,0.02527075812274368,105254.0,1100,False
06037143102,143102,SPA 2 - San Fernando,2,District 5,2174,161,0.07405703771849126,107647.0,1192,False
06037143200,143200,SPA 2 - San Fernando,2,District 5,4215,335,0.07947805456702253,86250.0,2114,False
06037143301,143301,SPA 2 - San Fernando,2,District 5,3273,244,0.07454934311029636,95234.0,1583,False
06037143302,143302,SPA 2 - San Fernando,2,District 5,3301,220,0.06664647076643442,115875.0,1637,False
06037143401,143401,SPA 2 - San Fernando,2,District 3,5300,395,0.07452830188679245,114750.0,2337,False
06037143402,143402,SPA 2 - San Fernando,2,District 5,1959,33,0.016845329249617153,127083.0,791,False
06037143500,143500,SPA 2 - San Fernando,2,District 3,5325,199,0.03737089201877934,156825.0,2452,False
06037143602,143602,SPA 2 - San Fernando,2,District 5,4554,581,0.12758014931927975,105542.0,2337,False
06037143603,143603,SPA 2 - San Fernando,2,District 5,2452,247,0.10073409461663947,92663.0,1375,False
06037143605,143605,SPA 2 - San Fernando,2,District 5,1899,191,0.10057925223802001,112716.0,973,False
06037143606,143606,SPA 2 - San Fernando,2,District 5,1759,196,0.1114269471290506,99750.0,1031,False
06037143700,143700,SPA 2 - San Fernando,2,District 5,3380,218,0.06449704142011835,176534.0,1786,False
06037143801,143801,SPA 2 - San Fernando,2,District 5,3201,244,0.07622617931896282,169097.0,1404,False
06037143802,143802,SPA 2 - San Fernando,2,District 5,2273,136,0.05983282006159261,156439.0,1057,False
06037143901,143901,SPA 2 - San Fernando,2,District 3,4046,129,0.03188334157192289,206509.0,1655,False
06037143902,143902,SPA 2 - San Fernando,2,District 3,3167,325,0.10262077676034102,155045.0,1415,False
06037181000,181000,SPA 4 - Metro,4,District 1,5516,450,0.08158085569253082,142943.0,2105,False
06037181300,181300,SPA 4 - Metro,4,District 1,4053,266,0.06563039723661486,145125.0,1326,False
06037181400,181400,SPA 4 - Metro,4,District 1,4366,304,0.06962895098488318,105968.0,1658,False
06037181500,181500,SPA 4 - Metro,4,District 1,4014,569,0.14175386148480318,125602.0,1346,False
06037181600,181600,SPA 4 - Metro,4,District 1,2624,122,0.04649390243902439,109688.0,1088,False
06037183101,183101,SPA 4 - Metro,4,District 1,2962,498,0.16812964213369344,91853.0,1201,False
06037183103,183103,SPA 4 - Metro,4,District 1,4370,381,0.08718535469107551,98633.0,1663,False
06037183104,183104,SPA 4 - Metro,4,District 1,1929,204,0.1057542768273717,101563.0,783,False
06037183220,183220,SPA 4 - Metro,4,District 1,2845,193,0.06783831282952549,126000.0,1070,False
06037183221,183221,SPA 4 - Metro,4,District 1,3147,326,0.10359072132189387,112574.0,1126,False
06037183222,183222,SPA 4 - Metro,4,District 1,3444,383,0.11120789779326365,97361.0,1499,False
06037183300,183300,SPA 4 - Metro,4,District 1,3128,249,0.07960358056265984,91638.0,1084,False
06037183401,183401,SPA 4 - Metro,4,District 1,2566,315,0.12275915822291504,105701.0,827,False
06037183402,183402,SPA 4 - Metro,4,District 1,3064,352,0.11488250652741515,105000.0,1100,False
06037183510,183510,SPA 4 - Metro,4,District 1,2430,140,0.05761316872427984,109250.0,782,False
06037183520,183520,SPA 4 - Metro,4,District 1,3430,479,0.13965014577259474,67048.0,1143,False
06037183610,183610,SPA 4 - Metro,4,District 1,2823,490,0.17357421183138505,79955.0,964,False
06037183620,183620,SPA 4 - Metro,4,District 1,3062,392,0.1280209013716525,108256.0,1060,False
06037183701,183701,SPA 4 - Metro,4,District 1,3445,490,0.14223512336719885,77865.0,1304,False
06037183702,183702,SPA 4 - Metro,4,District 1,2991,123,0.041123370110330994,103026.0,1086,False
06037183810,183810,SPA 4 - Metro,4,District 1,4139,869,0.2099540951920754,89137.0,1547,False
06037183820,183820,SPA 4 - Metro,4,District 1,3561,308,0.08649255827014883,79543.0,1321,False
06037185101,185101,SPA 4 - Metro,4,District 1,2355,68,0.028874734607218684,82521.0,1037,False
06037185102,185102,SPA 4 - Metro,4,District 1,3503,306,0.08735369683128746,135506.0,1443,False
06037185202,185202,SPA 4 - Metro,4,District 1,4099,280,0.06830934374237618,117667.0,1562,False
06037185203,185203,SPA 4 - Metro,4,District 1,2497,329,0.131758109731678,84485.0,851,False
06037185204,185204,SPA 4 - Metro,4,District 1,1888,286,0.15148305084745764,123500.0,722,False
06037185310,185310,SPA 4 - Metro,4,District 1,2864,574,0.20041899441340782,78438.0,869,False
06037185320,185320,SPA 4 - Metro,4,District 1,2843,660,0.2321491382342596,59309.0,955,False
06037186100,186100,SPA 4 - Metro,4,District 1,4631,227,0.049017490822716475,102429.0,1862,False
06037186201,186201,SPA 4 - Metro,4,District 1,3342,386,0.11549970077797726,82055.0,1312,False
06037186202,186202,SPA 4 - Metro,4,District 1,1808,255,0.14103982300884957,97083.0,760,False
06037186203,186203,SPA 4 - Metro,4,District 1,2753,240,0.08717762440973484,147833.0,1056,False
06037186301,186301,SPA 4 - Metro,4,District 1,2675,532,0.1988785046728972,71518.0,876,False
06037186302,186302,SPA 4 - Metro,4,District 1,4719,308,0.06526806526806526,89880.0,1902,False
06037186401,186401,SPA 4 - Metro,4,District 1,2948,652,0.22116689280868385,61250.0,868,False
06037186403,186403,SPA 4 - Metro,4,District 1,2524,228,0.09033280507131537,95875.0,767,False
06037186404,186404,SPA 4 - Metro,4,District 1,2528,649,0.2567246835443038,85417.0,776,True
06037187101,187101,SPA 4 - Metro,4,District 1,3086,181,0.05865197666882696,91417.0,1270,False
06037187102,187102,SPA 4 - Metro,4,District 1,4494,917,0.20404984423676012,72760.0,1613,False
06037187200,187200,SPA 4 - Metro,4,District 1,2908,259,0.0890646492434663,93521.0,1075,False
06037187300,187300,SPA 4 - Metro,4,District 1,3820,296,0.0774869109947644,115000.0,1642,False
06037188100,188100,SPA 4 - Metro,4,District 1,3735,555,0.14859437751004015,81283.0,1909,False
06037188201,188201,SPA 4 - Metro,4,District 5,2834,363,0.12808750882145378,94063.0,1653,False
06037188202,188202,SPA 4 - Metro,4,District 5,3043,199,0.06539599079855406,192140.0,1299,False
06037188300,188300,SPA 4 - Metro,4,District 1,3227,175,0.05422993492407809,124728.0,1354,False
06037189101,189101,SPA 4 - Metro,4,District 5,2461,189,0.07679804957334417,104003.0,1259,False
06037189102,189102,SPA 4 - Metro,4,District 5,3797,267,0.07031867263629181,116402.0,1949,False
06037189201,189201,SPA 4 - Metro,4,District 5,2779,466,0.16768621806405182,72625.0,1759,False
06037189202,189202,SPA 4 - Metro,4,District 5,3155,172,0.05451664025356577,161354.0,1415,False
06037189300,189300,SPA 4 - Metro,4,District 5,2737,353,0.1289733284618195,182614.0,1348,False
06037189400,189400,SPA 4 - Metro,4,District 5,3009,294,0.09770687936191426,138444.0,1600,False
06037189501,189501,SPA 4 - Metro,4,District 5,2214,255,0.11517615176151762,86563.0,1490,False
06037189502,189502,SPA 4 - Metro,4,District 5,1842,402,0.2182410423452769,55202.0,1283,False
06037189600,189600,SPA 4 - Metro,4,District 5,3658,336,0.09185347184253691,96755.0,2044,False
06037189702,189702,SPA 4 - Metro,4,District 5,2382,206,0.08648194794290512,84286.0,1476,False
06037189703,189703,SPA 4 - Metro,4,District 5,1993,148,0.07425990968389362,100903.0,1055,False
06037189704,189704,SPA 4 - Metro,4,District 5,2099,288,0.13720819437827536,164233.0,977,False
06037189801,189801,SPA 4 - Metro,4,District 3,2192,129,0.05885036496350365,77386.0,1499,False
06037189802,189802,SPA 4 - Metro,4,District 3,1979,283,0.14300151591712987,120694.0,1056,False
06037189903,189903,SPA 4 - Metro,4,District 3,2191,149,0.06800547695116385,94250.0,1647,False
06037189904,189904,SPA 4 - Metro,4,District 3,2428,536,0.22075782537067545,70094.0,1553,False
06037189905,189905,SPA 4 - Metro,4,District 3,2406,347,0.14422277639235245,80000.0,1424,False
06037189906,189906,SPA 4 - Metro,4,District 3,2491,310,0.12444801284624649,97104.0,1537,False
06037189907,189907,SPA 4 - Metro,4,District 3,2543,176,0.06920959496657492,93470.0,1399,False
06037190101,190101,SPA 4 - Metro,4,District 3,1597,495,0.30995616781465246,42458.0,1200,True
06037190102,190102,SPA 4 - Metro,4,District 3,2208,286,0.12952898550724637,79491.0,1333,False
06037190201,190201,SPA 4 - Metro,4,District 3,3234,430,0.13296227581941866,47477.0,1567,False
06037190202,190202,SPA 4 - Metro,4,District 3,2720,643,0.2363970588235294,46848.0,2086,False
06037190302,190302,SPA 4 - Metro,4,District 3,2708,383,0.14143279172821271,66894.0,1194,False
06037190303,190303,SPA 4 - Metro,4,District 3,2496,575,0.23036858974358973,,1589,False
06037190401,190401,SPA 4 - Metro,4,District 1,2738,275,0.10043827611395179,59192.0,1626,False
06037190402,190402,SPA 4 - Metro,4,District 1,2407,410,0.1703365184877441,64679.0,1184,False
06037190510,190510,SPA 4 - Metro,4,District 3,3846,1204,0.313052522100884,52989.0,1725,True
06037190520,190520,SPA 4 - Metro,4,District 1,3462,760,0.219526285384171,55026.0,1526,False
06037190701,190701,SPA 4 - Metro,4,District 3,1643,468,0.28484479610468655,52321.0,791,True
06037190702,190702,SPA 4 - Metro,4,District 3,1412,140,0.09915014164305949,71221.0,846,False
06037190801,190801,SPA 4 - Metro,4,District 3,2826,784,0.2774239207360226,44207.0,1466,True
06037190802,190802,SPA 4 - Metro,4,District 3,2922,603,0.20636550308008214,76806.0,1663,False
06037190901,190901,SPA 4 - Metro,4,District 3,3389,1015,0.2994983771023901,43667.0,1230,True
06037190902,190902,SPA 4 - Metro,4,District 3,3897,638,0.16371567872722606,71354.0,1674,False
06037191000,191000,SPA 4 - Metro,4,District 3,5335,677,0.12689784442361762,66101.0,3247,False
06037191110,191110,SPA 4 - Metro,4,District 1,3585,1497,0.4175732217573222,58482.0,1103,True
06037191120,191120,SPA 4 - Metro,4,District 1,3553,599,0.16858992400788067,50733.0,1569,False
06037191201,191201,SPA 4 - Metro,4,District 1,5521,1416,0.2564752762180764,43651.0,1656,True
06037191203,191203,SPA 4 - Metro,4,District 1,2010,699,0.34776119402985073,46500.0,968,True
06037191204,191204,SPA 4 - Metro,4,District 1,1522,304,0.19973718791064388,70525.0,713,False
06037191301,191301,SPA 4 - Metro,4,District 1,2077,408,0.19643716899374097,80086.0,958,False
06037191302,191302,SPA 4 - Metro,4,District 1,1754,215,0.1225769669327252,65598.0,919,False
06037191410,191410,SPA 4 - Metro,4,District 1,3231,887,0.27452800990405446,53699.0,1363,True
06037191420,191420,SPA 4 - Metro,4,District 1,3065,380,0.12398042414355628,72574.0,1049,False
06037191500,191500,SPA 4 - Metro,4,District 1,5489,1194,0.21752596101293495,66961.0,1884,False
06037191610,191610,SPA 4 - Metro,4,District 3,3653,782,0.21407062688201478,52354.0,1417,False
06037191620,191620,SPA 4 - Metro,4,District 3,2627,653,0.24857251617815,59896.0,933,False
06037191710,191710,SPA 4 - Metro,4,District 3,2569,777,0.3024523160762943,29387.0,1211,True
06037191720,191720,SPA 4 - Metro,4,District 3,3390,529,0.15604719764011798,48750.0,1402,False
06037191810,191810,SPA 4 - Metro,4,District 3,2780,288,0.10359712230215827,67321.0,1237,False
06037191820,191820,SPA 4 - Metro,4,District 3,3777,491,0.12999735239608154,73884.0,1967,False
06037191901,191901,SPA 4 - Metro,4,District 3,4307,848,0.1968887856977014,67442.0,2452,False
06037191902,191902,SPA 4 - Metro,4,District 3,2813,370,0.13153217205830076,87750.0,1532,False
06037192001,192001,SPA 4 - Metro,4,District 3,1998,366,0.1831831831831832,108650.0,1085,False
06037192002,192002,SPA 4 - Metro,4,District 3,2598,228,0.08775981524249422,122143.0,1408,False
06037192300,192300,SPA 4 - Metro,4,District 3,2640,323,0.12234848484848485,78979.0,1501,False
06037192410,192410,SPA 4 - Metro,4,District 3,4285,274,0.06394399066511085,126250.0,1949,False
06037192420,192420,SPA 4 - Metro,4,District 3,3360,544,0.1619047619047619,68057.0,1409,False
06037192510,192510,SPA 4 - Metro,4,District 3,3915,745,0.19029374201787994,64643.0,1268,False
06037192520,192520,SPA 4 - Metro,4,District 3,4884,1047,0.21437346437346438,62591.0,1631,False
06037192610,192610,SPA 4 - Metro,4,District 3,4103,1065,0.25956617109432123,48558.0,1535,True
06037192620,192620,SPA 4 - Metro,4,District 3,3362,917,0.2727543129089827,52614.0,1200,True
06037192700,192700,SPA 4 - Metro,4,District 1,3065,579,0.18890701468189233,58202.0,1243,False
06037194101,194101,SPA 4 - Metro,4,District 3,3273,276,0.0843263061411549,97384.0,1828,False
06037194102,194102,SPA 4 - Metro,4,District 3,2504,240,0.09584664536741214,177697.0,1223,False
06037194200,194200,SPA 4 - Metro,4,District 3,3311,68,0.02053760193295077,178532.0,1644,False
06037194300,194300,SPA 4 - Metro,4,District 3,2887,225,0.07793557325943887,228462.0,1394,False
06037194401,194401,SPA 4 - Metro,4,District 3,2457,239,0.09727309727309727,102634.0,1485,False
06037194402,194402,SPA 4 - Metro,4,District 3,3071,326,0.10615434711820254,114366.0,2216,False
06037194500,194500,SPA 4 - Metro,4,District 3,2049,136,0.06637384089799903,108125.0,1011,False
06037195100,195100,SPA 4 - Metro,4,District 1,4761,256,0.05377021634110481,162066.0,2233,False
06037195201,195201,SPA 4 - Metro,4,District 1,2813,279,0.09918236757909706,118455.0,1610,False
06037195202,195202,SPA 4 - Metro,4,District 1,3349,220,0.06569125111973724,166016.0,1469,False
06037195300,195300,SPA 4 - Metro,4,District 1,2976,429,0.14415322580645162,95385.0,1510,False
06037195400,195400,SPA 4 - Metro,4,District 1,4343,365,0.08404328804973521,120000.0,2318,False
06037195500,195500,SPA 4 - Metro,4,District 1,5118,338,0.06604142243063697,120909.0,2484,False
06037195600,195600,SPA 4 - Metro,4,District 1,2795,650,0.23255813953488372,80417.0,1178,False
06037195710,195710,SPA 4 - Metro,4,District 1,4127,1276,0.3091834262175915,63704.0,1494,True
06037195720,195720,SPA 4 - Metro,4,District 1,1694,211,0.12455726092089728,76696.0,863,False
06037195802,195802,SPA 4 - Metro,4,District 1,2859,429,0.15005246589716684,89890.0,1091,False
06037195803,195803,SPA 4 - Metro,4,District 1,2328,294,0.12628865979381443,89962.0,1081,False
06037195804,195804,SPA 4 - Metro,4,District 1,2555,269,0.10528375733855186,98472.0,1082,False
06037195901,195901,SPA 4 - Metro,4,District 1,2513,383,0.1524074810982889,90417.0,1189,False
06037195902,195902,SPA 4 - Metro,4,District 1,1847,84,0.04547915538711424,133542.0,1028,False
06037195903,195903,SPA 4 - Metro,4,District 1,1970,240,0.1218274111675127,90603.0,870,False
06037197200,197200,SPA 4 - Metro,4,District 1,3620,160,0.04419889502762431,98053.0,1165,False
06037197300,197300,SPA 4 - Metro,4,District 1,3734,211,0.05650776647027317,105690.0,1824,False
06037197410,197410,SPA 4 - Metro,4,District 1,3805,239,0.06281208935611038,97480.0,1701,False
06037197420,197420,SPA 4 - Metro,4,District 1,3486,320,0.09179575444635686,101071.0,1610,False
06037197500,197500,SPA 4 - Metro,4,District 1,3991,670,0.1678777248809822,83167.0,1800,False
06037197600,197600,SPA 4 - Metro,4,District 1,2080,614,0.2951923076923077,90192.0,900,True
06037197700,197700,SPA 4 - Metro,4,District 1,4770,800,0.16771488469601678,61507.0,2191,False
06037199001,199001,SPA 4 - Metro,4,District 1,2307,564,0.2444733420026008,51917.0,699,False
06037199002,199002,SPA 4 - Metro,4,District 1,2866,397,0.13852058618283322,70519.0,1136,False
06037199110,199110,SPA 4 - Metro,4,District 1,2369,356,0.1502743773744196,73500.0,782,False
06037199120,199120,SPA 4 - Metro,4,District 1,3375,1133,0.3357037037037037,41850.0,1103,True
06037199201,199201,SPA 4 - Metro,4,District 1,3592,826,0.2299554565701559,64167.0,1190,False
06037199202,199202,SPA 4 - Metro,4,District 1,2443,367,0.15022513303315596,98083.0,893,False
06037199300,199300,SPA 4 - Metro,4,District 1,3808,452,0.11869747899159663,102408.0,1317,False
06037199400,199400,SPA 4 - Metro,4,District 1,4373,1332,0.30459638691973473,55573.0,1501,True
06037199700,199700,SPA 4 - Metro,4,District 1,2914,525,0.18016472203157172,52577.0,1268,False
06037199801,199801,SPA 4 - Metro,4,District 1,3837,666,0.17357310398749023,68661.0,897,False
06037199802,199802,SPA 4 - Metro,4,District 1,1975,259,0.1311392405063291,59219.0,595,False
06037199900,199900,SPA 4 - Metro,4,District 1,2291,484,0.2112614578786556,41563.0,879,False
06037201110,201110,SPA 4 - Metro,4,District 1,2279,203,0.08907415533128565,97664.0,755,False
06037201120,201120,SPA 4 - Metro,4,District 1,3834,521,0.13588941053729786,89944.0,1306,False
06037201200,201200,SPA 4 - Metro,4,District 1,2677,319,0.1191632424355622,93309.0,765,False
06037201301,201301,SPA 4 - Metro,4,District 1,3261,508,0.1557804354492487,94926.0,1073,False
06037201302,201302,SPA 4 - Metro,4,District 1,4080,280,0.06862745098039216,118831.0,1951,False
06037201401,201401,SPA 4 - Metro,4,District 1,4162,1182,0.28399807784718883,55313.0,1321,True
06037201402,201402,SPA 4 - Metro,4,District 1,4073,565,0.1387183893935674,78750.0,1398,False
06037201501,201501,SPA 4 - Metro,4,District 1,5415,710,0.13111726685133887,90074.0,1563,False
06037201503,201503,SPA 4 - Metro,4,District 1,3096,263,0.0849483204134367,70778.0,950,False
06037201504,201504,SPA 4 - Metro,4,District 1,2047,277,0.1353199804592086,104750.0,583,False
06037201601,201601,SPA 4 - Metro,4,District 1,2310,427,0.18484848484848485,68594.0,690,False
06037201602,201602,SPA 4 - Metro,4,District 1,2753,275,0.09989102796948783,90114.0,733,False
06037201700,201700,SPA 4 - Metro,4,District 1,4167,451,0.10823134149268059,78088.0,1492,False
06037203100,203100,SPA 4 - Metro,4,District 1,4231,812,0.1919168045379343,58995.0,1267,False
06037203200,203200,SPA 4 - Metro,4,District 1,4973,1387,0.278906092901669,58199.0,1262,True
06037203300,203300,SPA 4 - Metro,4,District 1,1496,550,0.36764705882352944,42066.0,515,True
06037203500,203500,SPA 4 - Metro,4,District 1,2819,734,0.2603760198652004,54250.0,925,True
06037203601,203601,SPA 4 - Metro,4,District 1,2613,706,0.2701875239188672,38798.0,827,True
06037203602,203602,SPA 4 - Metro,4,District 1,1964,480,0.24439918533604887,74536.0,555,False
06037203710,203710,SPA 4 - Metro,4,District 1,3435,747,0.21746724890829694,78333.0,824,False
06037203720,203720,SPA 4 - Metro,4,District 1,3556,877,0.2466254218222722,70833.0,986,False
06037203800,203800,SPA 4 - Metro,4,District 1,4817,1033,0.21444882707079094,64792.0,1260,False
06037203900,203900,SPA 4 - Metro,4,District 1,2712,551,0.20317109144542772,78750.0,678,False
06037204110,204110,SPA 4 - Metro,4,District 1,2863,861,0.30073349633251834,67813.0,816,True
06037204120,204120,SPA 4 - Metro,4,District 1,2480,181,0.07298387096774193,86850.0,695,False
06037204200,204200,SPA 4 - Metro,4,District 1,3284,1025,0.31211936662606576,46646.0,1031,True
06037204300,204300,SPA 4 - Metro,4,District 1,4780,1107,0.23158995815899583,55119.0,1368,False
06037204410,204410,SPA 4 - Metro,4,District 1,2467,658,0.2667207134171058,,666,True
06037204420,204420,SPA 4 - Metro,4,District 1,3091,995,0.32190229699126494,56481.0,868,True
06037204600,204600,SPA 4 - Metro,4,District 1,3908,792,0.20266120777891505,52750.0,1112,False
06037204700,204700,SPA 4 - Metro,4,District 1,4472,1047,0.23412343470483005,75156.0,1218,False
06037204810,204810,SPA 4 - Metro,4,District 1,4932,839,0.17011354420113545,56756.0,1369,False
06037204820,204820,SPA 4 - Metro,4,District 1,2066,276,0.1335914811229429,64336.0,541,False
06037204910,204910,SPA 4 - Metro,4,District 1,3356,874,0.26042908224076283,49407.0,943,True
06037204920,204920,SPA 4 - Metro,4,District 1,2457,371,0.150997150997151,70500.0,674,False
06037205110,205110,SPA 4 - Metro,4,District 1,3690,894,0.24227642276422764,52262.0,866,False
06037205120,205120,SPA 4 - Metro,4,District 1,3409,1227,0.3599295981226166,28516.0,935,True
06037206010,206010,SPA 4 - Metro,4,District 1,3490,893,0.2558739255014327,60703.0,1497,True
06037206020,206020,SPA 4 - Metro,4,District 1,440,57,0.12954545454545455,148661.0,245,False
06037206050,206050,SPA 4 - Metro,4,District 1,2171,407,0.18747121142330722,48491.0,753,False
06037206051,206051,SPA 4 - Metro,4,District 1,1535,68,0.04429967426710098,156250.0,1011,False
06037206052,206052,SPA 4 - Metro,4,District 1,3153,408,0.12940057088487156,107208.0,1865,False
06037206053,206053,SPA 4 - Metro,4,District 1,2853,784,0.27479845776375744,43795.0,1077,True
06037206054,206054,SPA 4 - Metro,4,District 1,2452,1002,0.4086460032626427,43125.0,629,True
06037206201,206201,SPA 4 - Metro,4,District 1,2127,502,0.23601316408086506,53431.0,1229,False
06037206202,206202,SPA 4 - Metro,4,District 1,1708,721,0.42213114754098363,22668.0,1136,True
06037206301,206301,SPA 4 - Metro,4,District 1,1991,1473,0.7398292315419387,13831.0,1220,True
06037206302,206302,SPA 4 - Metro,4,District 1,1904,1285,0.6748949579831933,7000.0,660,True
06037206303,206303,SPA 4 - Metro,4,District 1,2397,1781,0.7430120984564038,11542.0,550,True
06037207101,207101,SPA 4 - Metro,4,District 1,3852,1017,0.26401869158878505,71776.0,1774,True
06037207102,207102,SPA 4 - Metro,4,District 1,3340,784,0.2347305389221557,60227.0,1582,False
06037207103,207103,SPA 4 - Metro,4,District 1,2097,542,0.25846447305674775,41944.0,868,True
06037207303,207303,SPA 4 - Metro,4,District 1,2359,543,0.2301822806273845,33158.0,1858,False
06037207304,207304,SPA 4 - Metro,4,District 1,2358,1033,0.43808312128922816,13735.0,1664,True
06037207305,207305,SPA 4 - Metro,4,District 1,959,96,0.10010427528675704,64196.0,717,False
06037207306,207306,SPA 4 - Metro,4,District 1,2166,448,0.20683287165281625,48897.0,1682,False
06037207307,207307,SPA 4 - Metro,4,District 1,1406,630,0.4480796586059744,,1082,True
06037207308,207308,SPA 4 - Metro,4,District 1,1229,112,0.09113100081366965,96098.0,762,False
06037207400,207400,SPA 4 - Metro,4,District 1,1683,478,0.28401663695781343,85455.0,858,True
06037207501,207501,SPA 4 - Metro,4,District 1,2106,232,0.11016144349477683,125833.0,1306,False
06037207502,207502,SPA 4 - Metro,4,District 1,3906,1580,0.40450588837685614,20202.0,2563,True
06037207711,207711,SPA 4 - Metro,4,District 1,2627,203,0.0772744575561477,141364.0,1836,False
06037207712,207712,SPA 4 - Metro,4,District 1,4925,1196,0.24284263959390862,87687.0,3163,False
06037207901,207901,SPA 4 - Metro,4,District 1,3801,1172,0.3083399105498553,71726.0,2589,True
06037207902,207902,SPA 4 - Metro,4,District 1,7325,1537,0.20982935153583618,106304.0,4752,False
06037208001,208001,SPA 4 - Metro,4,District 1,2581,459,0.17783804726850058,90564.0,1263,False
06037208002,208002,SPA 4 - Metro,4,District 1,4041,1242,0.30734966592427615,68105.0,1271,True
06037208301,208301,SPA 4 - Metro,4,District 1,1693,657,0.3880685174246899,42548.0,551,True
06037208302,208302,SPA 4 - Metro,4,District 1,4715,1200,0.2545068928950159,60660.0,1749,True
06037208401,208401,SPA 4 - Metro,4,District 1,3826,796,0.20805018295870362,41620.0,1345,False
06037208402,208402,SPA 4 - Metro,4,District 1,2497,423,0.16940328394072887,78594.0,882,False
06037208501,208501,SPA 4 - Metro,4,District 1,2455,423,0.17230142566191445,85313.0,894,False
06037208502,208502,SPA 4 - Metro,4,District 1,3781,782,0.20682359164242264,49543.0,1423,False
06037208610,208610,SPA 4 - Metro,4,District 1,4277,671,0.1568856675239654,75761.0,1474,False
06037208620,208620,SPA 4 - Metro,4,District 1,3990,645,0.16165413533834586,61947.0,1605,False
06037208710,208710,SPA 4 - Metro,4,District 1,4895,757,0.15464759959141983,63914.0,2074,False
06037208720,208720,SPA 4 - Metro,4,District 1,3406,1069,0.31385789782736345,34791.0,1487,True
06037208801,208801,SPA 4 - Metro,4,District 1,3120,744,0.23846153846153847,40588.0,1364,False
06037208802,208802,SPA 4 - Metro,4,District 1,2772,866,0.3124098124098124,34750.0,1380,True
06037208902,208902,SPA 4 - Metro,4,District 1,2318,1031,0.4447799827437446,37759.0,674,True
06037208903,208903,SPA 4 - Metro,4,District 1,3739,1699,0.4543995720780957,48308.0,1079,True
06037208904,208904,SPA 4 - Metro,4,District 1,3484,1992,0.5717566016073479,26640.0,1367,True
06037209103,209103,SPA 4 - Metro,4,District 1,3226,1498,0.4643521388716677,32550.0,1064,True
06037209104,209104,SPA 4 - Metro,4,District 1,2567,858,0.3342423061940008,39000.0,940,True
06037209105,209105,SPA 4 - Metro,4,District 1,3153,1555,0.4931810973675864,34092.0,1001,True
06037209106,209106,SPA 4 - Metro,4,District 1,2101,643,0.3060447405997144,36411.0,1231,True
06037209201,209201,SPA 4 - Metro,4,District 1,3298,798,0.2419648271679806,73599.0,2061,False
06037209202,209202,SPA 4 - Metro,4,District 1,1410,601,0.42624113475177305,38443.0,520,True
06037209300,209300,SPA 4 - Metro,4,District 1,4934,2380,0.4823672476692339,35446.0,2340,True
06037209401,209401,SPA 4 - Metro,4,District 1,3370,727,0.21572700296735906,32361.0,1547,False
06037209402,209402,SPA 4 - Metro,4,District 1,3933,1144,0.29087210780574624,47783.0,1280,True
06037209403,209403,SPA 4 - Metro,4,District 1,4596,1157,0.25174064403829416,31806.0,1514,True
06037209510,209510,SPA 4 - Metro,4,District 1,2553,693,0.27144535840188017,42639.0,956,True
06037209520,209520,SPA 4 - Metro,4,District 1,2373,742,0.31268436578171094,43266.0,925,True
06037209810,209810,SPA 4 - Metro,4,District 1,2309,826,0.3577306193157211,40574.0,755,True
06037209820,209820,SPA 4 - Metro,4,District 1,2496,427,0.17107371794871795,54722.0,814,False
06037210010,210010,SPA 4 - Metro,4,District 1,3111,1145,0.3680488588878174,25293.0,1223,True
06037211000,211000,SPA 4 - Metro,4,District 2,5311,461,0.08680097909998118,184034.0,2169,False
06037211121,211121,SPA 4 - Metro,4,District 2,2315,506,0.2185745140388769,70167.0,1002,False
06037211122,211122,SPA 4 - Metro,4,District 2,2645,744,0.28128544423440455,48830.0,1201,True
06037211123,211123,SPA 4 - Metro,4,District 2,1816,335,0.1844713656387665,80568.0,1133,False
06037211124,211124,SPA 4 - Metro,4,District 2,4225,573,0.13562130177514792,65000.0,2020,False
06037211201,211201,SPA 4 - Metro,4,District 2,2694,787,0.2921306607275427,62237.0,1104,True
06037211202,211202,SPA 4 - Metro,4,District 2,2222,428,0.1926192619261926,51627.0,1039,False
06037211310,211310,SPA 4 - Metro,4,District 2,3476,941,0.27071346375143845,46966.0,1545,True
06037211320,211320,SPA 4 - Metro,4,District 2,3253,698,0.2145711650783892,50000.0,1198,False
06037211410,211410,SPA 4 - Metro,4,District 2,2846,295,0.10365425158116655,48952.0,1126,False
06037211420,211420,SPA 4 - Metro,4,District 2,3464,635,0.18331408775981525,58835.0,1259,False
06037211500,211500,SPA 4 - Metro,4,District 2,3857,179,0.0464091262639357,89688.0,1867,False
06037211701,211701,SPA 4 - Metro,4,District 2,2781,324,0.11650485436893204,91196.0,1282,False
06037211703,211703,SPA 4 - Metro,4,District 2,4564,599,0.13124452234881684,59840.0,2182,False
06037211704,211704,SPA 4 - Metro,4,District 2,2666,462,0.17329332333083272,54931.0,1652,False
06037211802,211802,SPA 4 - Metro,4,District 2,4446,945,0.2125506072874494,50995.0,2175,False
06037211803,211803,SPA 4 - Metro,4,District 2,3635,588,0.16176066024759284,52370.0,1741,False
06037211804,211804,SPA 4 - Metro,4,District 2,3192,1010,0.31641604010025065,49242.0,1334,True
06037211910,211910,SPA 4 - Metro,4,District 2,3951,644,0.1629967096937484,51895.0,1939,False
06037211921,211921,SPA 4 - Metro,4,District 2,2001,485,0.24237881059470265,42071.0,922,False
06037211922,211922,SPA 4 - Metro,4,District 2,3353,505,0.15061139278258276,51803.0,1371,False
06037212101,212101,SPA 4 - Metro,4,District 2,2741,609,0.22218168551623496,53208.0,1576,False
06037212102,212102,SPA 4 - Metro,4,District 2,2934,886,0.3019768234492161,36830.0,1291,True
06037212202,212202,SPA 4 - Metro,4,District 2,3667,963,0.2626124897736569,56719.0,1330,True
06037212203,212203,SPA 4 - Metro,4,District 2,2821,1025,0.3633463310882666,37869.0,1490,True
06037212204,212204,SPA 4 - Metro,4,District 2,3720,1183,0.318010752688172,44083.0,1549,True
06037212303,212303,SPA 4 - Metro,4,District 2,3827,1537,0.4016200679383329,36758.0,1649,True
06037212304,212304,SPA 4 - Metro,4,District 2,1781,441,0.2476137001684447,47500.0,796,False
06037212305,212305,SPA 4 - Metro,4,District 2,2711,783,0.2888233124308373,49400.0,982,True
06037212306,212306,SPA 4 - Metro,4,District 2,2816,841,0.2986505681818182,53158.0,1128,True
06037212410,212410,SPA 4 - Metro,4,District 2,4140,852,0.20579710144927535,51265.0,1662,False
06037212420,212420,SPA 4 - Metro,4,District 2,2661,616,0.23149192033070273,55106.0,1138,False
06037212501,212501,SPA 4 - Metro,4,District 2,1890,393,0.20793650793650795,55625.0,922,False
06037212502,212502,SPA 4 - Metro,4,District 2,3282,517,0.15752589884216942,63500.0,1702,False
06037212610,212610,SPA 4 - Metro,4,District 2,4211,595,0.14129660413203515,70495.0,1986,False
06037212620,212620,SPA 4 - Metro,4,District 2,3801,1063,0.27966324651407526,43862.0,1789,True
06037212701,212701,SPA 4 - Metro,4,District 2,2198,263,0.11965423111919928,78370.0,846,False
06037212702,212702,SPA 4 - Metro,4,District 2,3289,268,0.0814837336576467,97619.0,1382,False
06037212800,212800,SPA 4 - Metro,4,District 2,3386,227,0.0670407560543414,83125.0,1342,False
06037212900,212900,SPA 4 - Metro,4,District 2,3674,539,0.1467065868263473,65577.0,1408,False
06037213100,213100,SPA 4 - Metro,4,District 2,2704,547,0.20229289940828402,57783.0,1098,False
06037213201,213201,SPA 4 - Metro,4,District 2,4079,987,0.24197107134101495,41987.0,1702,False
06037213202,213202,SPA 4 - Metro,4,District 2,3631,557,0.15340126686863123,65956.0,1198,False
06037213310,213310,SPA 4 - Metro,4,District 2,2519,604,0.23977768955934894,64405.0,948,False
06037213320,213320,SPA 4 - Metro,4,District 2,2405,731,0.30395010395010397,37120.0,941,True
06037213401,213401,SPA 4 - Metro,4,District 2,4530,914,0.20176600441501102,51875.0,1645,False
06037213402,213402,SPA 4 - Metro,4,District 2,4474,1223,0.273357174787662,50139.0,1708,True
06037214000,214000,SPA 4 - Metro,4,District 3,3950,461,0.11670886075949367,134167.0,1240,False
06037214100,214100,SPA 4 - Metro,4,District 2,3787,251,0.06627937681542118,157188.0,1790,False
06037214400,214400,SPA 4 - Metro,4,District 3,3008,268,0.08909574468085106,100792.0,1705,False
06037214501,214501,SPA 4 - Metro,4,District 2,3477,304,0.08743169398907104,111875.0,1677,False
06037214503,214503,SPA 4 - Metro,4,District 2,3504,661,0.18864155251141554,92431.0,1565,False
06037214504,214504,SPA 4 - Metro,4,District 2,3609,655,0.18149071765031866,104435.0,1670,False
06037214505,214505,SPA 4 - Metro,4,District 2,1581,158,0.09993674889310562,85147.0,916,False
06037214600,214600,SPA 4 - Metro,4,District 3,2200,210,0.09545454545454546,118477.0,1284,False
06037214700,214700,SPA 4 - Metro,4,District 3,2422,231,0.0953757225433526,120462.0,1287,False
06037214800,214800,SPA 4 - Metro,4,District 3,2827,499,0.17651220374955784,94229.0,1469,False
06037214902,214902,SPA 4 - Metro,4,District 3,2514,305,0.12132060461416071,117614.0,1532,False
06037214903,214903,SPA 4 - Metro,4,District 3,1568,390,0.24872448979591838,62583.0,1101,False
06037214904,214904,SPA 4 - Metro,4,District 3,1459,34,0.023303632625085675,121439.0,924,False
06037215101,215101,SPA 4 - Metro,4,District 2,3024,404,0.1335978835978836,87731.0,1943,False
06037215102,215102,SPA 4 - Metro,4,District 2,3322,396,0.11920529801324503,102191.0,2150,False
06037216100,216100,SPA 4 - Metro,4,District 2,2393,271,0.11324697033012955,157917.0,1021,False
06037216201,216201,SPA 4 - Metro,4,District 2,2591,467,0.18023928984947896,112798.0,1462,False
06037216202,216202,SPA 4 - Metro,4,District 2,2525,290,0.11485148514851486,81875.0,1445,False
06037216301,216301,SPA 4 - Metro,4,District 2,1414,149,0.10537482319660538,97282.0,631,False
06037216302,216302,SPA 4 - Metro,4,District 2,3158,387,0.12254591513616213,96477.0,1744,False
06037216401,216401,SPA 5 - West,5,District 3,3590,340,0.0947075208913649,93229.0,1792,False
06037216402,216402,SPA 5 - West,5,District 3,2663,235,0.08824633871573413,99213.0,1216,False
06037216700,216700,SPA 4 - Metro,4,District 2,3310,294,0.08882175226586103,111645.0,1565,False
06037216800,216800,SPA 4 - Metro,4,District 2,3333,179,0.0537053705370537,128059.0,1425,False
06037216901,216901,SPA 4 - Metro,4,District 2,2723,265,0.09731913330885053,106579.0,1246,False
06037216902,216902,SPA 4 - Metro,4,District 2,2106,537,0.254985754985755,82986.0,1129,True
06037217001,217001,SPA 5 - West,5,District 3,2756,141,0.0511611030478955,126250.0,1053,False
06037217002,217002,SPA 5 - West,5,District 3,4941,427,0.08641975308641975,104095.0,2103,False
06037217101,217101,SPA 4 - Metro,4,District 2,2674,475,0.17763649962602843,126250.0,925,False
06037217102,217102,SPA 4 - Metro,4,District 2,2773,544,0.19617742517129463,106587.0,1216,False
06037217200,217200,SPA 4 - Metro,4,District 2,3976,687,0.1727867203219316,79338.0,1695,False
06037218110,218110,SPA 4 - Metro,4,District 2,3167,674,0.21281970318913798,48264.0,1177,False
06037218120,218120,SPA 4 - Metro,4,District 2,3553,1002,0.28201519842386713,46586.0,1348,True
06037218210,218210,SPA 4 - Metro,4,District 2,3896,826,0.2120123203285421,58326.0,1255,False
06037218220,218220,SPA 4 - Metro,4,District 2,4042,436,0.10786739238000989,71964.0,1486,False
06037218300,218300,SPA 4 - Metro,4,District 2,4790,991,0.20688935281837162,64234.0,2113,False
06037218400,218400,SPA 6 - South,6,District 2,3996,474,0.11861861861861862,98281.0,1345,False
06037218500,218500,SPA 6 - South,6,District 2,2739,487,0.17780211756115372,76481.0,968,False
06037218600,218600,SPA 6 - South,6,District 2,3077,345,0.11212219694507637,77554.0,1096,False
06037218701,218701,SPA 6 - South,6,District 2,1880,371,0.1973404255319149,57705.0,816,False
06037218702,218702,SPA 6 - South,6,District 2,2705,342,0.12643253234750462,61856.0,843,False
06037218800,218800,SPA 6 - South,6,District 2,2690,641,0.2382899628252788,52667.0,939,False
06037218900,218900,SPA 6 - South,6,District 2,5444,953,0.17505510653930934,62128.0,2136,False
06037219010,219010,SPA 6 - South,6,District 2,3214,360,0.11200995644057249,91518.0,1013,False
06037219020,219020,SPA 6 - South,6,District 2,4263,1249,0.2929861599812339,64180.0,1290,True
06037219300,219300,SPA 6 - South,6,District 2,3757,669,0.17806760713335107,62188.0,1433,False
06037219500,219500,SPA 6 - South,6,District 2,1965,131,0.06666666666666667,105625.0,810,False
06037219700,219700,SPA 6 - South,6,District 2,4186,740,0.1767797419971333,72685.0,1338,False
06037219800,219800,SPA 6 - South,6,District 2,3027,321,0.10604558969276512,69536.0,967,False
06037219901,219901,SPA 6 - South,6,District 2,5206,652,0.12524010756819054,68544.0,1626,False
06037219902,219902,SPA 6 - South,6,District 2,3509,570,0.16243944143630665,104890.0,1363,False
06037220000,220000,SPA 6 - South,6,District 2,4487,1136,0.25317584131936705,53500.0,2210,True
06037220100,220100,SPA 6 - South,6,District 2,2463,363,0.14738124238733252,66821.0,1083,False
06037221110,221110,SPA 4 - Metro,4,District 1,3037,592,0.19492920645373724,46234.0,1055,False
06037221120,221120,SPA 4 - Metro,4,District 1,2946,867,0.29429735234215887,47368.0,752,True
06037221210,221210,SPA 4 - Metro,4,District 2,2933,410,0.13978861234231163,68388.0,869,False
06037221220,221220,SPA 4 - Metro,4,District 2,2690,615,0.22862453531598512,52431.0,931,False
06037221302,221302,SPA 4 - Metro,4,District 2,3231,998,0.3088826988548437,37285.0,1175,True
06037221303,221303,SPA 4 - Metro,4,District 2,2480,830,0.3346774193548387,52560.0,717,True
06037221304,221304,SPA 4 - Metro,4,District 2,3632,452,0.12444933920704845,54620.0,1137,False
06037221401,221401,SPA 6 - South,6,District 2,2633,450,0.17090770983668818,54196.0,1217,False
06037221402,221402,SPA 6 - South,6,District 2,2782,615,0.22106398274622574,52313.0,967,False
06037221500,221500,SPA 6 - South,6,District 2,3505,1175,0.33523537803138376,41908.0,1165,True
06037221601,221601,SPA 6 - South,6,District 2,3264,795,0.24356617647058823,58125.0,962,False
06037221602,221602,SPA 6 - South,6,District 2,2203,406,0.18429414434861552,51821.0,794,False
06037221710,221710,SPA 6 - South,6,District 2,2642,902,0.3414080242240727,49848.0,889,True
06037221810,221810,SPA 6 - South,6,District 2,2416,993,0.4110099337748344,31815.0,901,True
06037221820,221820,SPA 6 - South,6,District 2,2144,1108,0.5167910447761194,26236.0,969,True
06037221900,221900,SPA 6 - South,6,District 2,2565,1517,0.5914230019493177,26421.0,932,True
06037222001,222001,SPA 6 - South,6,District 2,2760,507,0.18369565217391304,72269.0,949,False
06037222002,222002,SPA 6 - South,6,District 2,4705,889,0.18894792773645058,70127.0,1426,False
06037222100,222100,SPA 6 - South,6,District 2,4086,592,0.14488497307880568,63458.0,1191,False
06037222200,222200,SPA 6 - South,6,District 2,3642,583,0.1600768808347062,59907.0,1318,False
06037222500,222500,SPA 6 - South,6,District 2,4189,538,0.12843160658868466,72316.0,1229,False
06037222600,222600,SPA 6 - South,6,District 2,5185,2030,0.39151398264223725,52054.0,1621,True
06037222700,222700,SPA 6 - South,6,District 2,517,320,0.6189555125725339,51250.0,177,True
06037224010,224010,SPA 4 - Metro,4,District 1,2955,913,0.30896785109983077,37647.0,1706,True
06037224020,224020,SPA 4 - Metro,4,District 1,2807,1056,0.3762023512646954,30647.0,936,True
06037224200,224200,SPA 4 - Metro,4,District 1,2167,452,0.20858329487771113,54032.0,752,False
06037224310,224310,SPA 4 - Metro,4,District 1,1681,373,0.22189173111243307,62632.0,588,False
06037224320,224320,SPA 4 - Metro,4,District 1,3585,1350,0.37656903765690375,35375.0,1115,True
06037224410,224410,SPA 6 - South,6,District 2,2662,1143,0.4293764087152517,33214.0,1016,True
06037224420,224420,SPA 6 - South,6,District 2,1931,693,0.3588814085965821,25725.0,894,True
06037224600,224600,SPA 6 - South,6,District 2,2939,729,0.2480435522286492,51765.0,776,False
06037224701,224701,SPA 6 - South,6,District 2,794,341,0.42947103274559195,38098.0,401,True
06037224702,224702,SPA 6 - South,6,District 2,1622,1262,0.7780517879161529,11270.0,718,True
06037226001,226001,SPA 4 - Metro,4,District 1,1990,684,0.3437185929648241,34318.0,598,True
06037226002,226002,SPA 4 - Metro,4,District 1,1821,538,0.2954420647995607,51917.0,1209,True
06037226410,226410,SPA 6 - South,6,District 2,3561,1175,0.3299634934007301,41563.0,835,True
06037226420,226420,SPA 6 - South,6,District 2,5133,1332,0.25949736995908823,45840.0,1307,True
06037226701,226701,SPA 6 - South,6,District 2,2518,801,0.318109610802224,51667.0,610,True
06037226702,226702,SPA 6 - South,6,District 2,3911,1100,0.2812579902838149,66732.0,867,True
06037227010,227010,SPA 6 - South,6,District 2,4250,1412,0.3322352941176471,50410.0,1079,True
06037227020,227020,SPA 6 - South,6,District 2,3490,588,0.16848137535816618,70575.0,771,False
06037228100,228100,SPA 6 - South,6,District 2,4278,1439,0.33637213651238895,49291.0,1147,True
06037228210,228210,SPA 6 - South,6,District 2,3801,799,0.2102078400420942,47500.0,948,False
06037228220,228220,SPA 6 - South,6,District 2,4470,1259,0.28165548098434007,47269.0,1017,True
06037228310,228310,SPA 6 - South,6,District 2,4493,1390,0.3093701313153795,43676.0,1118,True
06037228320,228320,SPA 6 - South,6,District 2,3420,1051,0.3073099415204678,54375.0,749,True
06037228410,228410,SPA 6 - South,6,District 2,3083,642,0.2082387285111904,49153.0,716,False
06037228420,228420,SPA 6 - South,6,District 2,2871,647,0.22535701846046674,78750.0,662,False
06037228500,228500,SPA 6 - South,6,District 2,4654,2041,0.43854748603351956,43194.0,1180,True
06037228600,228600,SPA 6 - South,6,District 2,4705,1172,0.24909670563230607,52083.0,1073,False
06037228710,228710,SPA 6 - South,6,District 2,4062,837,0.20605612998522896,69333.0,996,False
06037228720,228720,SPA 6 - South,6,District 2,4909,1324,0.26970869830922795,58680.0,1139,True
06037228800,228800,SPA 6 - South,6,District 2,5375,1326,0.24669767441860466,56282.0,1240,False
06037228900,228900,SPA 6 - South,6,District 2,3187,980,0.3074992155632256,36923.0,916,True
06037229100,229100,SPA 6 - South,6,District 2,4549,1167,0.25653989887887446,58906.0,1092,True
06037229200,229200,SPA 6 - South,6,District 2,4548,1003,0.22053649956024626,48140.0,1144,False
06037229300,229300,SPA 6 - South,6,District 2,5707,1432,0.2509199229016997,57013.0,1363,True
06037229410,229410,SPA 6 - South,6,District 2,3881,879,0.2264880185519196,62907.0,839,False
06037229420,229420,SPA 6 - South,6,District 2,4611,1228,0.2663196703535025,61528.0,1004,True
06037231100,231100,SPA 6 - South,6,District 2,3348,1292,0.3859020310633214,46806.0,658,True
06037231210,231210,SPA 6 - South,6,District 2,4254,1367,0.3213446168312177,45560.0,1218,True
06037231220,231220,SPA 6 - South,6,District 2,4143,1075,0.259473811247888,35319.0,1367,True
06037231301,231301,SPA 6 - South,6,District 2,2565,574,0.22378167641325536,54464.0,792,False
06037231302,231302,SPA 6 - South,6,District 2,2890,352,0.12179930795847752,59003.0,805,False
06037231400,231400,SPA 6 - South,6,District 2,4480,1147,0.2560267857142857,54872.0,1466,True
06037231500,231500,SPA 6 - South,6,District 2,5003,880,0.17589446332200678,90375.0,1504,False
06037231601,231601,SPA 6 - South,6,District 2,2230,382,0.17130044843049327,78777.0,744,False
06037231602,231602,SPA 6 - South,6,District 2,1870,284,0.1518716577540107,75588.0,632,False
06037231603,231603,SPA 6 - South,6,District 2,2850,937,0.3287719298245614,64423.0,760,True
06037231710,231710,SPA 6 - South,6,District 2,4026,1204,0.29905613512170887,43750.0,1185,True
06037231720,231720,SPA 6 - South,6,District 2,5174,1738,0.33591032083494393,47589.0,1514,True
06037231800,231800,SPA 6 - South,6,District 2,5427,1292,0.2380689146858301,56623.0,1372,False
06037231901,231901,SPA 6 - South,6,District 2,3341,421,0.12601017659383418,88702.0,785,False
06037231902,231902,SPA 6 - South,6,District 2,3207,1436,0.44777050202681634,34279.0,783,True
06037232110,232110,SPA 6 - South,6,District 2,3438,855,0.2486910994764398,56989.0,845,False
06037232120,232120,SPA 6 - South,6,District 2,4807,1162,0.24173080923653006,57226.0,1465,False
06037232200,232200,SPA 6 - South,6,District 2,3624,611,0.168598233995585,72742.0,866,False
06037232300,232300,SPA 6 - South,6,District 2,4764,809,0.16981528127623846,80644.0,1229,False
06037232401,232401,SPA 6 - South,6,District 2,3542,523,0.147656691134952,65125.0,1069,False
06037232402,232402,SPA 6 - South,6,District 2,3059,872,0.28506047728015693,53821.0,1003,True
06037232500,232500,SPA 6 - South,6,District 2,5388,869,0.16128433556050484,71045.0,1469,False
06037232601,232601,SPA 6 - South,6,District 2,1688,282,0.1670616113744076,60962.0,548,False
06037232602,232602,SPA 6 - South,6,District 2,5524,1140,0.20637219406227372,71799.0,1339,False
06037232701,232701,SPA 6 - South,6,District 2,2306,467,0.20251517779705117,78438.0,534,False
06037232702,232702,SPA 6 - South,6,District 2,4414,1026,0.23244222927050295,70263.0,980,False
06037232800,232800,SPA 6 - South,6,District 2,4115,956,0.23232077764277034,55625.0,925,False
06037234001,234001,SPA 6 - South,6,District 2,2512,121,0.0481687898089172,84271.0,995,False
06037234002,234002,SPA 6 - South,6,District 2,2865,463,0.16160558464223385,70299.0,1081,False
06037234200,234200,SPA 6 - South,6,District 2,2605,291,0.11170825335892515,84194.0,1140,False
06037234301,234301,SPA 6 - South,6,District 2,1779,231,0.12984822934232715,37255.0,1012,False
06037234302,234302,SPA 6 - South,6,District 2,2459,472,0.19194794631964213,46773.0,1375,False
06037234501,234501,SPA 6 - South,6,District 2,2636,204,0.07738998482549317,76250.0,870,False
06037234502,234502,SPA 6 - South,6,District 2,2550,755,0.296078431372549,28578.0,1114,True
06037234600,234600,SPA 6 - South,6,District 2,4689,706,0.15056515248453828,67882.0,1623,False
06037234700,234700,SPA 6 - South,6,District 2,3835,778,0.2028683181225554,90893.0,1265,False
06037234800,234800,SPA 6 - South,6,District 2,3534,268,0.07583474816072439,71397.0,1067,False
06037234901,234901,SPA 6 - South,6,District 2,2896,782,0.27002762430939226,46939.0,1202,True
06037234902,234902,SPA 6 - South,6,District 2,4384,1063,0.24247262773722628,28415.0,2054,False
06037235100,235100,SPA 6 - South,6,District 2,4027,426,0.10578594487211324,95958.0,1765,False
06037235201,235201,SPA 6 - South,6,District 2,2849,515,0.18076518076518078,63662.0,967,False
06037235202,235202,SPA 6 - South,6,District 2,3887,1043,0.2683303318754824,32475.0,1625,True
06037236001,236001,SPA 6 - South,6,District 2,4063,263,0.06473049470834359,126029.0,1902,False
06037236101,236101,SPA 6 - South,6,District 2,2606,577,0.22141212586339218,38606.0,1273,False
06037236102,236102,SPA 6 - South,6,District 2,3510,1006,0.2866096866096866,60057.0,1948,True
06037236203,236203,SPA 6 - South,6,District 2,3590,1142,0.3181058495821727,33526.0,1436,True
06037236204,236204,SPA 6 - South,6,District 2,3387,486,0.14348981399468555,48145.0,1180,False
06037236205,236205,SPA 6 - South,6,District 2,3070,1021,0.33257328990228013,32115.0,1208,True
06037236206,236206,SPA 6 - South,6,District 2,2997,458,0.15281948615281948,64259.0,1345,False
06037236400,236400,SPA 6 - South,6,District 2,4334,310,0.07152745731425934,106107.0,1981,False
06037237101,237101,SPA 6 - South,6,District 2,4000,614,0.1535,57708.0,962,False
06037237102,237102,SPA 6 - South,6,District 2,3948,1163,0.2945795339412361,49063.0,1001,True
06037237201,237201,SPA 6 - South,6,District 2,3750,1000,0.26666666666666666,60714.0,938,True
06037237202,237202,SPA 6 - South,6,District 2,4364,1340,0.307057745187901,50904.0,1268,True
06037237300,237300,SPA 6 - South,6,District 2,5664,757,0.1336511299435028,91250.0,1821,False
06037237401,237401,SPA 6 - South,6,District 2,3869,1217,0.31455156371155335,70357.0,1018,True
06037237402,237402,SPA 6 - South,6,District 2,3589,114,0.03176372248537197,81806.0,1005,False
06037237500,237500,SPA 6 - South,6,District 2,2703,919,0.3399926008139105,41087.0,760,True
06037237600,237600,SPA 6 - South,6,District 2,4092,984,0.2404692082111437,49799.0,1173,False
06037237710,237710,SPA 6 - South,6,District 2,4346,1560,0.35895075931891396,46909.0,1067,True
06037237720,237720,SPA 6 - South,6,District 2,3343,795,0.23781034998504338,52143.0,902,False
06037237800,237800,SPA 6 - South,6,District 2,4160,1067,0.2564903846153846,57188.0,1175,True
06037237900,237900,SPA 6 - South,6,District 2,4040,704,0.17425742574257425,61811.0,1349,False
06037238000,238000,SPA 6 - South,6,District 2,5430,736,0.13554327808471456,60625.0,2219,False
06037238100,238100,SPA 6 - South,6,District 2,5174,909,0.17568612292230382,66230.0,2060,False
06037238200,238200,SPA 6 - South,6,District 2,6612,1280,0.19358741681790684,49351.0,2208,False
06037238310,238310,SPA 6 - South,6,District 2,5049,1477,0.2925331748861161,57163.0,1294,True
06037238320,238320,SPA 6 - South,6,District 2,3489,1339,0.3837775867010605,27895.0,1098,True
06037238400,238400,SPA 6 - South,6,District 2,4475,610,0.13631284916201117,74250.0,1753,False
06037239201,239201,SPA 6 - South,6,District 2,3393,857,0.25257883878573534,46327.0,808,True
06037239202,239202,SPA 6 - South,6,District 2,5373,837,0.15577889447236182,52434.0,1222,False
06037239310,239310,SPA 6 - South,6,District 2,3936,924,0.2347560975609756,52606.0,974,False
06037239320,239320,SPA 6 - South,6,District 2,3105,665,0.214170692431562,53542.0,811,False
06037239330,239330,SPA 6 - South,6,District 2,3106,894,0.28783000643915,64615.0,738,True
06037239501,239501,SPA 6 - South,6,District 2,3569,807,0.2261137573550014,62174.0,950,False
06037239502,239502,SPA 6 - South,6,District 2,3631,635,0.1748829523547232,60350.0,801,False
06037239601,239601,SPA 6 - South,6,District 2,3745,771,0.20587449933244326,60139.0,914,False
06037239602,239602,SPA 6 - South,6,District 2,3731,1319,0.3535245242562316,52679.0,933,True
06037239701,239701,SPA 6 - South,6,District 2,3950,1329,0.33645569620253163,36131.0,1091,True
06037239702,239702,SPA 6 - South,6,District 2,4665,1316,0.28210075026795284,70034.0,1103,True
06037239801,239801,SPA 6 - South,6,District 2,4058,999,0.24618038442582554,67724.0,975,False
06037239802,239802,SPA 6 - South,6,District 2,5426,1182,0.21784002948765205,55924.0,1328,False
06037240010,240010,SPA 6 - South,6,District 2,3949,1353,0.3426183844011142,37292.0,1035,True
06037240020,240020,SPA 6 - South,6,District 2,5350,1274,0.23813084112149532,58030.0,1307,False
06037240200,240200,SPA 6 - South,6,District 2,5716,1925,0.3367739678096571,52428.0,1485,True
06037240301,240301,SPA 6 - South,6,District 2,2846,769,0.2702037947997189,60703.0,887,True
06037240302,240302,SPA 6 - South,6,District 2,3013,853,0.2831065383338865,47578.0,691,True
06037240401,240401,SPA 6 - South,6,District 2,5886,1589,0.26996262317363234,39280.0,1546,True
06037240402,240402,SPA 6 - South,6,District 2,3889,1049,0.2697351504242736,72813.0,1122,True
06037240500,240500,SPA 6 - South,6,District 2,6309,2034,0.3223965763195435,60982.0,1639,True
06037240600,240600,SPA 6 - South,6,District 2,4807,913,0.18993135011441648,62796.0,1144,False
06037240700,240700,SPA 6 - South,6,District 2,6429,1209,0.18805412972468502,59107.0,1652,False
06037240800,240800,SPA 6 - South,6,District 2,4710,1179,0.2503184713375796,65852.0,1077,True
06037240901,240901,SPA 6 - South,6,District 2,2483,715,0.2879581151832461,47837.0,537,True
06037240902,240902,SPA 6 - South,6,District 2,3598,1245,0.3460255697609783,44107.0,757,True
06037241001,241001,SPA 6 - South,6,District 2,4446,923,0.20760233918128654,90517.0,1101,False
06037241002,241002,SPA 6 - South,6,District 2,3803,963,0.2532211412043124,60938.0,999,True
06037241110,241110,SPA 6 - South,6,District 2,3567,519,0.1455004205214466,72717.0,820,False
06037241120,241120,SPA 6 - South,6,District 2,4243,1512,0.3563516379919868,43173.0,1229,True
06037241201,241201,SPA 6 - South,6,District 2,3135,629,0.20063795853269537,60122.0,930,False
06037241202,241202,SPA 6 - South,6,District 2,4753,1283,0.2699347780349253,49036.0,1668,True
06037241300,241300,SPA 6 - South,6,District 2,2378,565,0.2375946173254836,55208.0,713,False
06037241400,241400,SPA 6 - South,6,District 2,3901,519,0.1330428095360164,73583.0,943,False
06037242000,242000,SPA 6 - South,6,District 2,4136,905,0.21881044487427467,51840.0,1217,False
06037242100,242100,SPA 6 - South,6,District 2,2402,1018,0.4238134887593672,29935.0,709,True
06037242201,242201,SPA 6 - South,6,District 2,3922,780,0.1988781234064253,62745.0,1018,False
06037242202,242202,SPA 6 - South,6,District 2,2719,754,0.27730783376241264,44355.0,777,True
06037242300,242300,SPA 6 - South,6,District 2,4813,1272,0.2642842302098483,53062.0,1275,True
06037242600,242600,SPA 6 - South,6,District 2,4714,2460,0.5218498090793381,19955.0,1413,True
06037242700,242700,SPA 6 - South,6,District 2,4703,866,0.18413778439294068,51170.0,1298,False
06037243001,243001,SPA 6 - South,6,District 2,3246,599,0.18453481207640174,72583.0,733,False
06037243002,243002,SPA 6 - South,6,District 2,2721,144,0.05292171995589857,78029.0,612,False
06037243100,243100,SPA 6 - South,6,District 2,5045,2106,0.4174430128840436,31765.0,1478,True
06037261102,261102,SPA 5 - West,5,District 3,3990,229,0.057393483709273184,250001.0,1422,False
06037261103,261103,SPA 5 - West,5,District 3,1695,96,0.05663716814159292,230602.0,739,False
06037261104,261104,SPA 5 - West,5,District 3,1672,136,0.08133971291866028,186765.0,714,False
06037261200,261200,SPA 5 - West,5,District 3,3857,287,0.07441016333938294,194917.0,1677,False
06037262100,262100,SPA 5 - West,5,District 3,2710,98,0.03616236162361624,238250.0,1074,False
06037262200,262200,SPA 5 - West,5,District 3,4533,257,0.05669534524597397,192588.0,1834,False
06037262301,262301,SPA 5 - West,5,District 3,2533,142,0.05606000789577576,250001.0,882,False
06037262302,262302,SPA 5 - West,5,District 3,2924,239,0.08173734610123119,191316.0,1334,False
06037262303,262303,SPA 5 - West,5,District 3,2824,96,0.0339943342776204,244450.0,1035,False
06037262400,262400,SPA 5 - West,5,District 3,2893,70,0.024196335983408226,250001.0,1081,False
06037262501,262501,SPA 5 - West,5,District 3,3726,100,0.026838432635534086,250001.0,1362,False
06037262601,262601,SPA 5 - West,5,District 3,3409,182,0.053388090349075976,250001.0,1273,False
06037262604,262604,SPA 5 - West,5,District 3,5884,502,0.08531611148878314,159079.0,2222,False
06037262704,262704,SPA 5 - West,5,District 3,3595,132,0.036717663421418634,159219.0,1579,False
06037262706,262706,SPA 5 - West,5,District 3,3383,100,0.029559562518474726,163643.0,1280,False
06037262802,262802,SPA 5 - West,5,District 3,3636,262,0.07205720572057206,159353.0,1561,False
06037264000,264000,SPA 5 - West,5,District 3,3083,148,0.04800518975024327,205227.0,1254,False
06037264102,264102,SPA 5 - West,5,District 3,2965,241,0.08128161888701518,167188.0,1686,False
06037264103,264103,SPA 5 - West,5,District 3,2748,148,0.053857350800582245,151563.0,1623,False
06037264303,264303,SPA 5 - West,5,District 3,2702,135,0.04996299037749815,152944.0,1578,False
06037264304,264304,SPA 5 - West,5,District 3,2264,74,0.03268551236749117,125320.0,1307,False
06037264305,264305,SPA 5 - West,5,District 3,4526,353,0.07799381352187362,130656.0,1887,False
06037264306,264306,SPA 5 - West,5,District 3,1694,75,0.04427390791027155,127781.0,873,False
06037265100,265100,SPA 5 - West,5,District 3,2301,277,0.12038244241634072,116016.0,1263,False
06037265201,265201,SPA 5 - West,5,District 3,1979,197,0.09954522486104093,148517.0,788,False
06037265203,265203,SPA 5 - West,5,District 3,1993,286,0.1435022579026593,146146.0,1037,False
06037265204,265204,SPA 5 - West,5,District 3,1439,504,0.3502432244614315,117829.0,743,True
06037265301,265301,SPA 5 - West,5,District 3,0,0,,,0,False
06037265303,265303,SPA 5 - West,5,District 3,4468,2788,0.6239928379588182,33798.0,1532,True
06037265304,265304,SPA 5 - West,5,District 3,2118,1560,0.7365439093484419,18366.0,913,True
06037265306,265306,SPA 5 - West,5,District 3,1217,780,0.6409202958093673,31757.0,436,True
06037265307,265307,SPA 5 - West,5,District 3,1589,648,0.407803650094399,27152.0,943,True
06037265410,265410,SPA 5 - West,5,District 3,1726,81,0.04692931633835458,212625.0,642,False
06037265420,265420,SPA 5 - West,5,District 3,1636,104,0.06356968215158924,250001.0,611,False
06037265521,265521,SPA 5 - West,5,District 3,1585,252,0.1589905362776025,83866.0,1120,False
06037265522,265522,SPA 5 - West,5,District 3,2312,351,0.1518166089965398,99141.0,1031,False
06037265523,265523,SPA 5 - West,5,District 3,2286,136,0.0594925634295713,74226.0,1298,False
06037265524,265524,SPA 5 - West,5,District 3,2768,121,0.043713872832369945,118005.0,1358,False
06037265601,265601,SPA 5 - West,5,District 3,3045,350,0.11494252873563218,101389.0,1400,False
06037265602,265602,SPA 5 - West,5,District 3,3042,511,0.16798159105851412,98272.0,1591,False
06037265701,265701,SPA 5 - West,5,District 3,1835,107,0.058310626702997276,152250.0,853,False
06037265702,265702,SPA 5 - West,5,District 3,3107,338,0.1087866108786611,100547.0,1546,False
06037267101,267101,SPA 5 - West,5,District 3,2891,162,0.05603597371151851,125703.0,1348,False
06037267102,267102,SPA 5 - West,5,District 3,2957,361,0.12208319242475482,136677.0,1535,False
06037267201,267201,SPA 5 - West,5,District 3,2832,153,0.05402542372881356,109722.0,1402,False
06037267202,267202,SPA 5 - West,5,District 3,3779,440,0.11643291876157713,117933.0,1605,False
06037267300,267300,SPA 5 - West,5,District 3,4054,571,0.14084854464726196,139609.0,2141,False
06037267403,267403,SPA 5 - West,5,District 3,3559,519,0.1458274796291093,93094.0,1859,False
06037267404,267404,SPA 5 - West,5,District 3,3547,782,0.22046800112771356,78606.0,1777,False
06037267405,267405,SPA 5 - West,5,District 3,2337,254,0.10868635002139496,104344.0,1457,False
06037267406,267406,SPA 5 - West,5,District 3,1899,140,0.0737230121116377,91008.0,1106,False
06037267502,267502,SPA 5 - West,5,District 3,3281,321,0.09783602560195062,89408.0,1641,False
06037267503,267503,SPA 5 - West,5,District 3,2216,378,0.17057761732851986,136038.0,1196,False
06037267504,267504,SPA 5 - West,5,District 3,3568,313,0.08772421524663677,99485.0,1889,False
06037267600,267600,SPA 5 - West,5,District 3,2469,275,0.11138112596192791,82500.0,1372,False
06037267700,267700,SPA 5 - West,5,District 3,3704,293,0.07910367170626349,127722.0,1926,False
06037267800,267800,SPA 5 - West,5,District 3,3480,171,0.04913793103448276,117738.0,1696,False
06037267901,267901,SPA 5 - West,5,District 3,3106,330,0.10624597553122987,135533.0,1890,False
06037267902,267902,SPA 5 - West,5,District 3,3609,242,0.06705458575782765,146534.0,1703,False
06037269000,269000,SPA 5 - West,5,District 3,4754,106,0.022297013041649136,177750.0,2085,False
06037269100,269100,SPA 5 - West,5,District 3,4264,555,0.1301594746716698,95484.0,1590,False
06037269300,269300,SPA 5 - West,5,District 3,3771,130,0.03447361442588173,230893.0,1428,False
06037269500,269500,SPA 5 - West,5,District 3,4202,19,0.004521656354117087,250001.0,1386,False
06037269601,269601,SPA 5 - West,5,District 3,3449,332,0.09625978544505653,53185.0,1089,False
06037269602,269602,SPA 5 - West,5,District 3,2154,474,0.2200557103064067,91212.0,817,False
06037269700,269700,SPA 5 - West,5,District 3,3856,298,0.07728215767634855,122237.0,1490,False
06037269800,269800,SPA 5 - West,5,District 3,3140,313,0.09968152866242039,112708.0,1455,False
06037269903,269903,SPA 5 - West,5,District 3,3242,570,0.175817396668723,92861.0,1927,False
06037269905,269905,SPA 5 - West,5,District 3,2234,177,0.0792300805729633,109186.0,1399,False
06037269906,269906,SPA 5 - West,5,District 3,2985,102,0.034170854271356785,123720.0,1590,False
06037269907,269907,SPA 5 - West,5,District 3,2553,282,0.11045828437132785,98229.0,1352,False
06037269908,269908,SPA 5 - West,5,District 3,1916,98,0.0511482254697286,83562.0,1313,False
06037269909,269909,SPA 5 - West,5,District 3,1963,99,0.05043301069791136,102508.0,1303,False
06037270101,270101,SPA 5 - West,5,District 3,1796,123,0.06848552338530067,106429.0,1166,False
06037270102,270102,SPA 5 - West,5,District 3,2154,224,0.10399257195914577,112131.0,1057,False
06037270200,270200,SPA 5 - West,5,District 3,3606,478,0.13255684969495285,80563.0,1255,False
06037270300,270300,SPA 4 - Metro,4,District 2,2553,213,0.08343125734430082,68709.0,1141,False
06037271100,271100,SPA 5 - West,5,District 3,2277,206,0.09046991655687307,106618.0,896,False
06037271200,271200,SPA 5 - West,5,District 3,2495,153,0.061322645290581165,119836.0,1237,False
06037271300,271300,SPA 5 - West,5,District 3,5216,525,0.10065184049079755,104231.0,2166,False
06037271400,271400,SPA 5 - West,5,District 3,3201,18,0.005623242736644799,172500.0,1372,False
06037271500,271500,SPA 5 - West,5,District 3,2910,320,0.10996563573883161,101897.0,1320,False
06037271600,271600,SPA 5 - West,5,District 3,4707,559,0.11875929466751646,115456.0,2061,False
06037271702,271702,SPA 5 - West,5,District 3,3750,450,0.12,84515.0,1885,False
06037271703,271703,SPA 5 - West,5,District 3,2754,183,0.0664488017429194,130559.0,1352,False
06037271704,271704,SPA 5 - West,5,District 3,2974,188,0.06321452589105582,153750.0,1391,False
06037271801,271801,SPA 5 - West,5,District 3,3368,550,0.16330166270783847,74506.0,1683,False
06037271803,271803,SPA 5 - West,5,District 3,3177,378,0.11898016997167139,97629.0,1635,False
06037271804,271804,SPA 5 - West,5,District 3,2293,111,0.04840819886611426,97434.0,1036,False
06037271901,271901,SPA 5 - West,5,District 3,3358,202,0.06015485407980941,119561.0,1378,False
06037271902,271902,SPA 5 - West,5,District 3,3904,323,0.08273565573770492,102510.0,1861,False
06037272100,272100,SPA 5 - West,5,District 3,4441,134,0.030173384372888988,128125.0,1857,False
06037272201,272201,SPA 5 - West,5,District 3,2022,178,0.08803165182987141,95446.0,981,False
06037272202,272202,SPA 5 - West,5,District 3,3034,230,0.07580751483190508,100189.0,1563,False
06037272301,272301,SPA 5 - West,5,District 3,3204,207,0.06460674157303371,125618.0,1394,False
06037272302,272302,SPA 5 - West,5,District 3,3757,352,0.093691775352675,76498.0,1895,False
06037273100,273100,SPA 5 - West,5,District 3,3019,294,0.09738323948327261,171005.0,1333,False
06037273200,273200,SPA 5 - West,5,District 3,2778,238,0.08567314614830814,134067.0,1440,False
06037273300,273300,SPA 5 - West,5,District 3,2857,460,0.16100805040252011,91875.0,1465,False
06037273403,273403,SPA 5 - West,5,District 3,1348,290,0.21513353115727002,111364.0,896,False
06037273404,273404,SPA 5 - West,5,District 3,1508,137,0.09084880636604775,84449.0,1291,False
06037273502,273502,SPA 5 - West,5,District 3,2571,208,0.0809023726176585,107162.0,1714,False
06037273600,273600,SPA 5 - West,5,District 3,2131,84,0.039418113561708115,121875.0,1151,False
06037273700,273700,SPA 5 - West,5,District 3,2751,118,0.04289349327517267,135766.0,1217,False
06037273800,273800,SPA 5 - West,5,District 3,2945,290,0.09847198641765705,97155.0,1486,False
06037273902,273902,SPA 5 - West,5,District 3,4238,675,0.15927324209532798,155281.0,2408,False
06037274100,274100,SPA 5 - West,5,District 2,4360,416,0.09541284403669725,104643.0,2046,False
06037274202,274202,SPA 5 - West,5,District 2,3858,366,0.09486780715396578,119728.0,2253,False
06037275101,275101,SPA 5 - West,5,District 2,935,31,0.033155080213903745,134519.0,457,False
06037275102,275102,SPA 5 - West,5,District 2,4043,810,0.20034627751669554,100286.0,1334,False
06037275200,275200,SPA 5 - West,5,District 2,3793,206,0.054310572106511995,103846.0,1658,False
06037275311,275311,SPA 5 - West,5,District 2,4805,423,0.08803329864724245,94403.0,2561,False
06037275312,275312,SPA 5 - West,5,District 2,2042,49,0.023996082272282077,177963.0,1058,False
06037275313,275313,SPA 5 - West,5,District 2,3505,584,0.1666191155492154,118257.0,1701,False
06037275400,275400,SPA 5 - West,5,District 2,4487,488,0.1087586360597281,141780.0,2389,False
06037275500,275500,SPA 5 - West,5,District 2,4974,1088,0.2187374346602332,60750.0,1756,False
06037275603,275603,SPA 5 - West,5,District 2,2778,159,0.05723542116630669,127727.0,1218,False
06037275604,275604,SPA 5 - West,5,District 2,10233,628,0.061370077201211765,180246.0,4919,False
06037275605,275605,SPA 5 - West,5,District 2,2876,439,0.15264255910987481,116024.0,1707,False
06037276000,276000,SPA 5 - West,5,District 2,6608,332,0.050242130750605324,157366.0,2949,False
06037276101,276101,SPA 5 - West,5,District 2,3424,285,0.08323598130841121,111085.0,1949,False
06037276102,276102,SPA 5 - West,5,District 2,3365,431,0.12808320950965824,86250.0,1653,False
06037276400,276400,SPA 5 - West,5,District 2,4433,302,0.06812542296413264,233009.0,1473,False
06037276500,276500,SPA 5 - West,5,District 2,2142,417,0.19467787114845939,156853.0,741,False
06037276601,276601,SPA 5 - West,5,District 2,4101,251,0.06120458424774445,168011.0,1709,False
06037276605,276605,SPA 5 - West,5,District 2,2461,101,0.041040227549776515,110714.0,1312,False
06037276606,276606,SPA 5 - West,5,District 2,3384,112,0.03309692671394799,123341.0,1843,False
06037276607,276607,SPA 5 - West,5,District 2,2837,571,0.20126894606979204,94491.0,1384,False
06037276608,276608,SPA 5 - West,5,District 2,1779,228,0.1281618887015177,96685.0,1079,False
06037277000,277000,SPA 5 - West,5,District 2,6014,419,0.06967076820751579,173750.0,2154,False
06037277100,277100,SPA 5 - West,5,District 2,3274,155,0.04734270006108735,161875.0,1107,False
06037277200,277200,SPA 5 - West,5,District 2,1796,221,0.12305122494432072,60719.0,966,False
06037277400,277400,SPA 5 - West,5,District 2,0,0,,,0,False
06037278001,278001,SPA 5 - West,5,District 2,2349,342,0.14559386973180077,96429.0,1088,False
06037278102,278102,SPA 5 - West,5,District 2,2973,137,0.04608139926000673,172153.0,1431,False
06037291110,291110,SPA 8 - South Bay,8,District 2,4093,965,0.2357683850476423,46536.0,1385,False
06037291120,291120,SPA 8 - South Bay,8,District 2,2025,203,0.10024691358024691,73167.0,622,False
06037291130,291130,SPA 8 - South Bay,8,District 2,3217,274,0.08517252098228163,85938.0,991,False
06037291210,291210,SPA 8 - South Bay,8,District 2,4760,558,0.11722689075630252,65156.0,1709,False
06037291220,291220,SPA 8 - South Bay,8,District 2,2942,601,0.20428280081577158,75324.0,1063,False
06037291300,291300,SPA 8 - South Bay,8,District 2,3019,201,0.0665783371977476,100682.0,1120,False
06037292001,292001,SPA 8 - South Bay,8,District 2,4422,1456,0.32926277702397105,51747.0,1344,True
06037292002,292002,SPA 8 - South Bay,8,District 2,1965,212,0.1078880407124682,114239.0,534,False
06037293203,293203,SPA 8 - South Bay,8,District 2,2780,396,0.14244604316546763,81067.0,1005,False
06037293204,293204,SPA 8 - South Bay,8,District 2,3694,240,0.06497022198159177,108385.0,1003,False
06037293205,293205,SPA 8 - South Bay,8,District 2,3372,411,0.12188612099644128,58101.0,1121,False
06037293206,293206,SPA 8 - South Bay,8,District 2,2662,621,0.23328324567993988,74231.0,794,False
06037293301,293301,SPA 8 - South Bay,8,District 4,2549,84,0.03295409964692036,103375.0,954,False
06037293302,293302,SPA 8 - South Bay,8,District 4,4474,394,0.08806437192668753,107107.0,1585,False
06037293304,293304,SPA 8 - South Bay,8,District 4,4796,696,0.1451209341117598,63518.0,1575,False
06037293306,293306,SPA 8 - South Bay,8,District 4,2414,108,0.04473902236951118,116979.0,875,False
06037293307,293307,SPA 8 - South Bay,8,District 4,2532,374,0.14770932069510267,64183.0,901,False
06037294110,294110,SPA 8 - South Bay,8,District 4,3866,635,0.1642524573202276,86194.0,1059,False
06037294120,294120,SPA 8 - South Bay,8,District 4,2614,509,0.19472073450650346,75096.0,602,False
06037294200,294200,SPA 8 - South Bay,8,District 4,4306,666,0.15466790524849047,76936.0,1357,False
06037294301,294301,SPA 8 - South Bay,8,District 4,2798,71,0.025375268048606146,99549.0,639,False
06037294302,294302,SPA 8 - South Bay,8,District 4,4490,501,0.11158129175946548,86667.0,1246,False
06037294410,294410,SPA 8 - South Bay,8,District 4,5142,1038,0.20186697782963828,69000.0,1632,False
06037294421,294421,SPA 8 - South Bay,8,District 4,2694,486,0.18040089086859687,64722.0,964,False
06037294510,294510,SPA 8 - South Bay,8,District 4,4361,1042,0.23893602384774135,63688.0,1117,False
06037294520,294520,SPA 8 - South Bay,8,District 4,3563,626,0.1756946393488633,56524.0,896,False
06037294610,294610,SPA 8 - South Bay,8,District 4,4359,633,0.14521679284239505,77837.0,1195,False
06037294620,294620,SPA 8 - South Bay,8,District 4,3860,181,0.04689119170984456,78333.0,1058,False
06037294701,294701,SPA 8 - South Bay,8,District 4,2692,870,0.32317979197622587,37844.0,949,True
06037294810,294810,SPA 8 - South Bay,8,District 4,3750,758,0.20213333333333333,52315.0,990,False
06037294820,294820,SPA 8 - South Bay,8,District 4,3275,1491,0.4552671755725191,33526.0,968,True
06037294830,294830,SPA 8 - South Bay,8,District 4,3896,732,0.18788501026694046,64063.0,996,False
06037294900,294900,SPA 8 - South Bay,8,District 4,3993,1285,0.32181317305284246,38676.0,1038,True
06037295103,295103,SPA 8 - South Bay,8,District 4,5081,184,0.03621334382995473,120089.0,2121,False
06037296210,296210,SPA 8 - South Bay,8,District 4,3363,619,0.18406184953910198,62600.0,1106,False
06037296220,296220,SPA 8 - South Bay,8,District 4,4104,983,0.2395224171539961,42389.0,1848,False
06037296300,296300,SPA 8 - South Bay,8,District 4,5091,343,0.067373796896484,82349.0,1951,False
06037296401,296401,SPA 8 - South Bay,8,District 4,3178,387,0.12177470106985526,114514.0,1307,False
06037296402,296402,SPA 8 - South Bay,8,District 4,3131,74,0.023634621526668797,137083.0,1136,False
06037296500,296500,SPA 8 - South Bay,8,District 4,3736,485,0.12981798715203427,69792.0,1290,False
06037296600,296600,SPA 8 - South Bay,8,District 4,5351,1370,0.2560269108577836,47852.0,2140,True
06037296901,296901,SPA 8 - South Bay,8,District 4,4202,676,0.16087577344121848,62668.0,1567,False
06037296902,296902,SPA 8 - South Bay,8,District 4,4792,855,0.17842237061769617,63563.0,1619,False
06037297001,297001,SPA 8 - South Bay,8,District 4,1694,179,0.10566706021251476,178333.0,620,False
06037297002,297002,SPA 8 - South Bay,8,District 4,4508,403,0.08939662821650399,107260.0,1763,False
06037297110,297110,SPA 8 - South Bay,8,District 4,4508,1516,0.3362910381543922,51659.0,1577,True
06037297120,297120,SPA 8 - South Bay,8,District 4,3506,698,0.1990872789503708,74583.0,1113,False
06037297201,297201,SPA 8 - South Bay,8,District 4,3784,552,0.14587737843551796,67303.0,1373,False
06037297202,297202,SPA 8 - South Bay,8,District 4,4103,441,0.10748233000243725,87378.0,1612,False
06037297300,297300,SPA 8 - South Bay,8,District 4,2047,82,0.040058622374206154,108261.0,806,False
06037297400,297400,SPA 8 - South Bay,8,District 4,3607,318,0.08816190740227335,126192.0,1761,False
06037297501,297501,SPA 8 - South Bay,8,District 4,2586,133,0.051430781129157,160179.0,997,False
06037297502,297502,SPA 8 - South Bay,8,District 4,2602,231,0.08877786318216756,98125.0,1042,False
06037297601,297601,SPA 8 - South Bay,8,District 4,3508,77,0.02194982896237172,94432.0,1283,False
06037297602,297602,SPA 8 - South Bay,8,District 4,3558,456,0.1281618887015177,89375.0,1621,False
06037300100,300100,SPA 2 - San Fernando,2,District 5,6469,303,0.04683876951615396,166716.0,2207,False
06037300200,300200,SPA 2 - San Fernando,2,District 5,5550,145,0.026126126126126126,140417.0,1941,False
06037300301,300301,SPA 2 - San Fernando,2,District 5,5834,212,0.03633870414809736,130262.0,1973,False
06037300400,300400,SPA 2 - San Fernando,2,District 5,5792,60,0.010359116022099447,130799.0,1833,False
06037300501,300501,SPA 2 - San Fernando,2,District 5,2903,127,0.04374784705477092,106333.0,1010,False
06037300503,300503,SPA 2 - San Fernando,2,District 5,4827,578,0.11974311166355915,59821.0,2245,False
06037300601,300601,SPA 2 - San Fernando,2,District 5,5826,978,0.1678681771369722,98457.0,2132,False
06037300602,300602,SPA 2 - San Fernando,2,District 5,3123,192,0.06147934678194044,127583.0,1221,False
06037300701,300701,SPA 2 - San Fernando,2,District 5,5116,636,0.12431587177482409,138631.0,2095,False
06037300702,300702,SPA 2 - San Fernando,2,District 5,5450,167,0.030642201834862385,146541.0,2014,False
06037300800,300800,SPA 2 - San Fernando,2,District 5,7104,238,0.03350225225225225,113509.0,2705,False
06037300901,300901,SPA 2 - San Fernando,2,District 5,5475,156,0.028493150684931506,160425.0,2045,False
06037300902,300902,SPA 2 - San Fernando,2,District 5,2077,75,0.036109773712084736,154722.0,748,False
06037301000,301000,SPA 2 - San Fernando,2,District 5,5502,336,0.061068702290076333,118843.0,2029,False
06037301100,301100,SPA 2 - San Fernando,2,District 5,7089,386,0.05445055720129779,84249.0,2785,False
06037301203,301203,SPA 2 - San Fernando,2,District 5,3768,614,0.16295116772823778,81800.0,1718,False
06037301204,301204,SPA 2 - San Fernando,2,District 5,4602,678,0.14732724902216426,65665.0,2165,False
06037301205,301205,SPA 2 - San Fernando,2,District 5,2078,82,0.03946102021174206,108571.0,698,False
06037301206,301206,SPA 2 - San Fernando,2,District 5,5510,516,0.09364791288566243,83932.0,1891,False
06037301300,301300,SPA 2 - San Fernando,2,District 5,2047,74,0.0361504640937958,191750.0,684,False
06037301400,301400,SPA 2 - San Fernando,2,District 5,3970,127,0.03198992443324937,126442.0,1314,False
06037301501,301501,SPA 2 - San Fernando,2,District 5,1774,73,0.04114994363021421,118125.0,558,False
06037301502,301502,SPA 2 - San Fernando,2,District 5,7329,1491,0.2034383954154728,71016.0,2381,False
06037301601,301601,SPA 2 - San Fernando,2,District 5,5336,1193,0.22357571214392805,40617.0,2247,False
06037301602,301602,SPA 2 - San Fernando,2,District 5,3563,388,0.10889699691271401,77813.0,1485,False
06037301701,301701,SPA 2 - San Fernando,2,District 5,2661,478,0.1796317173994739,100438.0,1003,False
06037301702,301702,SPA 2 - San Fernando,2,District 5,5929,1016,0.1713611064260415,81173.0,2144,False
06037301801,301801,SPA 2 - San Fernando,2,District 5,5625,1321,0.23484444444444444,67145.0,2611,False
06037301802,301802,SPA 2 - San Fernando,2,District 5,5403,1001,0.1852674440125856,84265.0,2424,False
06037301901,301901,SPA 2 - San Fernando,2,District 5,3877,490,0.1263863812225948,82898.0,1633,False
06037301902,301902,SPA 2 - San Fernando,2,District 5,3163,694,0.21941195067973443,97344.0,1023,False
06037302002,302002,SPA 2 - San Fernando,2,District 5,3993,1090,0.2729777109942399,56510.0,1815,True
06037302003,302003,SPA 2 - San Fernando,2,District 5,3718,704,0.1893491124260355,61250.0,1517,False
06037302004,302004,SPA 2 - San Fernando,2,District 5,4184,795,0.1900095602294455,59250.0,1557,False
06037302102,302102,SPA 2 - San Fernando,2,District 5,5849,508,0.08685245341083946,110893.0,2236,False
06037302103,302103,SPA 2 - San Fernando,2,District 5,4993,983,0.19687562587622673,58611.0,1982,False
06037302104,302104,SPA 2 - San Fernando,2,District 5,3391,340,0.10026540843409024,81490.0,1377,False
06037302201,302201,SPA 2 - San Fernando,2,District 5,3718,758,0.20387305002689618,35109.0,1822,False
06037302202,302202,SPA 2 - San Fernando,2,District 5,4924,1503,0.3052396425670187,48917.0,1923,True
06037302301,302301,SPA 2 - San Fernando,2,District 5,3622,600,0.16565433462175594,93203.0,1446,False
06037302302,302302,SPA 2 - San Fernando,2,District 5,5085,1015,0.19960668633235004,60234.0,1842,False
06037302401,302401,SPA 2 - San Fernando,2,District 5,7585,855,0.11272247857613711,72005.0,2810,False
06037302503,302503,SPA 2 - San Fernando,2,District 5,3978,755,0.1897938662644545,48378.0,1477,False
06037302504,302504,SPA 2 - San Fernando,2,District 5,3519,812,0.23074737141233304,43924.0,1364,False
06037302505,302505,SPA 2 - San Fernando,2,District 5,3932,645,0.16403865717192267,70903.0,1309,False
06037302506,302506,SPA 2 - San Fernando,2,District 5,3277,612,0.1867561794324077,76208.0,1143,False
06037310100,310100,SPA 2 - San Fernando,2,District 5,5530,290,0.05244122965641953,169705.0,1908,False
06037310201,310201,SPA 2 - San Fernando,2,District 5,5082,252,0.049586776859504134,101677.0,2009,False
06037310202,310202,SPA 2 - San Fernando,2,District 5,4718,648,0.13734633319203052,104844.0,1871,False
06037310300,310300,SPA 2 - San Fernando,2,District 5,3002,134,0.04463690872751499,137955.0,1128,False
06037310400,310400,SPA 2 - San Fernando,2,District 5,3636,461,0.12678767876787678,110197.0,1276,False
06037310501,310501,SPA 2 - San Fernando,2,District 5,3690,583,0.15799457994579946,73324.0,1583,False
06037310601,310601,SPA 2 - San Fernando,2,District 5,6434,1146,0.17811625738265466,85091.0,2483,False
06037310602,310602,SPA 2 - San Fernando,2,District 5,2735,215,0.07861060329067641,94186.0,1176,False
06037310701,310701,SPA 2 - San Fernando,2,District 5,2429,840,0.345821325648415,25664.0,1185,True
06037310703,310703,SPA 2 - San Fernando,2,District 5,5270,667,0.12656546489563567,74107.0,2000,False
06037310704,310704,SPA 2 - San Fernando,2,District 5,4470,882,0.19731543624161074,60849.0,2307,False
06037310705,310705,SPA 2 - San Fernando,2,District 5,2530,445,0.17588932806324112,46146.0,1353,False
06037310800,310800,SPA 2 - San Fernando,2,District 5,5121,688,0.13434876000781099,98478.0,2232,False
06037310900,310900,SPA 2 - San Fernando,2,District 5,6802,397,0.05836518670979124,112883.0,2376,False
06037311000,311000,SPA 2 - San Fernando,2,District 5,3740,372,0.09946524064171124,114516.0,1466,False
06037311100,311100,SPA 2 - San Fernando,2,District 5,3989,455,0.114063675106543,99472.0,1467,False
06037311200,311200,SPA 2 - San Fernando,2,District 5,3156,160,0.050697084917617236,88750.0,1279,False
06037311300,311300,SPA 2 - San Fernando,2,District 5,3915,228,0.05823754789272031,115776.0,1640,False
06037311400,311400,SPA 2 - San Fernando,2,District 5,2320,90,0.03879310344827586,136354.0,978,False
06037311500,311500,SPA 2 - San Fernando,2,District 5,5963,501,0.08401811168874727,131071.0,2326,False
06037311601,311601,SPA 2 - San Fernando,2,District 5,2937,192,0.06537282941777324,105095.0,964,False
06037311602,311602,SPA 2 - San Fernando,2,District 5,4546,539,0.11856577210734712,84535.0,2430,False
06037311700,311700,SPA 2 - San Fernando,2,District 5,5588,451,0.08070866141732283,115000.0,2744,False
06037311801,311801,SPA 2 - San Fernando,2,District 5,2922,389,0.13312799452429844,85682.0,1330,False
06037311802,311802,SPA 2 - San Fernando,2,District 5,4200,209,0.049761904761904764,103321.0,1555,False
06037320101,320101,SPA 2 - San Fernando,2,District 3,3355,280,0.08345752608047691,110967.0,941,False
06037320102,320102,SPA 2 - San Fernando,2,District 3,3637,470,0.12922738520758867,87039.0,923,False
06037320201,320201,SPA 2 - San Fernando,2,District 3,4058,608,0.14982750123213406,72569.0,1011,False
06037320202,320202,SPA 2 - San Fernando,2,District 3,5862,436,0.07437734561583077,109750.0,1423,False
06037320300,320300,SPA 2 - San Fernando,2,District 3,6561,682,0.1039475689681451,73080.0,1940,False
06037400205,400205,SPA 3 - San Gabriel,3,District 5,2375,25,0.010526315789473684,199583.0,843,False
06037400206,400206,SPA 3 - San Gabriel,3,District 5,5520,96,0.017391304347826087,179474.0,1802,False
06037400207,400207,SPA 3 - San Gabriel,3,District 5,4596,116,0.025239338555265448,143000.0,1540,False
06037400208,400208,SPA 3 - San Gabriel,3,District 5,1388,0,0.0,154238.0,509,False
06037400209,400209,SPA 3 - San Gabriel,3,District 5,4574,198,0.043288150415391344,147500.0,1678,False
06037400304,400304,SPA 3 - San Gabriel,3,District 5,8164,844,0.10338069573738363,90078.0,2944,False
06037400402,400402,SPA 3 - San Gabriel,3,District 5,4185,178,0.04253285543608124,147670.0,1315,False
06037400403,400403,SPA 3 - San Gabriel,3,District 5,4087,416,0.10178615121115733,141667.0,1384,False
06037400404,400404,SPA 3 - San Gabriel,3,District 5,4039,62,0.015350334241148799,180757.0,1338,False
06037400501,400501,SPA 3 - San Gabriel,3,District 5,1885,64,0.03395225464190981,122083.0,656,False
06037400602,400602,SPA 3 - San Gabriel,3,District 1,4374,501,0.11454046639231824,85369.0,1461,False
06037400603,400603,SPA 3 - San Gabriel,3,District 1,4947,281,0.056802102284212654,96845.0,1931,False
06037400605,400605,SPA 3 - San Gabriel,3,District 1,6181,624,0.10095453810063097,98850.0,2479,False
06037400801,400801,SPA 3 - San Gabriel,3,District 5,5710,363,0.06357267950963222,124401.0,1937,False
06037401001,401001,SPA 3 - San Gabriel,3,District 5,2626,89,0.033891850723533894,130764.0,959,False
06037401002,401002,SPA 3 - San Gabriel,3,District 5,4313,349,0.0809181544168792,87634.0,1578,False
06037401101,401101,SPA 3 - San Gabriel,3,District 5,5591,437,0.07816133071006975,80161.0,1862,False
06037401102,401102,SPA 3 - San Gabriel,3,District 5,3991,208,0.05211726384364821,99773.0,1340,False
06037401201,401201,SPA 3 - San Gabriel,3,District 5,3602,245,0.06801776790671848,139450.0,1055,False
06037401202,401202,SPA 3 - San Gabriel,3,District 5,4252,274,0.06444026340545625,107750.0,1331,False
06037401203,401203,SPA 3 - San Gabriel,3,District 5,4542,620,0.13650374284456188,106592.0,1533,False
06037401303,401303,SPA 3 - San Gabriel,3,District 5,2242,90,0.04014272970561998,136019.0,810,False
06037401304,401304,SPA 3 - San Gabriel,3,District 5,4877,322,0.06602419520196842,134516.0,1812,False
06037401311,401311,SPA 3 - San Gabriel,3,District 5,6923,680,0.09822331359237325,93036.0,2518,False
06037401312,401312,SPA 3 - San Gabriel,3,District 5,4573,210,0.04592171441067133,71667.0,1844,False
06037401500,401500,SPA 3 - San Gabriel,3,District 1,5763,653,0.11330904043033142,92708.0,1886,False
06037401601,401601,SPA 3 - San Gabriel,3,District 5,5419,492,0.09079165897767116,98786.0,2333,False
06037401602,401602,SPA 3 - San Gabriel,3,District 5,5568,596,0.10704022988505747,79740.0,2123,False
06037401705,401705,SPA 3 - San Gabriel,3,District 5,2724,233,0.0855359765051395,135339.0,951,False
06037401706,401706,SPA 3 - San Gabriel,3,District 1,4525,751,0.16596685082872928,92353.0,1710,False
06037401707,401707,SPA 3 - San Gabriel,3,District 1,8295,1231,0.14840265220012056,73250.0,2772,False
06037401801,401801,SPA 3 - San Gabriel,3,District 5,4265,112,0.026260257913247362,158189.0,1591,False
06037401802,401802,SPA 3 - San Gabriel,3,District 5,3724,174,0.04672395273899033,133676.0,1350,False
06037401901,401901,SPA 3 - San Gabriel,3,District 5,215,5,0.023255813953488372,86429.0,94,False
06037401902,401902,SPA 3 - San Gabriel,3,District 5,5808,292,0.05027548209366391,101723.0,2837,False
06037402001,402001,SPA 3 - San Gabriel,3,District 5,3949,641,0.16231957457584198,76136.0,1420,False
06037402002,402002,SPA 3 - San Gabriel,3,District 5,3836,339,0.0883733055265902,84940.0,1566,False
06037402101,402101,SPA 3 - San Gabriel,3,District 1,4853,772,0.1590768596744282,102162.0,1114,False
06037402102,402102,SPA 3 - San Gabriel,3,District 1,5017,495,0.0986645405620889,103006.0,1348,False
06037402200,402200,SPA 3 - San Gabriel,3,District 1,6569,395,0.06013091794793728,93393.0,2149,False
06037402301,402301,SPA 3 - San Gabriel,3,District 1,5466,986,0.18038785217709477,92578.0,1404,False
06037402303,402303,SPA 3 - San Gabriel,3,District 1,3538,598,0.16902204635387225,68389.0,1018,False
06037402304,402304,SPA 3 - San Gabriel,3,District 1,3942,882,0.2237442922374429,46199.0,1043,False
06037402403,402403,SPA 3 - San Gabriel,3,District 1,4450,377,0.0847191011235955,88099.0,1125,False
06037402404,402404,SPA 3 - San Gabriel,3,District 1,8,0,0.0,,4,False
06037402405,402405,SPA 3 - San Gabriel,3,District 1,2428,324,0.13344316309719934,96500.0,576,False
06037402406,402406,SPA 3 - San Gabriel,3,District 1,4601,751,0.16322538578569876,84750.0,1297,False
06037402501,402501,SPA 3 - San Gabriel,3,District 1,4788,707,0.1476608187134503,57206.0,1348,False
06037402503,402503,SPA 3 - San Gabriel,3,District 1,4303,716,0.16639553799674645,66500.0,1118,False
06037402504,402504,SPA 3 - San Gabriel,3,District 1,2289,549,0.2398427260812582,34679.0,803,False
06037402601,402601,SPA 3 - San Gabriel,3,District 1,2777,531,0.19121353979114153,77125.0,726,False
06037402602,402602,SPA 3 - San Gabriel,3,District 1,4838,293,0.06056221579164944,66382.0,1910,False
06037402702,402702,SPA 3 - San Gabriel,3,District 1,4922,1626,0.3303535148313694,52484.0,1429,True
06037402703,402703,SPA 3 - San Gabriel,3,District 1,5401,610,0.11294204776893169,90486.0,1257,False
06037402705,402705,SPA 3 - San Gabriel,3,District 1,3575,282,0.07888111888111889,103401.0,883,False
06037402706,402706,SPA 3 - San Gabriel,3,District 1,3591,644,0.1793372319688109,104500.0,974,False
06037402801,402801,SPA 3 - San Gabriel,3,District 1,4335,587,0.13540945790080738,76034.0,1076,False
06037402803,402803,SPA 3 - San Gabriel,3,District 1,3458,372,0.10757663389242336,76467.0,757,False
06037402804,402804,SPA 3 - San Gabriel,3,District 1,4093,614,0.15001221597849987,59988.0,983,False
06037402902,402902,SPA 3 - San Gabriel,3,District 1,6619,697,0.10530291584831546,75119.0,1780,False
06037402903,402903,SPA 3 - San Gabriel,3,District 1,3650,550,0.1506849315068493,61285.0,999,False
06037402904,402904,SPA 3 - San Gabriel,3,District 1,3602,563,0.15630205441421433,86974.0,900,False
06037403000,403000,SPA 3 - San Gabriel,3,District 1,6936,543,0.07828719723183392,95403.0,1587,False
06037403305,403305,SPA 3 - San Gabriel,3,District 1,2309,217,0.09398007795582504,124432.0,705,False
06037403316,403316,SPA 3 - San Gabriel,3,District 1,6956,701,0.10077630822311673,92926.0,2654,False
06037403317,403317,SPA 3 - San Gabriel,3,District 1,5011,271,0.054081021752145284,112697.0,1706,False
06037403318,403318,SPA 3 - San Gabriel,3,District 1,5878,391,0.06651922422592718,119620.0,2141,False
06037403319,403319,SPA 3 - San Gabriel,3,District 1,4192,546,0.13024809160305342,82554.0,1641,False
06037403320,403320,SPA 3 - San Gabriel,3,District 1,5364,430,0.08016405667412378,156250.0,1710,False
06037403321,403321,SPA 3 - San Gabriel,3,District 1,5382,721,0.13396506874767744,99409.0,1776,False
06037403323,403323,SPA 3 - San Gabriel,3,District 1,5585,305,0.05461056401074306,90306.0,1779,False
06037403324,403324,SPA 3 - San Gabriel,3,District 1,5947,760,0.12779552715654952,102025.0,2138,False
06037403325,403325,SPA 3 - San Gabriel,3,District 1,4853,431,0.08881104471460952,115461.0,1605,False
06037403326,403326,SPA 3 - San Gabriel,3,District 1,2328,105,0.045103092783505154,136875.0,690,False
06037403327,403327,SPA 3 - San Gabriel,3,District 1,2431,37,0.015220074043603456,131563.0,845,False
06037403328,403328,SPA 3 - San Gabriel,3,District 1,5328,444,0.08333333333333333,102853.0,1711,False
06037403401,403401,SPA 3 - San Gabriel,3,District 1,4911,551,0.11219710853186723,120027.0,1421,False
06037403402,403402,SPA 3 - San Gabriel,3,District 1,3233,182,0.056294463346736774,109333.0,992,False
06037403403,403403,SPA 3 - San Gabriel,3,District 1,5177,680,0.13135020282016613,151094.0,1629,False
06037403404,403404,SPA 3 - San Gabriel,3,District 1,2189,215,0.09821836455002284,141591.0,642,False
06037403407,403407,SPA 3 - San Gabriel,3,District 1,2259,138,0.06108897742363878,161667.0,656,False
06037403408,403408,SPA 3 - San Gabriel,3,District 1,6164,412,0.06683971447112265,137936.0,1939,False
06037403409,403409,SPA 3 - San Gabriel,3,District 1,3894,203,0.05213148433487417,125078.0,1255,False
06037403500,403500,SPA 3 - San Gabriel,3,District 1,1438,99,0.06884561891515995,120341.0,546,False
06037403601,403601,SPA 3 - San Gabriel,3,District 1,6562,569,0.08671136848521792,115858.0,2152,False
06037403702,403702,SPA 3 - San Gabriel,3,District 1,4181,93,0.02224348242047357,120391.0,1297,False
06037403703,403703,SPA 3 - San Gabriel,3,District 5,4762,306,0.06425871482570349,122628.0,1510,False
06037403721,403721,SPA 3 - San Gabriel,3,District 1,5567,473,0.08496497215735585,89435.0,1808,False
06037403722,403722,SPA 3 - San Gabriel,3,District 1,5435,733,0.13486660533578657,70665.0,1633,False
06037403801,403801,SPA 3 - San Gabriel,3,District 5,5593,536,0.09583407831217594,90250.0,2110,False
06037403802,403802,SPA 3 - San Gabriel,3,District 5,6215,967,0.15559131134352372,89030.0,2107,False
06037403901,403901,SPA 3 - San Gabriel,3,District 5,2965,332,0.11197301854974705,118523.0,860,False
06037403902,403902,SPA 3 - San Gabriel,3,District 5,4782,595,0.12442492680886659,84301.0,1490,False
06037404000,404000,SPA 3 - San Gabriel,3,District 1,4516,215,0.04760850310008857,112830.0,1380,False
06037404100,404100,SPA 3 - San Gabriel,3,District 1,6261,606,0.09678965021562051,81602.0,1475,False
06037404201,404201,SPA 3 - San Gabriel,3,District 1,3527,683,0.19364899347887723,71346.0,1062,False
06037404203,404203,SPA 3 - San Gabriel,3,District 1,3326,376,0.11304870715574264,85250.0,912,False
06037404301,404301,SPA 3 - San Gabriel,3,District 1,6245,1385,0.22177742193755004,83625.0,1582,False
06037404302,404302,SPA 3 - San Gabriel,3,District 1,2412,67,0.027777777777777776,86063.0,643,False
06037404401,404401,SPA 3 - San Gabriel,3,District 1,3871,529,0.13665719452337896,79931.0,1103,False
06037404402,404402,SPA 3 - San Gabriel,3,District 1,4497,271,0.06026239715365799,96392.0,1207,False
06037404501,404501,SPA 3 - San Gabriel,3,District 1,2598,462,0.17782909930715934,63958.0,758,False
06037404503,404503,SPA 3 - San Gabriel,3,District 1,2969,197,0.06635230717413271,101188.0,853,False
06037404504,404504,SPA 3 - San Gabriel,3,District 1,4815,824,0.1711318795430945,75439.0,1443,False
06037404600,404600,SPA 3 - San Gabriel,3,District 1,1346,85,0.06315007429420505,113250.0,423,False
06037404701,404701,SPA 3 - San Gabriel,3,District 1,5700,763,0.133859649122807,95143.0,1388,False
06037404702,404702,SPA 3 - San Gabriel,3,District 1,4790,703,0.14676409185803757,78786.0,1394,False
06037404703,404703,SPA 3 - San Gabriel,3,District 1,3196,380,0.11889862327909888,91083.0,719,False
06037404804,404804,SPA 3 - San Gabriel,3,District 1,4158,668,0.16065416065416066,80640.0,1069,False
06037404805,404805,SPA 3 - San Gabriel,3,District 1,2922,484,0.16563997262149213,65708.0,762,False
06037404806,404806,SPA 3 - San Gabriel,3,District 1,5746,716,0.12460842325095718,75237.0,1517,False
06037404901,404901,SPA 3 - San Gabriel,3,District 1,5363,623,0.11616632481819877,107276.0,1311,False
06037404902,404902,SPA 3 - San Gabriel,3,District 1,3343,330,0.09871373018247083,81161.0,864,False
06037404903,404903,SPA 3 - San Gabriel,3,District 1,2677,257,0.096002988419873,82847.0,639,False
06037405001,405001,SPA 3 - San Gabriel,3,District 1,5344,686,0.12836826347305388,79851.0,1388,False
06037405002,405002,SPA 3 - San Gabriel,3,District 1,3252,346,0.10639606396063961,73958.0,751,False
06037405101,405101,SPA 3 - San Gabriel,3,District 1,5269,1119,0.21237426456633138,80585.0,1285,False
06037405102,405102,SPA 3 - San Gabriel,3,District 1,4782,581,0.12149728147218737,70972.0,1474,False
06037405201,405201,SPA 3 - San Gabriel,3,District 1,5381,458,0.08511429102397323,68214.0,1484,False
06037405202,405202,SPA 3 - San Gabriel,3,District 1,4208,339,0.08056083650190114,67022.0,1110,False
06037405203,405203,SPA 3 - San Gabriel,3,District 1,2975,658,0.2211764705882353,87692.0,724,False
06037405301,405301,SPA 3 - San Gabriel,3,District 1,2977,387,0.12999664091367147,76314.0,945,False
06037405302,405302,SPA 3 - San Gabriel,3,District 1,5659,451,0.07969605937444778,95956.0,1597,False
06037405400,405400,SPA 3 - San Gabriel,3,District 1,4983,242,0.04856512141280353,111121.0,1248,False
06037405500,405500,SPA 3 - San Gabriel,3,District 1,6207,775,0.12485903012727566,92382.0,1791,False
06037405600,405600,SPA 3 - San Gabriel,3,District 1,5739,639,0.1113434396236278,91838.0,1727,False
06037405701,405701,SPA 3 - San Gabriel,3,District 1,3637,513,0.14105031619466593,88023.0,1048,False
06037405702,405702,SPA 3 - San Gabriel,3,District 1,5159,501,0.09711184338050009,87959.0,1476,False
06037405800,405800,SPA 3 - San Gabriel,3,District 1,5514,367,0.06655785273848386,97896.0,1650,False
06037405900,405900,SPA 3 - San Gabriel,3,District 1,4212,317,0.07526115859449192,80357.0,1270,False
06037406000,406000,SPA 3 - San Gabriel,3,District 1,5135,333,0.06484907497565726,107958.0,1537,False
06037406101,406101,SPA 3 - San Gabriel,3,District 1,3130,91,0.029073482428115017,83636.0,1212,False
06037406103,406103,SPA 3 - San Gabriel,3,District 1,7886,847,0.10740552878518894,90614.0,2715,False
06037406201,406201,SPA 3 - San Gabriel,3,District 1,3559,676,0.18994099466142175,54471.0,1289,False
06037406300,406300,SPA 3 - San Gabriel,3,District 1,5730,367,0.06404886561954624,101565.0,1937,False
06037406413,406413,SPA 3 - San Gabriel,3,District 1,6398,425,0.06642700844013755,102278.0,2106,False
06037406500,406500,SPA 3 - San Gabriel,3,District 1,7712,890,0.1154045643153527,99901.0,2072,False
06037406601,406601,SPA 3 - San Gabriel,3,District 1,5029,354,0.07039172797772918,123268.0,1539,False
06037406602,406602,SPA 3 - San Gabriel,3,District 1,4676,554,0.11847733105218135,105350.0,1262,False
06037406701,406701,SPA 3 - San Gabriel,3,District 1,3191,197,0.0617361328737073,95400.0,912,False
06037406702,406702,SPA 3 - San Gabriel,3,District 1,6851,605,0.08830827616406364,91646.0,2168,False
06037406801,406801,SPA 3 - San Gabriel,3,District 1,4801,422,0.0878983545094772,108894.0,1291,False
06037406903,406903,SPA 3 - San Gabriel,3,District 1,7245,1227,0.16935817805383022,80827.0,2129,False
06037407001,407001,SPA 3 - San Gabriel,3,District 1,5934,498,0.0839231547017189,89844.0,1246,False
06037407002,407002,SPA 3 - San Gabriel,3,District 1,3359,245,0.07293837451622506,105508.0,717,False
06037407101,407101,SPA 3 - San Gabriel,3,District 1,4315,672,0.15573580533024334,66250.0,1081,False
06037407102,407102,SPA 3 - San Gabriel,3,District 1,5415,393,0.07257617728531857,90927.0,1273,False
06037407201,407201,SPA 3 - San Gabriel,3,District 1,3417,264,0.07726075504828797,87279.0,805,False
06037407202,407202,SPA 3 - San Gabriel,3,District 1,3027,434,0.14337628014535844,90682.0,732,False
06037407301,407301,SPA 3 - San Gabriel,3,District 1,3743,241,0.06438685546353193,79153.0,917,False
06037407302,407302,SPA 3 - San Gabriel,3,District 1,3593,565,0.15725020873921514,86154.0,784,False
06037407400,407400,SPA 3 - San Gabriel,3,District 1,1848,51,0.027597402597402596,126458.0,510,False
06037407501,407501,SPA 3 - San Gabriel,3,District 1,4241,410,0.09667531242631455,77931.0,958,False
06037407502,407502,SPA 3 - San Gabriel,3,District 1,3866,272,0.07035695809622348,110625.0,837,False
06037407601,407601,SPA 3 - San Gabriel,3,District 1,4203,318,0.07566024268379729,93031.0,1077,False
06037407602,407602,SPA 3 - San Gabriel,3,District 1,4026,435,0.10804769001490314,104597.0,1026,False
06037407701,407701,SPA 3 - San Gabriel,3,District 1,4389,534,0.12166780587833219,72050.0,1081,False
06037407702,407702,SPA 3 - San Gabriel,3,District 1,6530,426,0.06523736600306279,102607.0,1721,False
06037407801,407801,SPA 3 - San Gabriel,3,District 1,5134,476,0.09271523178807947,100500.0,1066,False
06037407802,407802,SPA 3 - San Gabriel,3,District 1,3177,181,0.056971986150456407,121194.0,741,False
06037407901,407901,SPA 3 - San Gabriel,3,District 1,4312,222,0.05148423005565863,104375.0,887,False
06037407902,407902,SPA 3 - San Gabriel,3,District 1,1619,123,0.0759728227300803,85450.0,519,False
06037408003,408003,SPA 3 - San Gabriel,3,District 1,4668,481,0.10304198800342759,103472.0,1234,False
06037408004,408004,SPA 3 - San Gabriel,3,District 1,2406,341,0.14172901080631753,91020.0,857,False
06037408005,408005,SPA 3 - San Gabriel,3,District 1,5337,306,0.05733558178752108,128260.0,1739,False
06037408006,408006,SPA 3 - San Gabriel,3,District 1,3827,339,0.08858113404755684,91875.0,1066,False
06037408133,408133,SPA 3 - San Gabriel,3,District 1,5985,473,0.07903091060985798,98841.0,1731,False
06037408134,408134,SPA 3 - San Gabriel,3,District 1,2598,294,0.11316397228637413,111667.0,860,False
06037408135,408135,SPA 3 - San Gabriel,3,District 1,4331,833,0.19233433387208496,87023.0,1369,False
06037408136,408136,SPA 3 - San Gabriel,3,District 1,3718,289,0.07772996234534696,122813.0,1011,False
06037408137,408137,SPA 3 - San Gabriel,3,District 1,4099,502,0.12246889485240303,90385.0,1420,False
06037408138,408138,SPA 3 - San Gabriel,3,District 1,4798,291,0.060650270946227595,90764.0,1246,False
06037408139,408139,SPA 3 - San Gabriel,3,District 1,4342,545,0.12551819438046982,104861.0,843,False
06037408140,408140,SPA 3 - San Gabriel,3,District 1,3384,378,0.11170212765957446,74663.0,793,False
06037408141,408141,SPA 3 - San Gabriel,3,District 1,4014,884,0.22022919780767314,98824.0,1010,False
06037408212,408212,SPA 3 - San Gabriel,3,District 1,4748,469,0.09877843302443134,74425.0,1379,False
06037408213,408213,SPA 3 - San Gabriel,3,District 1,5724,786,0.13731656184486374,74028.0,1792,False
06037408301,408301,SPA 3 - San Gabriel,3,District 1,5852,910,0.15550239234449761,82978.0,1505,False
06037408302,408302,SPA 3 - San Gabriel,3,District 1,3350,302,0.09014925373134329,79412.0,1022,False
06037408303,408303,SPA 3 - San Gabriel,3,District 1,4087,237,0.05798874480058723,121250.0,1278,False
06037408401,408401,SPA 3 - San Gabriel,3,District 1,4315,515,0.11935110081112399,98578.0,1227,False
06037408402,408402,SPA 3 - San Gabriel,3,District 1,6169,714,0.11573999027395039,105789.0,1932,False
06037408503,408503,SPA 3 - San Gabriel,3,District 1,6911,321,0.04644769208508175,131838.0,1991,False
06037408504,408504,SPA 3 - San Gabriel,3,District 1,5418,523,0.09653008490217793,102222.0,1446,False
06037408505,408505,SPA 3 - San Gabriel,3,District 1,2367,330,0.1394169835234474,109787.0,719,False
06037408623,408623,SPA 3 - San Gabriel,3,District 1,3117,211,0.06769329483477703,100900.0,990,False
06037408624,408624,SPA 3 - San Gabriel,3,District 1,3052,344,0.1127129750982962,123438.0,1047,False
06037408625,408625,SPA 3 - San Gabriel,3,District 1,3873,250,0.06454944487477407,125417.0,1296,False
06037408626,408626,SPA 3 - San Gabriel,3,District 1,3778,308,0.08152461619904712,98346.0,1407,False
06037408627,408627,SPA 3 - San Gabriel,3,District 1,2626,250,0.09520182787509521,97434.0,865,False
06037408628,408628,SPA 3 - San Gabriel,3,District 1,5591,674,0.1205508853514577,87361.0,1889,False
06037408629,408629,SPA 3 - San Gabriel,3,District 1,3069,398,0.12968393613554904,131250.0,948,False
06037408631,408631,SPA 3 - San Gabriel,3,District 1,4975,834,0.16763819095477386,99609.0,1443,False
06037408703,408703,SPA 3 - San Gabriel,3,District 1,5514,595,0.10790714544795067,134545.0,1786,False
06037408705,408705,SPA 3 - San Gabriel,3,District 1,5476,600,0.1095690284879474,70000.0,1848,False
06037408707,408707,SPA 3 - San Gabriel,3,District 1,6480,366,0.05648148148148148,130313.0,2192,False
06037408722,408722,SPA 3 - San Gabriel,3,District 1,4227,584,0.13815945114738584,124565.0,1274,False
06037408724,408724,SPA 3 - San Gabriel,3,District 1,5435,804,0.14793008279668812,69883.0,1601,False
06037408725,408725,SPA 3 - San Gabriel,3,District 1,5848,752,0.12859097127222982,77860.0,1941,False
06037408800,408800,SPA 3 - San Gabriel,3,District 1,4604,859,0.1865768896611642,53045.0,1817,False
06037408900,408900,SPA 3 - San Gabriel,3,District 5,5450,478,0.08770642201834862,75625.0,2315,False
06037409000,409000,SPA 3 - San Gabriel,3,District 1,7435,1623,0.2182918628110289,76875.0,2259,False
06037409100,409100,SPA 3 - San Gabriel,3,District 1,5543,915,0.16507306512718745,95795.0,1449,False
06037430003,430003,SPA 3 - San Gabriel,3,District 5,4848,158,0.03259075907590759,135250.0,1634,False
06037430004,430004,SPA 3 - San Gabriel,3,District 5,3277,192,0.05859017393957888,96397.0,1132,False
06037430005,430005,SPA 3 - San Gabriel,3,District 5,3822,190,0.04971219256933543,122595.0,1322,False
06037430101,430101,SPA 3 - San Gabriel,3,District 5,4879,702,0.14388194302111088,60583.0,2003,False
06037430102,430102,SPA 3 - San Gabriel,3,District 5,4902,461,0.09404324765401877,97844.0,1243,False
06037430200,430200,SPA 3 - San Gabriel,3,District 5,988,45,0.04554655870445344,127730.0,475,False
06037430301,430301,SPA 3 - San Gabriel,3,District 5,4694,238,0.05070302513847465,151530.0,1707,False
06037430302,430302,SPA 3 - San Gabriel,3,District 5,4850,434,0.08948453608247423,94058.0,2203,False
06037430400,430400,SPA 3 - San Gabriel,3,District 5,4267,150,0.035153503632528706,191685.0,1411,False
06037430501,430501,SPA 3 - San Gabriel,3,District 5,4513,162,0.03589629957899402,186213.0,1747,False
06037430502,430502,SPA 3 - San Gabriel,3,District 5,6444,368,0.057107386716325266,114815.0,2964,False
06037430600,430600,SPA 3 - San Gabriel,3,District 5,4282,319,0.0744978981784213,190070.0,1426,False
06037430701,430701,SPA 3 - San Gabriel,3,District 5,5013,283,0.05645322162377818,109702.0,1888,False
06037430721,430721,SPA 3 - San Gabriel,3,District 5,3226,356,0.11035337879727217,98333.0,1336,False
06037430723,430723,SPA 3 - San Gabriel,3,District 5,5075,369,0.07270935960591134,90868.0,1855,False
06037430724,430724,SPA 3 - San Gabriel,3,District 5,4958,460,0.0927793465106898,102969.0,1878,False
06037430801,430801,SPA 3 - San Gabriel,3,District 5,7191,856,0.11903768599638437,92697.0,2319,False
06037430802,430802,SPA 3 - San Gabriel,3,District 5,4008,252,0.06287425149700598,152564.0,1294,False
06037430803,430803,SPA 3 - San Gabriel,3,District 5,5063,274,0.05411811179142801,119265.0,1814,False
06037430901,430901,SPA 3 - San Gabriel,3,District 5,4159,450,0.10819908631882665,84671.0,1541,False
06037430902,430902,SPA 3 - San Gabriel,3,District 5,4979,289,0.058043783892347864,105435.0,1874,False
06037431002,431002,SPA 3 - San Gabriel,3,District 5,3056,260,0.08507853403141362,76316.0,1246,False
06037431003,431003,SPA 3 - San Gabriel,3,District 5,4754,1240,0.2608329827513673,86383.0,1606,True
06037431004,431004,SPA 3 - San Gabriel,3,District 5,3343,139,0.04157941968291953,94484.0,1254,False
06037431100,431100,SPA 3 - San Gabriel,3,District 5,7319,782,0.10684519743134308,97326.0,2468,False
06037431200,431200,SPA 3 - San Gabriel,3,District 5,6261,421,0.06724165468774956,104412.0,1554,False
06037431300,431300,SPA 3 - San Gabriel,3,District 5,2569,204,0.079408330089529,110769.0,852,False
06037431400,431400,SPA 3 - San Gabriel,3,District 5,3770,341,0.09045092838196286,86538.0,1288,False
06037431501,431501,SPA 3 - San Gabriel,3,District 5,3785,386,0.10198150594451784,65917.0,1508,False
06037431502,431502,SPA 3 - San Gabriel,3,District 5,4475,550,0.12290502793296089,101792.0,1445,False
06037431600,431600,SPA 3 - San Gabriel,3,District 5,3860,209,0.054145077720207255,107446.0,1333,False
06037431701,431701,SPA 3 - San Gabriel,3,District 5,6323,382,0.06041436027202277,117138.0,2082,False
06037431800,431800,SPA 3 - San Gabriel,3,District 5,5071,273,0.053835535397357526,88348.0,1798,False
06037431900,431900,SPA 3 - San Gabriel,3,District 5,3688,301,0.08161605206073752,101875.0,1308,False
06037432001,432001,SPA 3 - San Gabriel,3,District 5,1930,82,0.04248704663212435,94071.0,638,False
06037432002,432002,SPA 3 - San Gabriel,3,District 5,5416,611,0.11281388478581979,90991.0,1781,False
06037432101,432101,SPA 3 - San Gabriel,3,District 5,4702,307,0.06529136537643555,130142.0,1390,False
06037432102,432102,SPA 3 - San Gabriel,3,District 5,5463,347,0.06351821343584112,112302.0,1718,False
06037432201,432201,SPA 3 - San Gabriel,3,District 1,4573,390,0.08528318390553247,115648.0,1390,False
06037432202,432202,SPA 3 - San Gabriel,3,District 1,3524,283,0.08030646992054484,81528.0,1144,False
06037432300,432300,SPA 3 - San Gabriel,3,District 1,3946,362,0.0917384693360365,91250.0,1139,False
06037432401,432401,SPA 3 - San Gabriel,3,District 1,4130,521,0.1261501210653753,79140.0,1053,False
06037432402,432402,SPA 3 - San Gabriel,3,District 1,5350,996,0.18616822429906543,61563.0,1619,False
06037432501,432501,SPA 3 - San Gabriel,3,District 1,4021,605,0.15046008455608056,76250.0,1302,False
06037432502,432502,SPA 3 - San Gabriel,3,District 1,4273,207,0.04844371635853031,114688.0,957,False
06037432601,432601,SPA 3 - San Gabriel,3,District 1,6453,1426,0.22098248876491555,61775.0,1819,False
06037432602,432602,SPA 3 - San Gabriel,3,District 1,4459,660,0.1480152500560664,71875.0,1156,False
06037432700,432700,SPA 3 - San Gabriel,3,District 1,4575,939,0.20524590163934425,67560.0,1427,False
06037432801,432801,SPA 3 - San Gabriel,3,District 1,2296,657,0.28614982578397213,36964.0,844,True
06037432802,432802,SPA 3 - San Gabriel,3,District 1,5365,1279,0.23839701770736255,59861.0,1489,False
06037432901,432901,SPA 3 - San Gabriel,3,District 1,4236,758,0.1789423984891407,62618.0,1211,False
06037432902,432902,SPA 3 - San Gabriel,3,District 1,2907,266,0.0915032679738562,80486.0,801,False
06037433103,433103,SPA 3 - San Gabriel,3,District 1,6628,861,0.12990343995171996,67664.0,1869,False
06037433200,433200,SPA 3 - San Gabriel,3,District 1,5994,877,0.14631297964631299,64655.0,1658,False
06037433302,433302,SPA 3 - San Gabriel,3,District 1,1837,37,0.020141535111594992,61210.0,510,False
06037433304,433304,SPA 3 - San Gabriel,3,District 1,3836,903,0.2354014598540146,38969.0,1191,False
06037433305,433305,SPA 3 - San Gabriel,3,District 1,4538,770,0.16967827236668137,55417.0,1253,False
06037433306,433306,SPA 3 - San Gabriel,3,District 1,2904,541,0.1862947658402204,64226.0,781,False
06037433307,433307,SPA 3 - San Gabriel,3,District 1,2738,502,0.183345507669832,86058.0,802,False
06037433402,433402,SPA 3 - San Gabriel,3,District 1,4549,579,0.12728072103759067,68029.0,1191,False
06037433403,433403,SPA 3 - San Gabriel,3,District 1,4860,1057,0.21748971193415637,54708.0,1243,False
06037433505,433505,SPA 3 - San Gabriel,3,District 1,3981,512,0.12861090178347148,65865.0,1111,False
06037433506,433506,SPA 3 - San Gabriel,3,District 1,3537,966,0.2731128074639525,47230.0,1063,True
06037433601,433601,SPA 3 - San Gabriel,3,District 1,4873,307,0.06300020521239483,73314.0,1324,False
06037433602,433602,SPA 3 - San Gabriel,3,District 1,2730,593,0.21721611721611722,42465.0,844,False
06037433803,433803,SPA 3 - San Gabriel,3,District 1,3240,773,0.23858024691358024,85517.0,856,False
06037433804,433804,SPA 3 - San Gabriel,3,District 1,4542,1702,0.3747247908410392,65213.0,1035,True
06037433901,433901,SPA 3 - San Gabriel,3,District 1,5401,1145,0.21199777818922422,69348.0,1358,False
06037433903,433903,SPA 3 - San Gabriel,3,District 1,5422,1468,0.27074880118037625,53681.0,1463,True
06037434001,434001,SPA 3 - San Gabriel,3,District 1,4408,689,0.15630671506352087,82213.0,1036,False
06037434003,434003,SPA 3 - San Gabriel,3,District 1,3642,519,0.14250411861614498,69507.0,935,False
06037434004,434004,SPA 3 - San Gabriel,3,District 1,3136,366,0.11670918367346939,105663.0,722,False
06037434100,434100,SPA 3 - San Gabriel,3,District 1,5908,889,0.1504739336492891,77992.0,1583,False
06037460001,460001,SPA 3 - San Gabriel,3,District 5,1853,33,0.017808958445763627,249861.0,653,False
06037460002,460002,SPA 3 - San Gabriel,3,District 5,2748,65,0.023653566229985445,189491.0,1101,False
06037460101,460101,SPA 3 - San Gabriel,3,District 5,5650,187,0.033097345132743365,177364.0,2341,False
06037460200,460200,SPA 3 - San Gabriel,3,District 5,5835,567,0.09717223650385604,153750.0,1919,False
06037460301,460301,SPA 3 - San Gabriel,3,District 5,4643,211,0.0454447555459832,156250.0,1469,False
06037460302,460302,SPA 3 - San Gabriel,3,District 5,4366,253,0.057947778286761335,92009.0,1651,False
06037460401,460401,SPA 3 - San Gabriel,3,District 5,1093,74,0.0677035681610247,124167.0,372,False
06037460501,460501,SPA 2 - San Fernando,2,District 5,5237,152,0.029024250525109797,229276.0,1745,False
06037460502,460502,SPA 2 - San Fernando,2,District 5,4802,95,0.01978342357351104,250001.0,1476,False
06037460601,460601,SPA 2 - San Fernando,2,District 5,5244,170,0.03241800152555301,208533.0,1706,False
06037460700,460700,SPA 2 - San Fernando,2,District 5,4791,303,0.06324358171571696,196471.0,1476,False
06037460800,460800,SPA 3 - San Gabriel,3,District 5,2792,35,0.012535816618911174,250001.0,1182,False
06037460900,460900,SPA 3 - San Gabriel,3,District 5,6267,1329,0.21206318812829106,93083.0,1933,False
06037461000,461000,SPA 3 - San Gabriel,3,District 5,5406,551,0.10192378838327784,125302.0,1603,False
06037461100,461100,SPA 3 - San Gabriel,3,District 5,5153,537,0.10421113914224724,119375.0,1775,False
06037461200,461200,SPA 3 - San Gabriel,3,District 5,4309,109,0.025295892318403342,172917.0,1679,False
06037461300,461300,SPA 3 - San Gabriel,3,District 5,5887,673,0.11431968744691694,93264.0,2478,False
06037461400,461400,SPA 3 - San Gabriel,3,District 5,2669,277,0.10378418883476957,97014.0,1226,False
06037461501,461501,SPA 3 - San Gabriel,3,District 5,3559,390,0.10958134307389716,96313.0,1293,False
06037461502,461502,SPA 3 - San Gabriel,3,District 5,5382,973,0.18078781122259382,72887.0,1731,False
06037461600,461600,SPA 3 - San Gabriel,3,District 5,5153,728,0.14127692606248787,77986.0,1725,False
06037461700,461700,SPA 3 - San Gabriel,3,District 5,1323,56,0.042328042328042326,126250.0,619,False
06037461901,461901,SPA 3 - San Gabriel,3,District 5,4658,1425,0.3059252898239588,64583.0,1728,True
06037461902,461902,SPA 3 - San Gabriel,3,District 5,1999,579,0.2896448224112056,66786.0,1260,True
06037462001,462001,SPA 3 - San Gabriel,3,District 5,4243,766,0.1805326419985859,90776.0,1263,False
06037462002,462002,SPA 3 - San Gabriel,3,District 5,3577,1399,0.39110986860497626,42101.0,1116,True
06037462100,462100,SPA 3 - San Gabriel,3,District 5,4678,346,0.07396323215049166,93534.0,1714,False
06037462201,462201,SPA 3 - San Gabriel,3,District 5,3579,1140,0.31852472757753564,48667.0,1908,True
06037462202,462202,SPA 3 - San Gabriel,3,District 5,3117,490,0.15720243824189925,103618.0,1793,False
06037462301,462301,SPA 3 - San Gabriel,3,District 5,3924,443,0.11289500509683996,89018.0,1739,False
06037462302,462302,SPA 3 - San Gabriel,3,District 5,3377,619,0.1832987859046491,74679.0,1616,False
06037462400,462400,SPA 3 - San Gabriel,3,District 5,3865,498,0.12884864165588616,147727.0,1422,False
06037462500,462500,SPA 3 - San Gabriel,3,District 5,6410,177,0.02761310452418097,126488.0,2663,False
06037462600,462600,SPA 3 - San Gabriel,3,District 5,2382,215,0.09026028547439127,138500.0,944,False
06037462700,462700,SPA 3 - San Gabriel,3,District 5,5668,1013,0.1787226534932957,66648.0,2483,False
06037462800,462800,SPA 3 - San Gabriel,3,District 5,2919,378,0.12949640287769784,108654.0,1136,False
06037462900,462900,SPA 3 - San Gabriel,3,District 5,3654,210,0.05747126436781609,121176.0,1430,False
06037463000,463000,SPA 3 - San Gabriel,3,District 5,2691,226,0.08398364920104051,120845.0,1105,False
06037463103,463103,SPA 3 - San Gabriel,3,District 5,5567,364,0.06538530626908569,105714.0,2036,False
06037463200,463200,SPA 3 - San Gabriel,3,District 5,3225,322,0.09984496124031007,93073.0,1500,False
06037463300,463300,SPA 3 - San Gabriel,3,District 5,2014,132,0.06554121151936444,138542.0,853,False
06037463400,463400,SPA 3 - San Gabriel,3,District 5,5869,525,0.08945305844266485,126225.0,2550,False
06037463500,463500,SPA 3 - San Gabriel,3,District 5,5181,566,0.10924531943640224,99963.0,2483,False
06037463601,463601,SPA 3 - San Gabriel,3,District 5,6192,725,0.11708656330749354,98457.0,3498,False
06037463602,463602,SPA 3 - San Gabriel,3,District 5,5811,1029,0.17707795560144554,122500.0,3424,False
06037463700,463700,SPA 3 - San Gabriel,3,District 5,3429,188,0.05482648002333042,175230.0,1775,False
06037463800,463800,SPA 3 - San Gabriel,3,District 5,3962,98,0.024734982332155476,220750.0,1526,False
06037463900,463900,SPA 3 - San Gabriel,3,District 5,2940,147,0.05,131630.0,1422,False
06037464000,464000,SPA 3 - San Gabriel,3,District 5,5297,212,0.04002265433264112,147632.0,2430,False
06037464101,464101,SPA 3 - San Gabriel,3,District 5,2223,52,0.023391812865497075,182206.0,796,False
06037464102,464102,SPA 3 - San Gabriel,3,District 5,4381,413,0.094270714448756,212014.0,1137,False
06037464200,464200,SPA 3 - San Gabriel,3,District 5,5675,247,0.04352422907488987,176389.0,1874,False
06037480002,480002,SPA 3 - San Gabriel,3,District 5,3779,366,0.09685101878803916,144219.0,1331,False
06037480011,480011,SPA 3 - San Gabriel,3,District 5,5161,887,0.171865917457857,99243.0,1755,False
06037480012,480012,SPA 3 - San Gabriel,3,District 5,4712,461,0.09783531409168081,104097.0,1657,False
06037480101,480101,SPA 3 - San Gabriel,3,District 5,4039,481,0.11908888338697697,91875.0,1310,False
06037480102,480102,SPA 3 - San Gabriel,3,District 5,3885,338,0.087001287001287,114743.0,1285,False
06037480201,480201,SPA 3 - San Gabriel,3,District 1,3646,100,0.027427317608337904,144000.0,1270,False
06037480202,480202,SPA 3 - San Gabriel,3,District 1,2712,136,0.05014749262536873,128000.0,1048,False
06037480302,480302,SPA 3 - San Gabriel,3,District 1,3992,496,0.12424849699398798,106607.0,1611,False
06037480303,480303,SPA 3 - San Gabriel,3,District 1,4426,316,0.07139629462268414,94497.0,1567,False
06037480304,480304,SPA 3 - San Gabriel,3,District 1,4043,446,0.11031412317585951,76780.0,1785,False
06037480400,480400,SPA 3 - San Gabriel,3,District 1,5889,729,0.1237901171676006,90580.0,2443,False
06037480500,480500,SPA 3 - San Gabriel,3,District 5,5298,132,0.02491506228765572,119167.0,2146,False
06037480601,480601,SPA 3 - San Gabriel,3,District 5,4044,294,0.07270029673590504,129500.0,1686,False
06037480602,480602,SPA 3 - San Gabriel,3,District 5,4153,81,0.019503973031543463,120188.0,1755,False
06037480702,480702,SPA 3 - San Gabriel,3,District 5,4501,140,0.03110419906687403,167452.0,1651,False
06037480703,480703,SPA 3 - San Gabriel,3,District 5,4074,366,0.0898379970544919,178200.0,1342,False
06037480704,480704,SPA 3 - San Gabriel,3,District 5,4057,324,0.07986196697066798,115415.0,1833,False
06037480802,480802,SPA 3 - San Gabriel,3,District 1,3154,476,0.15091946734305645,106447.0,1098,False
06037480803,480803,SPA 3 - San Gabriel,3,District 1,3008,350,0.1163563829787234,102619.0,1134,False
06037480804,480804,SPA 3 - San Gabriel,3,District 1,4675,421,0.09005347593582888,87530.0,1835,False
06037480901,480901,SPA 3 - San Gabriel,3,District 1,3876,767,0.1978844169246646,73211.0,1601,False
06037480902,480902,SPA 3 - San Gabriel,3,District 1,4012,989,0.24651046859421735,64732.0,1387,False
06037480903,480903,SPA 3 - San Gabriel,3,District 1,2835,421,0.14850088183421517,86667.0,1096,False
06037481001,481001,SPA 3 - San Gabriel,3,District 1,4302,689,0.1601580660158066,71339.0,1668,False
06037481002,481002,SPA 3 - San Gabriel,3,District 1,5746,654,0.11381830838844413,84098.0,2067,False
06037481101,481101,SPA 3 - San Gabriel,3,District 1,3994,547,0.13695543314972458,98047.0,1456,False
06037481102,481102,SPA 3 - San Gabriel,3,District 1,3502,403,0.11507709880068533,81442.0,1266,False
06037481103,481103,SPA 3 - San Gabriel,3,District 1,5276,879,0.16660348749052312,76930.0,1876,False
06037481201,481201,SPA 3 - San Gabriel,3,District 5,3908,685,0.17528147389969292,91042.0,1224,False
06037481203,481203,SPA 3 - San Gabriel,3,District 1,6768,512,0.07565011820330969,79504.0,1912,False
06037481300,481300,SPA 3 - San Gabriel,3,District 1,3072,196,0.06380208333333333,75549.0,834,False
06037481401,481401,SPA 3 - San Gabriel,3,District 1,5399,846,0.1566956843859974,83512.0,1710,False
06037481403,481403,SPA 3 - San Gabriel,3,District 1,3113,560,0.1798907805974944,79612.0,882,False
06037481404,481404,SPA 3 - San Gabriel,3,District 1,3867,402,0.10395655546935609,74183.0,1199,False
06037481500,481500,SPA 3 - San Gabriel,3,District 1,4325,520,0.12023121387283237,78479.0,1543,False
06037481603,481603,SPA 3 - San Gabriel,3,District 1,3558,346,0.09724564362001124,81974.0,1236,False
06037481604,481604,SPA 3 - San Gabriel,3,District 1,4175,339,0.08119760479041917,79609.0,1429,False
06037481605,481605,SPA 3 - San Gabriel,3,District 1,2811,373,0.1326929918178584,88542.0,1025,False
06037481606,481606,SPA 3 - San Gabriel,3,District 1,4916,782,0.15907241659886087,73344.0,1639,False
06037481711,481711,SPA 3 - San Gabriel,3,District 1,4183,598,0.14295959837437247,55797.0,1413,False
06037481712,481712,SPA 3 - San Gabriel,3,District 1,5182,1141,0.22018525665766114,44688.0,1740,False
06037481713,481713,SPA 3 - San Gabriel,3,District 1,2727,466,0.17088375504217088,60600.0,972,False
06037481714,481714,SPA 3 - San Gabriel,3,District 1,2595,841,0.3240847784200385,42713.0,991,True
06037481800,481800,SPA 3 - San Gabriel,3,District 1,2276,89,0.03910369068541301,126875.0,836,False
06037481901,481901,SPA 3 - San Gabriel,3,District 1,5529,359,0.0649303671550009,119110.0,1982,False
06037481902,481902,SPA 3 - San Gabriel,3,District 1,3319,349,0.10515215426333233,83963.0,1110,False
06037482001,482001,SPA 3 - San Gabriel,3,District 1,2647,109,0.04117869285984133,126083.0,923,False
06037482002,482002,SPA 3 - San Gabriel,3,District 1,6816,645,0.09463028169014084,105272.0,2655,False
06037482101,482101,SPA 3 - San Gabriel,3,District 1,4517,559,0.1237547044498561,85905.0,1543,False
06037482102,482102,SPA 3 - San Gabriel,3,District 1,3264,238,0.07291666666666667,107664.0,1115,False
06037482201,482201,SPA 3 - San Gabriel,3,District 1,3830,727,0.1898172323759791,59922.0,1345,False
06037482202,482202,SPA 3 - San Gabriel,3,District 1,5431,716,0.1318357576873504,67712.0,1726,False
06037482301,482301,SPA 3 - San Gabriel,3,District 1,4855,702,0.14459320288362512,81389.0,1342,False
06037482303,482303,SPA 3 - San Gabriel,3,District 1,4758,828,0.17402269861286254,67000.0,1406,False
06037482304,482304,SPA 3 - San Gabriel,3,District 1,2819,582,0.20645619013834693,57200.0,752,False
06037482401,482401,SPA 3 - San Gabriel,3,District 1,3647,474,0.12996983822319716,68750.0,1013,False
06037482403,482403,SPA 3 - San Gabriel,3,District 1,3254,743,0.2283343577135833,47125.0,892,False
06037482404,482404,SPA 3 - San Gabriel,3,District 1,3365,124,0.03684992570579495,71000.0,1234,False
06037482502,482502,SPA 3 - San Gabriel,3,District 1,3518,765,0.217453098351336,73125.0,836,False
06037482503,482503,SPA 3 - San Gabriel,3,District 1,4007,666,0.1662091340154729,80933.0,1042,False
06037482521,482521,SPA 3 - San Gabriel,3,District 1,5157,385,0.07465580764010084,80000.0,1496,False
06037482522,482522,SPA 7 - East,7,District 1,4064,210,0.05167322834645669,85417.0,1539,False
06037482600,482600,SPA 3 - San Gabriel,3,District 1,6377,303,0.04751450525325388,104503.0,2179,False
06037482701,482701,SPA 3 - San Gabriel,3,District 1,3817,454,0.11894157715483364,73750.0,1366,False
06037482702,482702,SPA 3 - San Gabriel,3,District 1,2377,182,0.07656710138830458,97379.0,843,False
06037482801,482801,SPA 3 - San Gabriel,3,District 1,3826,496,0.12963930998431783,87182.0,1318,False
06037500100,500100,SPA 7 - East,7,District 4,3671,70,0.019068373740125308,213897.0,1144,False
06037500202,500202,SPA 7 - East,7,District 4,4808,168,0.03494176372712146,142868.0,1502,False
06037500203,500203,SPA 7 - East,7,District 4,3976,105,0.02640845070422535,141955.0,1275,False
06037500204,500204,SPA 7 - East,7,District 4,2356,125,0.05305602716468591,158207.0,957,False
06037500300,500300,SPA 7 - East,7,District 4,2691,113,0.041991824600520256,120694.0,1145,False
06037500402,500402,SPA 7 - East,7,District 4,4651,338,0.07267254353902386,66940.0,1249,False
06037500403,500403,SPA 7 - East,7,District 4,3828,806,0.21055381400208986,86134.0,1073,False
06037500404,500404,SPA 7 - East,7,District 4,4364,250,0.05728689275893675,102880.0,1222,False
06037500500,500500,SPA 7 - East,7,District 4,2810,289,0.10284697508896797,70585.0,864,False
06037500600,500600,SPA 7 - East,7,District 4,5845,458,0.07835757057313944,100375.0,1205,False
06037500700,500700,SPA 7 - East,7,District 4,6311,767,0.12153382982094756,90761.0,1766,False
06037500800,500800,SPA 7 - East,7,District 4,4634,282,0.06085455330168321,114310.0,1262,False
06037500900,500900,SPA 7 - East,7,District 4,5167,973,0.18831043158505903,54531.0,1790,False
06037501001,501001,SPA 7 - East,7,District 4,2980,370,0.12416107382550336,106500.0,724,False
06037501002,501002,SPA 7 - East,7,District 4,4587,138,0.030085022890778287,113222.0,1314,False
06037501200,501200,SPA 7 - East,7,District 4,4953,341,0.06884716333535232,94032.0,1462,False
06037501301,501301,SPA 7 - East,7,District 4,2978,112,0.03760913364674278,89432.0,1086,False
06037501302,501302,SPA 7 - East,7,District 4,4534,350,0.07719453021614468,101000.0,1564,False
06037501400,501400,SPA 7 - East,7,District 4,3443,313,0.09090909090909091,89500.0,1110,False
06037501501,501501,SPA 7 - East,7,District 4,1963,79,0.040244523688232295,132857.0,780,False
06037501503,501503,SPA 7 - East,7,District 4,5403,912,0.1687951138256524,83831.0,1920,False
06037501504,501504,SPA 7 - East,7,District 4,3289,638,0.1939799331103679,50685.0,1420,False
06037501600,501600,SPA 7 - East,7,District 4,6765,747,0.11042128603104213,112614.0,2190,False
06037501700,501700,SPA 7 - East,7,District 4,3770,358,0.09496021220159151,121042.0,1343,False
06037501802,501802,SPA 7 - East,7,District 4,3183,295,0.09267986176562991,91742.0,1230,False
06037501803,501803,SPA 7 - East,7,District 4,4583,648,0.1413921012437268,61890.0,1412,False
06037501804,501804,SPA 7 - East,7,District 4,2063,336,0.1628696073679108,61438.0,738,False
06037501900,501900,SPA 7 - East,7,District 4,4309,219,0.05082385704339754,101042.0,1322,False
06037502003,502003,SPA 7 - East,7,District 4,2651,493,0.1859675594115428,78370.0,704,False
06037502004,502004,SPA 7 - East,7,District 4,3662,399,0.10895685417804478,72344.0,941,False
06037502005,502005,SPA 7 - East,7,District 4,4392,244,0.05555555555555555,91617.0,1177,False
06037502100,502100,SPA 7 - East,7,District 4,5128,642,0.125195007800312,88021.0,1808,False
06037502200,502200,SPA 7 - East,7,District 4,7093,459,0.06471168757930354,112851.0,1897,False
06037502303,502303,SPA 7 - East,7,District 4,8163,1314,0.1609702315325248,67126.0,1924,False
06037502401,502401,SPA 7 - East,7,District 4,4911,332,0.06760333944206882,84511.0,1355,False
06037502402,502402,SPA 7 - East,7,District 4,3425,248,0.07240875912408759,91856.0,989,False
06037502500,502500,SPA 7 - East,7,District 4,4048,481,0.11882411067193675,91563.0,1122,False
06037502602,502602,SPA 7 - East,7,District 4,4136,278,0.0672147001934236,77832.0,1303,False
06037502603,502603,SPA 7 - East,7,District 4,3329,217,0.06518474016221087,123885.0,785,False
06037502604,502604,SPA 7 - East,7,District 4,3667,212,0.05781292609762749,110250.0,1115,False
06037502700,502700,SPA 7 - East,7,District 4,7440,589,0.07916666666666666,91673.0,2094,False
06037502801,502801,SPA 7 - East,7,District 4,6449,447,0.0693130717940766,100074.0,1817,False
06037502901,502901,SPA 7 - East,7,District 4,5457,375,0.06871907641561298,123143.0,1562,False
06037503000,503000,SPA 7 - East,7,District 4,5594,597,0.10672148730782982,105278.0,1360,False
06037503103,503103,SPA 7 - East,7,District 4,5578,549,0.09842237361061312,108475.0,1249,False
06037503104,503104,SPA 7 - East,7,District 4,2302,123,0.053431798436142486,83750.0,673,False
06037503105,503105,SPA 7 - East,7,District 4,3392,88,0.025943396226415096,120890.0,965,False
06037503106,503106,SPA 7 - East,7,District 4,3961,478,0.1206765968189851,86568.0,1147,False
06037503201,503201,SPA 7 - East,7,District 4,3872,454,0.11725206611570248,101750.0,1034,False
06037503202,503202,SPA 7 - East,7,District 4,4170,618,0.14820143884892087,93482.0,1270,False
06037503301,503301,SPA 7 - East,7,District 4,3436,136,0.03958090803259604,125568.0,1049,False
06037503302,503302,SPA 7 - East,7,District 4,6039,764,0.1265110117569134,89500.0,1778,False
06037503401,503401,SPA 7 - East,7,District 4,7110,242,0.034036568213783404,105712.0,2193,False
06037503402,503402,SPA 7 - East,7,District 4,3786,259,0.06840993132593766,98016.0,1279,False
06037503501,503501,SPA 7 - East,7,District 4,6913,166,0.024012729639809056,101520.0,1960,False
06037503502,503502,SPA 7 - East,7,District 4,3818,99,0.025929806181246726,91981.0,1042,False
06037503601,503601,SPA 7 - East,7,District 4,3936,234,0.05945121951219512,104940.0,1238,False
06037503602,503602,SPA 7 - East,7,District 4,3784,244,0.06448202959830866,144191.0,1189,False
06037503701,503701,SPA 7 - East,7,District 4,4884,179,0.03665028665028665,102043.0,1641,False
06037503702,503702,SPA 7 - East,7,District 4,5158,254,0.04924389298177588,113173.0,1706,False
06037503704,503704,SPA 7 - East,7,District 4,4363,233,0.05340362136144854,66162.0,1957,False
06037503705,503705,SPA 7 - East,7,District 4,2928,137,0.0467896174863388,113169.0,1065,False
06037503801,503801,SPA 7 - East,7,District 4,3718,464,0.12479827864443249,102813.0,1219,False
06037503802,503802,SPA 7 - East,7,District 4,5186,130,0.025067489394523718,105732.0,1757,False
06037503901,503901,SPA 7 - East,7,District 4,2212,70,0.03164556962025317,142500.0,706,False
06037503902,503902,SPA 7 - East,7,District 4,5065,225,0.044422507403751234,124821.0,1524,False
06037504001,504001,SPA 7 - East,7,District 4,3350,341,0.1017910447761194,,1440,False
06037504002,504002,SPA 7 - East,7,District 4,5050,325,0.06435643564356436,134786.0,1496,False
06037504101,504101,SPA 7 - East,7,District 4,5061,511,0.10096818810511757,90341.0,1411,False
06037504200,504200,SPA 7 - East,7,District 4,7081,1230,0.1737042790566304,73338.0,2395,False
06037530005,530005,SPA 7 - East,7,District 1,3428,72,0.021003500583430573,127417.0,1319,False
06037530006,530006,SPA 7 - East,7,District 1,4644,435,0.09366925064599484,87237.0,1650,False
06037530007,530007,SPA 7 - East,7,District 1,6453,518,0.08027274136060747,76780.0,2196,False
06037530101,530101,SPA 7 - East,7,District 1,4895,1453,0.2968335035750766,42972.0,1708,True
06037530102,530102,SPA 7 - East,7,District 1,4699,543,0.11555650138327303,54674.0,1648,False
06037530202,530202,SPA 7 - East,7,District 1,4107,355,0.08643778914049184,114550.0,1295,False
06037530203,530203,SPA 7 - East,7,District 1,2803,696,0.24830538708526578,52226.0,976,False
06037530204,530204,SPA 7 - East,7,District 1,3727,495,0.1328145961899651,67500.0,1180,False
06037530301,530301,SPA 7 - East,7,District 1,2100,251,0.11952380952380952,64071.0,578,False
06037530302,530302,SPA 7 - East,7,District 1,6189,896,0.14477298432703184,69522.0,1913,False
06037530400,530400,SPA 7 - East,7,District 1,3567,1081,0.30305578917858145,40889.0,1186,True
06037530500,530500,SPA 7 - East,7,District 1,4001,473,0.11822044488877781,70307.0,1124,False
06037530603,530603,SPA 7 - East,7,District 1,4386,585,0.13337893296853626,89718.0,1177,False
06037530700,530700,SPA 4 - Metro,4,District 1,1998,334,0.16716716716716717,90685.0,549,False
06037530801,530801,SPA 7 - East,7,District 1,5903,850,0.1439945790276131,87478.0,1305,False
06037530802,530802,SPA 7 - East,7,District 1,3217,442,0.13739508859185576,74271.0,841,False
06037530901,530901,SPA 7 - East,7,District 1,3851,656,0.17034536484030122,67700.0,926,False
06037530902,530902,SPA 7 - East,7,District 1,3712,1010,0.27209051724137934,41205.0,1155,True
06037531000,531000,SPA 7 - East,7,District 1,4602,353,0.0767057800956106,82531.0,1172,False
06037531101,531101,SPA 7 - East,7,District 1,4509,650,0.14415613218008427,72727.0,1090,False
06037531102,531102,SPA 7 - East,7,District 1,2378,579,0.24348191757779647,50900.0,786,False
06037531201,531201,SPA 7 - East,7,District 1,4153,403,0.09703828557669154,75183.0,1134,False
06037531202,531202,SPA 7 - East,7,District 1,4493,989,0.22012018695748942,53875.0,1183,False
06037531301,531301,SPA 7 - East,7,District 1,5335,981,0.1838800374882849,64259.0,1374,False
06037531302,531302,SPA 7 - East,7,District 1,5587,1351,0.24181134777161267,59555.0,1355,False
06037531502,531502,SPA 7 - East,7,District 1,3209,665,0.20722966656279215,52083.0,788,False
06037531503,531503,SPA 7 - East,7,District 1,2440,325,0.13319672131147542,71938.0,797,False
06037531504,531504,SPA 7 - East,7,District 1,3990,911,0.22832080200501254,63163.0,989,False
06037531602,531602,SPA 7 - East,7,District 1,3719,728,0.19575154611454693,64839.0,972,False
06037531603,531603,SPA 7 - East,7,District 1,3456,469,0.13570601851851852,68721.0,935,False
06037531604,531604,SPA 7 - East,7,District 1,3065,772,0.2518760195758564,57411.0,806,True
06037531701,531701,SPA 7 - East,7,District 1,5398,1176,0.21785846609855503,69697.0,1370,False
06037531702,531702,SPA 7 - East,7,District 1,4832,471,0.09747516556291391,79722.0,1334,False
06037531800,531800,SPA 7 - East,7,District 1,4508,538,0.11934338952972494,86369.0,1345,False
06037531901,531901,SPA 7 - East,7,District 1,6632,761,0.11474668275030157,65333.0,1806,False
06037531902,531902,SPA 7 - East,7,District 1,3958,521,0.1316321374431531,76694.0,1057,False
06037532001,532001,SPA 7 - East,7,District 1,3133,327,0.1043728056176189,64198.0,990,False
06037532002,532002,SPA 7 - East,7,District 1,3330,339,0.1018018018018018,81516.0,1062,False
06037532101,532101,SPA 7 - East,7,District 1,7203,1073,0.14896570873247258,59203.0,1977,False
06037532102,532102,SPA 7 - East,7,District 1,3632,312,0.08590308370044053,113977.0,969,False
06037532200,532200,SPA 7 - East,7,District 1,6333,1055,0.16658771514290227,77926.0,1714,False
06037532302,532302,SPA 7 - East,7,District 4,4565,776,0.16998904709748083,67736.0,1160,False
06037532303,532303,SPA 7 - East,7,District 4,4111,522,0.12697640476769642,77938.0,1282,False
06037532304,532304,SPA 7 - East,7,District 4,3961,812,0.2049987376925019,66176.0,1052,False
06037532500,532500,SPA 7 - East,7,District 4,3705,665,0.1794871794871795,57586.0,1124,False
06037532605,532605,SPA 7 - East,7,District 4,4431,1010,0.2279395170390431,54006.0,1249,False
06037532606,532606,SPA 7 - East,7,District 4,3968,744,0.1875,49154.0,1235,False
06037532607,532607,SPA 7 - East,7,District 4,5150,937,0.18194174757281553,52778.0,1408,False
06037532700,532700,SPA 7 - East,7,District 2,3128,637,0.20364450127877237,60743.0,708,False
06037532800,532800,SPA 6 - South,6,District 2,4291,1220,0.28431601025402004,48952.0,966,True
06037532900,532900,SPA 6 - South,6,District 2,6247,2183,0.3494477349127581,42704.0,1608,True
06037533001,533001,SPA 7 - East,7,District 2,4368,650,0.1488095238095238,75236.0,1112,False
06037533002,533002,SPA 7 - East,7,District 2,2217,507,0.22868741542625168,55625.0,582,False
06037533103,533103,SPA 7 - East,7,District 4,3141,590,0.18783826806749443,52963.0,770,False
06037533104,533104,SPA 7 - East,7,District 4,4221,889,0.21061359867330018,44131.0,1281,False
06037533105,533105,SPA 7 - East,7,District 4,2476,363,0.14660743134087237,50658.0,652,False
06037533108,533108,SPA 7 - East,7,District 4,4751,878,0.18480319932645758,56473.0,1300,False
06037533201,533201,SPA 7 - East,7,District 4,2157,321,0.14881780250347706,67632.0,662,False
06037533204,533204,SPA 7 - East,7,District 4,4081,548,0.13428081352609655,69063.0,1045,False
06037533300,533300,SPA 7 - East,7,District 4,3061,685,0.22378307742567788,51667.0,846,False
06037533401,533401,SPA 7 - East,7,District 4,4534,755,0.16651962946625495,60737.0,1173,False
06037533402,533402,SPA 7 - East,7,District 4,3988,963,0.24147442326980942,59886.0,991,False
06037533403,533403,SPA 7 - East,7,District 4,2350,199,0.08468085106382979,68697.0,746,False
06037533501,533501,SPA 7 - East,7,District 4,2796,390,0.13948497854077252,74286.0,796,False
06037533504,533504,SPA 7 - East,7,District 4,3791,726,0.1915061988921129,62917.0,945,False
06037533601,533601,SPA 7 - East,7,District 4,4202,674,0.1603998096144693,66964.0,1161,False
06037533602,533602,SPA 7 - East,7,District 4,5081,877,0.17260381814603423,59846.0,1341,False
06037533603,533603,SPA 7 - East,7,District 4,6314,1825,0.2890402280646183,50036.0,1688,True
06037533701,533701,SPA 7 - East,7,District 4,2904,297,0.10227272727272728,57169.0,829,False
06037533702,533702,SPA 7 - East,7,District 4,3664,932,0.25436681222707425,70643.0,892,True
06037533703,533703,SPA 7 - East,7,District 4,3827,704,0.1839561013848968,59886.0,878,False
06037533803,533803,SPA 7 - East,7,District 4,5630,1801,0.31989342806394316,48000.0,1594,True
06037533804,533804,SPA 7 - East,7,District 4,3666,557,0.151936715766503,72852.0,1055,False
06037533805,533805,SPA 7 - East,7,District 4,3883,721,0.18568117434972958,60504.0,1063,False
06037533806,533806,SPA 7 - East,7,District 4,3307,542,0.16389476867251285,70370.0,880,False
06037533901,533901,SPA 7 - East,7,District 4,5170,1218,0.23558994197292069,53919.0,1382,False
06037533902,533902,SPA 7 - East,7,District 4,4339,618,0.1424291311362065,57803.0,1022,False
06037534001,534001,SPA 7 - East,7,District 4,5143,1297,0.25218743923779896,64886.0,1336,True
06037534002,534002,SPA 7 - East,7,District 4,3847,516,0.1341304912919158,80500.0,978,False
06037534101,534101,SPA 7 - East,7,District 4,1898,276,0.14541622760800843,54107.0,469,False
06037534102,534102,SPA 7 - East,7,District 4,5807,1719,0.29602204236266577,48229.0,1476,True
06037534201,534201,SPA 7 - East,7,District 4,3967,793,0.19989916813713132,54766.0,991,False
06037534202,534202,SPA 7 - East,7,District 4,4717,1380,0.29255882976468095,49656.0,1229,True
06037534203,534203,SPA 7 - East,7,District 4,3236,504,0.1557478368355995,48545.0,865,False
06037534301,534301,SPA 7 - East,7,District 4,4028,1456,0.3614697120158888,44792.0,1078,True
06037534302,534302,SPA 7 - East,7,District 4,3823,1103,0.2885168715668323,62500.0,916,True
06037534403,534403,SPA 7 - East,7,District 4,3311,1126,0.34007852612503775,52139.0,849,True
06037534404,534404,SPA 7 - East,7,District 4,3118,646,0.20718409236690186,54063.0,911,False
06037534405,534405,SPA 7 - East,7,District 4,3887,1002,0.2577823514278364,54523.0,909,True
06037534406,534406,SPA 7 - East,7,District 4,4087,876,0.21433814533887938,50653.0,1139,False
06037534501,534501,SPA 7 - East,7,District 4,5428,832,0.15327929255711129,62083.0,1330,False
06037534502,534502,SPA 7 - East,7,District 4,3187,493,0.15469093191088798,76302.0,893,False
06037534700,534700,SPA 7 - East,7,District 4,4135,363,0.08778718258766627,87756.0,986,False
06037534802,534802,SPA 7 - East,7,District 4,2455,298,0.12138492871690428,70203.0,624,False
06037534803,534803,SPA 7 - East,7,District 4,4431,483,0.10900473933649289,80440.0,1178,False
06037534804,534804,SPA 7 - East,7,District 4,4278,1127,0.26344086021505375,75172.0,998,True
06037534900,534900,SPA 6 - South,6,District 2,6133,682,0.11120169574433393,80441.0,1372,False
06037535001,535001,SPA 6 - South,6,District 2,4166,1149,0.2758041286605857,57241.0,914,True
06037535002,535002,SPA 6 - South,6,District 2,3637,1037,0.28512510310695627,49621.0,902,True
06037535101,535101,SPA 6 - South,6,District 2,7937,1018,0.12826004787703163,66287.0,1945,False
06037535102,535102,SPA 6 - South,6,District 2,4506,811,0.17998224589436307,65873.0,1059,False
06037535200,535200,SPA 6 - South,6,District 2,5745,697,0.12132288946910356,74167.0,1250,False
06037535300,535300,SPA 6 - South,6,District 2,5818,1577,0.27105534547954624,59267.0,1332,True
06037535400,535400,SPA 6 - South,6,District 2,3388,1032,0.30460448642266824,57000.0,742,True
06037535501,535501,SPA 7 - East,7,District 4,2966,593,0.19993256911665544,56625.0,957,False
06037535502,535502,SPA 7 - East,7,District 4,4937,731,0.14806562689892647,74350.0,1334,False
06037535503,535503,SPA 7 - East,7,District 4,2495,215,0.08617234468937876,74583.0,684,False
06037535603,535603,SPA 7 - East,7,District 4,3735,686,0.18366800535475233,62930.0,1025,False
06037535604,535604,SPA 7 - East,7,District 4,4227,459,0.10858765081618169,71445.0,1081,False
06037535605,535605,SPA 7 - East,7,District 4,4658,397,0.08522971232288536,70108.0,1170,False
06037535606,535606,SPA 7 - East,7,District 4,1899,133,0.07003686150605581,64567.0,483,False
06037535607,535607,SPA 7 - East,7,District 4,4611,616,0.13359358056820647,71398.0,1066,False
06037535701,535701,SPA 7 - East,7,District 4,5757,785,0.1363557408372416,73843.0,1529,False
06037535702,535702,SPA 7 - East,7,District 4,5699,833,0.14616599403404107,70506.0,1428,False
06037535802,535802,SPA 7 - East,7,District 4,6316,312,0.04939835338822039,94583.0,1567,False
06037535803,535803,SPA 7 - East,7,District 4,3549,800,0.22541561003099464,60599.0,987,False
06037535804,535804,SPA 7 - East,7,District 4,6041,1082,0.17910941897036914,69025.0,1497,False
06037535901,535901,SPA 7 - East,7,District 4,6051,1227,0.20277640059494298,59514.0,1700,False
06037535902,535902,SPA 7 - East,7,District 4,5714,256,0.0448022401120056,86659.0,1450,False
06037536000,536000,SPA 7 - East,7,District 4,3177,749,0.2357570034623859,47115.0,1020,False
06037536102,536102,SPA 7 - East,7,District 4,3405,424,0.12452276064610866,77733.0,1074,False
06037536103,536103,SPA 7 - East,7,District 4,5092,347,0.06814611154752553,70954.0,1452,False
06037536104,536104,SPA 7 - East,7,District 4,3481,371,0.10657856937661592,69338.0,1108,False
06037536201,536201,SPA 7 - East,7,District 4,3559,791,0.22225344197808372,81346.0,1000,False
06037536202,536202,SPA 7 - East,7,District 4,4214,313,0.07427622211675368,73625.0,1214,False
06037540000,540000,SPA 6 - South,6,District 4,6619,1557,0.23523190814322406,60477.0,1567,False
06037540101,540101,SPA 6 - South,6,District 4,6266,1149,0.1833705713373763,88668.0,1534,False
06037540102,540102,SPA 6 - South,6,District 4,5599,495,0.08840864440078586,102850.0,1313,False
06037540201,540201,SPA 6 - South,6,District 4,2236,538,0.240608228980322,51500.0,550,False
06037540202,540202,SPA 6 - South,6,District 4,6831,1115,0.16322646757429365,60472.0,1597,False
06037540203,540203,SPA 6 - South,6,District 4,5026,1109,0.2206526064464783,63831.0,1259,False
06037540300,540300,SPA 6 - South,6,District 4,4419,200,0.04525910839556461,71875.0,1193,False
06037540400,540400,SPA 6 - South,6,District 2,1906,403,0.21143756558237145,82500.0,458,False
06037540501,540501,SPA 6 - South,6,District 4,3961,670,0.1691492047462762,72476.0,951,False
06037540502,540502,SPA 6 - South,6,District 4,6747,1437,0.21298354824366386,57724.0,1669,False
06037540600,540600,SPA 6 - South,6,District 2,4395,1328,0.30216154721274174,31013.0,1199,True
06037540700,540700,SPA 6 - South,6,District 2,3128,285,0.09111253196930946,73676.0,958,False
06037540800,540800,SPA 6 - South,6,District 2,5475,703,0.12840182648401827,75219.0,1505,False
06037540901,540901,SPA 6 - South,6,District 2,4704,502,0.10671768707482993,71450.0,1213,False
06037540902,540902,SPA 6 - South,6,District 2,4161,955,0.22951213650564767,95904.0,1498,False
06037541003,541003,SPA 8 - South Bay,8,District 2,4528,456,0.10070671378091872,79940.0,1411,False
06037541100,541100,SPA 6 - South,6,District 2,3095,466,0.1505654281098546,91282.0,968,False
06037541200,541200,SPA 6 - South,6,District 2,6052,418,0.0690680766688698,86184.0,1840,False
06037541300,541300,SPA 6 - South,6,District 2,5536,447,0.0807442196531792,94053.0,1447,False
06037541401,541401,SPA 6 - South,6,District 2,3378,501,0.1483126110124334,66993.0,975,False
06037541402,541402,SPA 6 - South,6,District 2,3218,415,0.12896208825357364,78024.0,825,False
06037541500,541500,SPA 6 - South,6,District 2,5105,544,0.10656219392752203,60000.0,1404,False
06037541603,541603,SPA 6 - South,6,District 2,2718,491,0.1806475349521707,69297.0,701,False
06037541604,541604,SPA 6 - South,6,District 2,5197,1133,0.2180103906099673,53218.0,1355,False
06037541605,541605,SPA 6 - South,6,District 2,5060,652,0.12885375494071147,63179.0,1514,False
06037541606,541606,SPA 6 - South,6,District 2,2783,1089,0.391304347826087,42112.0,625,True
06037541700,541700,SPA 6 - South,6,District 4,5527,692,0.1252035462276099,91625.0,1383,False
06037541801,541801,SPA 6 - South,6,District 4,5623,1643,0.29219277965498847,69821.0,1123,True
06037541802,541802,SPA 6 - South,6,District 4,5049,484,0.09586056644880174,72435.0,1249,False
06037542000,542000,SPA 6 - South,6,District 2,5241,597,0.113909559244419,98406.0,1169,False
06037542103,542103,SPA 6 - South,6,District 2,3226,364,0.11283323000619963,72760.0,807,False
06037542104,542104,SPA 6 - South,6,District 2,4037,463,0.11468912558830816,71283.0,879,False
06037542105,542105,SPA 6 - South,6,District 2,5033,1033,0.20524538048877408,63184.0,1145,False
06037542106,542106,SPA 6 - South,6,District 2,2294,645,0.28116826503923276,52708.0,749,True
06037542200,542200,SPA 6 - South,6,District 2,6859,1727,0.2517859746318705,71923.0,1478,True
06037542401,542401,SPA 6 - South,6,District 2,4307,603,0.14000464360343626,65357.0,1150,False
06037542402,542402,SPA 6 - South,6,District 2,4023,374,0.09296544867014665,87750.0,952,False
06037542501,542501,SPA 6 - South,6,District 2,4333,864,0.19939995384260328,83305.0,1273,False
06037542502,542502,SPA 6 - South,6,District 2,4573,1225,0.26787666739558275,61981.0,1310,True
06037542601,542601,SPA 6 - South,6,District 2,3306,789,0.23865698729582577,67112.0,787,False
06037542602,542602,SPA 6 - South,6,District 2,5249,777,0.14802819584682797,62250.0,1375,False
06037542700,542700,SPA 6 - South,6,District 2,5717,854,0.149379044953647,79864.0,1352,False
06037542800,542800,SPA 6 - South,6,District 2,3230,277,0.08575851393188855,69719.0,948,False
06037542900,542900,SPA 6 - South,6,District 2,3530,318,0.09008498583569405,81892.0,784,False
06037543000,543000,SPA 6 - South,6,District 2,4204,357,0.08491912464319695,87865.0,1295,False
06037543100,543100,SPA 6 - South,6,District 2,6613,1296,0.19597761983970965,82000.0,1804,False
06037543201,543201,SPA 6 - South,6,District 2,3525,496,0.14070921985815601,94773.0,844,False
06037543203,543203,SPA 6 - South,6,District 2,4078,1358,0.33300637567435015,43531.0,1124,True
06037543304,543304,SPA 8 - South Bay,8,District 2,6783,555,0.08182220256523662,108468.0,2105,False
06037543305,543305,SPA 8 - South Bay,8,District 2,3767,509,0.1351207857711707,94117.0,1211,False
06037543306,543306,SPA 8 - South Bay,8,District 2,6821,159,0.023310365049113033,100993.0,1804,False
06037543321,543321,SPA 8 - South Bay,8,District 2,5772,763,0.1321898821898822,118295.0,2040,False
06037543322,543322,SPA 8 - South Bay,8,District 2,6859,487,0.07100160373232249,127614.0,2177,False
06037543400,543400,SPA 8 - South Bay,8,District 2,3599,360,0.1000277854959711,100667.0,984,False
06037543501,543501,SPA 8 - South Bay,8,District 2,6298,893,0.1417910447761194,105518.0,1945,False
06037543502,543502,SPA 8 - South Bay,8,District 2,4548,345,0.0758575197889182,117260.0,1687,False
06037543503,543503,SPA 8 - South Bay,8,District 2,4840,284,0.05867768595041322,94362.0,1929,False
06037543601,543601,SPA 8 - South Bay,8,District 2,4503,422,0.0937153009105041,109811.0,1102,False
06037543603,543603,SPA 8 - South Bay,8,District 2,3761,217,0.05769742089869716,81919.0,1509,False
06037543605,543605,SPA 8 - South Bay,8,District 2,4179,261,0.0624551328068916,103034.0,1560,False
06037543606,543606,SPA 8 - South Bay,8,District 2,3786,332,0.08769149498151083,80432.0,1357,False
06037543607,543607,SPA 8 - South Bay,8,District 2,4922,492,0.09995936611133685,117016.0,1324,False
06037543701,543701,SPA 8 - South Bay,8,District 2,3015,145,0.04809286898839138,140000.0,708,False
06037543703,543703,SPA 8 - South Bay,8,District 2,4201,224,0.05332063794334682,119980.0,1107,False
06037543704,543704,SPA 8 - South Bay,8,District 2,2936,158,0.05381471389645776,101204.0,852,False
06037543705,543705,SPA 8 - South Bay,8,District 2,3177,249,0.07837582625118036,101971.0,957,False
06037543801,543801,SPA 8 - South Bay,8,District 2,4465,278,0.06226203807390818,102472.0,1319,False
06037543803,543803,SPA 8 - South Bay,8,District 2,4214,585,0.13882297104888466,93205.0,1485,False
06037543804,543804,SPA 8 - South Bay,8,District 2,4561,1000,0.21925016443762332,121743.0,859,False
06037543903,543903,SPA 8 - South Bay,8,District 2,4125,294,0.07127272727272728,128125.0,1091,False
06037543905,543905,SPA 8 - South Bay,8,District 2,4390,475,0.1082004555808656,82790.0,1053,False
06037544001,544001,SPA 8 - South Bay,8,District 2,3968,336,0.0846774193548387,92135.0,1217,False
06037544002,544002,SPA 8 - South Bay,8,District 4,3835,150,0.03911342894393742,110179.0,842,False
06037550101,550101,SPA 7 - East,7,District 4,3958,501,0.12657908034360787,115443.0,975,False
06037550201,550201,SPA 7 - East,7,District 4,2918,323,0.11069225496915695,86642.0,777,False
06037550202,550202,SPA 7 - East,7,District 4,5095,273,0.05358194308145241,110865.0,1417,False
06037550301,550301,SPA 7 - East,7,District 4,4187,201,0.0480057320277048,101938.0,1078,False
06037550501,550501,SPA 7 - East,7,District 4,3752,413,0.11007462686567164,76406.0,1104,False
06037550502,550502,SPA 7 - East,7,District 4,4141,64,0.015455204056991065,130399.0,1246,False
06037550601,550601,SPA 7 - East,7,District 4,5985,637,0.1064327485380117,100430.0,1931,False
06037550602,550602,SPA 7 - East,7,District 4,3830,318,0.08302872062663186,113750.0,1176,False
06037550700,550700,SPA 7 - East,7,District 4,6800,592,0.08705882352941176,134511.0,2032,False
06037550801,550801,SPA 7 - East,7,District 4,4773,321,0.06725329981143935,96790.0,1567,False
06037550802,550802,SPA 7 - East,7,District 4,1938,191,0.09855521155830753,77241.0,574,False
06037550901,550901,SPA 7 - East,7,District 4,4716,829,0.17578456318914334,88036.0,1432,False
06037550902,550902,SPA 7 - East,7,District 4,5564,372,0.06685837526959022,88026.0,1902,False
06037551001,551001,SPA 7 - East,7,District 4,3237,109,0.03367315415508187,82198.0,893,False
06037551002,551002,SPA 7 - East,7,District 4,4346,244,0.05614358030372756,104280.0,1414,False
06037551101,551101,SPA 7 - East,7,District 4,3950,540,0.13670886075949368,62361.0,1269,False
06037551102,551102,SPA 7 - East,7,District 4,5489,883,0.16086718892330115,59242.0,1884,False
06037551201,551201,SPA 7 - East,7,District 4,3506,246,0.07016543069024529,66971.0,1195,False
06037551203,551203,SPA 7 - East,7,District 4,4111,536,0.13038190221357335,97857.0,1102,False
06037551204,551204,SPA 7 - East,7,District 4,3288,419,0.1274330900243309,69350.0,1095,False
06037551300,551300,SPA 7 - East,7,District 4,5479,777,0.1418141996714729,68468.0,1832,False
06037551401,551401,SPA 7 - East,7,District 4,4011,384,0.09573672400897532,85938.0,1332,False
06037551402,551402,SPA 7 - East,7,District 4,5067,486,0.09591474245115453,81724.0,1440,False
06037551501,551501,SPA 7 - East,7,District 4,4653,355,0.07629486352890608,108278.0,1447,False
06037551502,551502,SPA 7 - East,7,District 4,4424,146,0.03300180831826401,88031.0,1413,False
06037551700,551700,SPA 7 - East,7,District 4,6286,702,0.11167674196627426,91107.0,1729,False
06037551801,551801,SPA 7 - East,7,District 4,3315,63,0.019004524886877826,103396.0,963,False
06037551802,551802,SPA 7 - East,7,District 4,3776,346,0.0916313559322034,76777.0,1392,False
06037551900,551900,SPA 7 - East,7,District 4,5124,599,0.1169008587041374,97184.0,1402,False
06037552001,552001,SPA 7 - East,7,District 4,3760,182,0.04840425531914894,91188.0,1007,False
06037552002,552002,SPA 7 - East,7,District 4,3334,215,0.0644871025794841,100954.0,963,False
06037552100,552100,SPA 7 - East,7,District 4,5400,438,0.0811111111111111,76141.0,1794,False
06037552200,552200,SPA 7 - East,7,District 4,6115,1476,0.24137367130008178,65389.0,1598,False
06037552301,552301,SPA 7 - East,7,District 4,4445,328,0.07379077615298088,98780.0,1211,False
06037552302,552302,SPA 7 - East,7,District 4,4019,552,0.1373475989052003,78690.0,1336,False
06037552400,552400,SPA 7 - East,7,District 4,2295,162,0.07058823529411765,75694.0,534,False
06037552601,552601,SPA 7 - East,7,District 4,5176,590,0.11398763523956723,93750.0,1161,False
06037552602,552602,SPA 7 - East,7,District 4,3512,324,0.09225512528473805,112218.0,1007,False
06037552700,552700,SPA 7 - East,7,District 4,6506,339,0.052105748539809406,109088.0,1643,False
06037552800,552800,SPA 7 - East,7,District 4,6273,281,0.04479515383389128,119471.0,1681,False
06037552900,552900,SPA 7 - East,7,District 4,6540,1119,0.17110091743119266,85938.0,1962,False
06037553000,553000,SPA 7 - East,7,District 4,5090,368,0.07229862475442043,143750.0,1132,False
06037553100,553100,SPA 7 - East,7,District 4,6253,685,0.10954741723972493,103086.0,1825,False
06037553201,553201,SPA 7 - East,7,District 4,3695,301,0.08146143437077132,98587.0,948,False
06037553202,553202,SPA 7 - East,7,District 4,3449,237,0.06871556973035663,99950.0,917,False
06037553300,553300,SPA 7 - East,7,District 4,3713,216,0.0581739833019122,100256.0,991,False
06037553400,553400,SPA 7 - East,7,District 4,3461,133,0.038428199942213234,103553.0,1018,False
06037553502,553502,SPA 6 - South,6,District 4,3526,182,0.05161656267725468,76700.0,1136,False
06037553503,553503,SPA 6 - South,6,District 4,3004,488,0.16245006657789615,59811.0,825,False
06037553504,553504,SPA 6 - South,6,District 4,4626,440,0.09511456982274102,77685.0,1308,False
06037553601,553601,SPA 6 - South,6,District 4,4485,681,0.15183946488294314,60900.0,1268,False
06037553602,553602,SPA 6 - South,6,District 4,5026,202,0.04019100676482292,75972.0,1387,False
06037553701,553701,SPA 6 - South,6,District 4,3913,518,0.13237924865831843,70833.0,928,False
06037553702,553702,SPA 6 - South,6,District 4,4474,583,0.13030844881537773,66395.0,1255,False
06037553801,553801,SPA 6 - South,6,District 4,4013,1292,0.32195365063543485,65037.0,1006,True
06037553802,553802,SPA 6 - South,6,District 4,6645,952,0.14326561324303988,59201.0,2047,False
06037553901,553901,SPA 6 - South,6,District 4,6301,767,0.12172671004602444,87247.0,1596,False
06037553902,553902,SPA 6 - South,6,District 4,5925,801,0.1351898734177215,71053.0,1592,False
06037554001,554001,SPA 7 - East,7,District 4,4330,327,0.07551963048498846,86757.0,1249,False
06037554002,554002,SPA 7 - East,7,District 4,5739,1066,0.18574664575710054,69658.0,1720,False
06037554101,554101,SPA 7 - East,7,District 4,3540,787,0.22231638418079097,72250.0,929,False
06037554105,554105,SPA 7 - East,7,District 4,4280,1278,0.2985981308411215,47206.0,1492,True
06037554106,554106,SPA 7 - East,7,District 4,3938,622,0.1579481970543423,89770.0,1277,False
06037554201,554201,SPA 7 - East,7,District 4,3474,218,0.06275187104202648,100833.0,1072,False
06037554203,554203,SPA 7 - East,7,District 4,3811,669,0.1755444765153503,60388.0,1259,False
06037554204,554204,SPA 7 - East,7,District 4,4772,804,0.16848281642917015,44007.0,1767,False
06037554301,554301,SPA 7 - East,7,District 4,3402,434,0.12757201646090535,87524.0,1041,False
06037554302,554302,SPA 7 - East,7,District 4,4119,270,0.06554989075018208,79054.0,1086,False
06037554403,554403,SPA 7 - East,7,District 4,5454,631,0.11569490282361569,75887.0,1782,False
06037554404,554404,SPA 7 - East,7,District 4,4362,736,0.16872994039431455,80767.0,1313,False
06037554405,554405,SPA 7 - East,7,District 4,3573,559,0.15645116148894486,45944.0,1426,False
06037554406,554406,SPA 7 - East,7,District 4,4606,246,0.05340859748154581,87091.0,1575,False
06037554511,554511,SPA 7 - East,7,District 4,3746,184,0.04911906033101975,147794.0,1150,False
06037554512,554512,SPA 7 - East,7,District 4,6428,361,0.05616054760423149,173063.0,2280,False
06037554513,554513,SPA 7 - East,7,District 4,2473,109,0.0440760210270926,125417.0,812,False
06037554514,554514,SPA 7 - East,7,District 4,4564,255,0.055872042068361084,144284.0,1581,False
06037554515,554515,SPA 7 - East,7,District 4,3328,313,0.09405048076923077,105568.0,1151,False
06037554516,554516,SPA 7 - East,7,District 4,3632,133,0.03661894273127753,163235.0,1194,False
06037554517,554517,SPA 7 - East,7,District 4,4774,579,0.12128194386258902,142688.0,1396,False
06037554518,554518,SPA 7 - East,7,District 4,5033,266,0.05285118219749652,119211.0,1556,False
06037554519,554519,SPA 7 - East,7,District 4,3243,277,0.08541473943879124,113633.0,1181,False
06037554521,554521,SPA 7 - East,7,District 4,6044,196,0.03242885506287227,121313.0,1951,False
06037554522,554522,SPA 7 - East,7,District 4,4977,159,0.031946955997588906,130388.0,1511,False
06037554600,554600,SPA 7 - East,7,District 4,3943,409,0.10372812579254374,94922.0,1251,False
06037554700,554700,SPA 7 - East,7,District 4,4170,293,0.07026378896882494,108533.0,949,False
06037554801,554801,SPA 7 - East,7,District 4,2884,269,0.09327323162274619,109375.0,752,False
06037554802,554802,SPA 7 - East,7,District 4,5501,354,0.06435193601163425,107270.0,1736,False
06037554900,554900,SPA 7 - East,7,District 4,7173,758,0.10567405548584971,88398.0,1891,False
06037555001,555001,SPA 7 - East,7,District 4,5359,614,0.11457361448031349,90733.0,1570,False
06037555002,555002,SPA 7 - East,7,District 4,3808,259,0.06801470588235294,87500.0,1212,False
06037555105,555105,SPA 7 - East,7,District 4,6136,307,0.05003259452411995,108085.0,1767,False
06037555106,555106,SPA 7 - East,7,District 4,2698,105,0.038917716827279465,74185.0,981,False
06037555107,555107,SPA 7 - East,7,District 4,5422,442,0.0815197344153449,92212.0,1853,False
06037555202,555202,SPA 8 - South Bay,8,District 4,3689,168,0.04554079696394687,149125.0,1137,False
06037555211,555211,SPA 7 - East,7,District 4,5509,1576,0.286077328008713,76644.0,1446,True
06037555212,555212,SPA 7 - East,7,District 4,5583,794,0.14221744581766074,76094.0,1438,False
06037555300,555300,SPA 7 - East,7,District 4,4535,706,0.15567805953693495,117708.0,1055,False
06037570001,570001,SPA 7 - East,7,District 4,4722,399,0.08449809402795426,132875.0,1512,False
06037570002,570002,SPA 7 - East,7,District 4,2523,84,0.03329369797859691,116357.0,792,False
06037570003,570003,SPA 7 - East,7,District 4,3836,146,0.038060479666319084,119402.0,1324,False
06037570100,570100,SPA 8 - South Bay,8,District 4,2884,500,0.17337031900138697,103227.0,731,False
06037570202,570202,SPA 8 - South Bay,8,District 4,6799,1376,0.2023827033387263,83333.0,1724,False
06037570203,570203,SPA 8 - South Bay,8,District 4,3926,696,0.17727967396841568,53707.0,1280,False
06037570204,570204,SPA 8 - South Bay,8,District 4,4357,313,0.07183842093183383,68971.0,1302,False
06037570303,570303,SPA 8 - South Bay,8,District 4,4052,714,0.17620927936821323,62860.0,1280,False
06037570304,570304,SPA 8 - South Bay,8,District 4,4881,1023,0.2095881991395206,55396.0,1559,False
06037570305,570305,SPA 8 - South Bay,8,District 4,4896,1253,0.25592320261437906,58333.0,1582,True
06037570306,570306,SPA 8 - South Bay,8,District 4,2963,552,0.186297671279109,108500.0,888,False
06037570402,570402,SPA 8 - South Bay,8,District 4,3353,389,0.11601550849985089,89808.0,958,False
06037570403,570403,SPA 8 - South Bay,8,District 4,3865,906,0.23441138421733507,69456.0,1061,False
06037570404,570404,SPA 8 - South Bay,8,District 4,4005,855,0.21348314606741572,77861.0,901,False
06037570502,570502,SPA 8 - South Bay,8,District 4,6150,855,0.13902439024390245,99038.0,1984,False
06037570503,570503,SPA 8 - South Bay,8,District 4,3752,424,0.11300639658848614,86379.0,1146,False
06037570504,570504,SPA 8 - South Bay,8,District 4,3210,544,0.16947040498442367,89348.0,978,False
06037570601,570601,SPA 8 - South Bay,8,District 4,5873,781,0.13298144049037972,79948.0,1609,False
06037570602,570602,SPA 8 - South Bay,8,District 4,5610,926,0.16506238859180036,76923.0,1708,False
06037570603,570603,SPA 8 - South Bay,8,District 4,5524,1730,0.3131788559015206,47656.0,1713,True
06037570701,570701,SPA 7 - East,7,District 4,7372,379,0.051410743353228434,101333.0,2533,False
06037570703,570703,SPA 7 - East,7,District 4,2952,198,0.06707317073170732,125938.0,963,False
06037570800,570800,SPA 7 - East,7,District 4,5290,225,0.04253308128544423,122357.0,1670,False
06037570901,570901,SPA 7 - East,7,District 4,5661,335,0.05917682388270624,120469.0,1805,False
06037570902,570902,SPA 7 - East,7,District 4,3385,122,0.03604135893648449,133056.0,1200,False
06037571000,571000,SPA 7 - East,7,District 4,5598,248,0.04430153626295105,140478.0,1831,False
06037571101,571101,SPA 7 - East,7,District 4,5034,272,0.05403257846642829,119028.0,1670,False
06037571102,571102,SPA 7 - East,7,District 4,3603,220,0.06106022758812101,136968.0,1178,False
06037571201,571201,SPA 8 - South Bay,8,District 4,3819,174,0.04556166535742341,152955.0,1486,False
06037571202,571202,SPA 8 - South Bay,8,District 4,3903,160,0.04099410709710479,90881.0,1533,False
06037571300,571300,SPA 7 - East,7,District 4,4813,234,0.048618325368792854,134200.0,1540,False
06037571400,571400,SPA 7 - East,7,District 4,4977,253,0.050833835643962225,117951.0,1728,False
06037571502,571502,SPA 8 - South Bay,8,District 4,5096,269,0.05278649921507064,101629.0,1817,False
06037571504,571504,SPA 8 - South Bay,8,District 4,5029,604,0.12010340027838537,86333.0,2034,False
06037571505,571505,SPA 8 - South Bay,8,District 4,2889,290,0.10038075458636206,93720.0,953,False
06037571600,571600,SPA 8 - South Bay,8,District 4,2182,752,0.3446379468377635,28590.0,838,True
06037571701,571701,SPA 8 - South Bay,8,District 4,6166,1793,0.29078819331819655,77668.0,1743,True
06037571703,571703,SPA 8 - South Bay,8,District 4,3309,809,0.24448473859171954,,1070,False
06037571704,571704,SPA 8 - South Bay,8,District 4,3817,744,0.19491747445637936,58649.0,1232,False
06037571800,571800,SPA 8 - South Bay,8,District 4,3174,192,0.06049149338374291,123750.0,1248,False
06037571900,571900,SPA 8 - South Bay,8,District 4,5971,363,0.06079383687824485,128289.0,2292,False
06037572001,572001,SPA 8 - South Bay,8,District 4,6221,282,0.04533033274393184,103578.0,2320,False
06037572201,572201,SPA 8 - South Bay,8,District 4,5487,805,0.1467104064151631,77353.0,1926,False
06037572202,572202,SPA 8 - South Bay,8,District 4,3093,468,0.1513094083414161,117270.0,1059,False
06037572301,572301,SPA 8 - South Bay,8,District 4,3765,738,0.19601593625498007,90972.0,937,False
06037572500,572500,SPA 8 - South Bay,8,District 4,3700,769,0.20783783783783782,50819.0,1567,False
06037572600,572600,SPA 8 - South Bay,8,District 4,4991,300,0.06010819475055099,118152.0,1222,False
06037572700,572700,SPA 8 - South Bay,8,District 4,5290,781,0.14763705103969754,88194.0,1396,False
06037573002,573002,SPA 8 - South Bay,8,District 4,3245,181,0.055778120184899846,59560.0,1034,False
06037573003,573003,SPA 8 - South Bay,8,District 4,1698,322,0.1896348645465253,107083.0,632,False
06037573004,573004,SPA 8 - South Bay,8,District 4,4878,1004,0.2058220582205822,58168.0,1635,False
06037573101,573101,SPA 8 - South Bay,8,District 4,4451,393,0.08829476522129859,70795.0,1407,False
06037573102,573102,SPA 8 - South Bay,8,District 4,2865,527,0.18394415357766142,112054.0,1048,False
06037573201,573201,SPA 8 - South Bay,8,District 4,3844,858,0.22320499479708636,54132.0,1176,False
06037573202,573202,SPA 8 - South Bay,8,District 4,6670,800,0.1199400299850075,78771.0,1693,False
06037573300,573300,SPA 8 - South Bay,8,District 4,3799,1189,0.31297709923664124,51467.0,989,True
06037573401,573401,SPA 7 - East,7,District 4,1505,352,0.23388704318936876,75469.0,529,False
06037573402,573402,SPA 7 - East,7,District 4,6949,499,0.07180889336595193,81131.0,2715,False
06037573403,573403,SPA 7 - East,7,District 4,3058,196,0.06409417920209287,136438.0,1432,False
06037573601,573601,SPA 8 - South Bay,8,District 4,6353,481,0.07571226192350071,128856.0,2390,False
06037573700,573700,SPA 8 - South Bay,8,District 4,5406,199,0.0368109507954125,143117.0,1759,False
06037573800,573800,SPA 8 - South Bay,8,District 4,4155,212,0.05102286401925391,115250.0,1507,False
06037573902,573902,SPA 8 - South Bay,8,District 4,2212,184,0.08318264014466546,166019.0,926,False
06037574000,574000,SPA 8 - South Bay,8,District 4,5108,274,0.05364134690681284,140160.0,1957,False
06037574100,574100,SPA 8 - South Bay,8,District 4,5136,83,0.01616043613707165,136964.0,1808,False
06037574201,574201,SPA 8 - South Bay,8,District 4,3265,83,0.025421133231240428,143147.0,1085,False
06037574202,574202,SPA 8 - South Bay,8,District 4,1906,109,0.057187827911857295,120417.0,756,False
06037574300,574300,SPA 8 - South Bay,8,District 4,6633,237,0.03573043871551334,120594.0,2223,False
06037574400,574400,SPA 8 - South Bay,8,District 4,5555,212,0.03816381638163816,132953.0,2031,False
06037574500,574500,SPA 8 - South Bay,8,District 4,6698,130,0.019408778739922364,122101.0,2348,False
06037574602,574602,SPA 8 - South Bay,8,District 4,1267,4,0.0031570639305445935,141000.0,580,False
06037574800,574800,SPA 8 - South Bay,8,District 4,3159,366,0.11585944919278253,92214.0,1564,False
06037574901,574901,SPA 8 - South Bay,8,District 4,3949,405,0.10255760952139782,153304.0,1455,False
06037574902,574902,SPA 8 - South Bay,8,District 4,4807,1268,0.2637819846057832,85933.0,1963,True
06037575001,575001,SPA 8 - South Bay,8,District 4,4225,557,0.13183431952662722,93587.0,1816,False
06037575002,575002,SPA 8 - South Bay,8,District 4,4185,588,0.14050179211469535,91518.0,1932,False
06037575101,575101,SPA 8 - South Bay,8,District 4,4262,980,0.22993899577663068,65640.0,1510,False
06037575102,575102,SPA 8 - South Bay,8,District 4,4238,1042,0.24587069372345446,47875.0,1319,False
06037575103,575103,SPA 8 - South Bay,8,District 4,5077,673,0.1325585975970061,63813.0,2168,False
06037575201,575201,SPA 8 - South Bay,8,District 4,4335,1098,0.2532871972318339,51444.0,1242,True
06037575202,575202,SPA 8 - South Bay,8,District 4,4177,853,0.20421355039502034,59559.0,1174,False
06037575300,575300,SPA 8 - South Bay,8,District 4,4029,1131,0.28071481757259864,38688.0,1339,True
06037575401,575401,SPA 8 - South Bay,8,District 4,4208,1017,0.2416825095057034,48299.0,1249,False
06037575402,575402,SPA 8 - South Bay,8,District 4,3728,676,0.1813304721030043,69097.0,1139,False
06037575801,575801,SPA 8 - South Bay,8,District 4,2241,549,0.24497991967871485,39872.0,770,False
06037575802,575802,SPA 8 - South Bay,8,District 4,4444,808,0.18181818181818182,54591.0,1714,False
06037575803,575803,SPA 8 - South Bay,8,District 4,2496,1109,0.4443108974358974,23827.0,1297,True
06037575901,575901,SPA 8 - South Bay,8,District 4,3530,1227,0.34759206798866854,57404.0,1553,True
06037575902,575902,SPA 8 - South Bay,8,District 4,4710,705,0.14968152866242038,59385.0,3357,False
06037576001,576001,SPA 8 - South Bay,8,District 4,5937,403,0.06787940037055752,107787.0,3950,False
06037576200,576200,SPA 8 - South Bay,8,District 4,5168,952,0.18421052631578946,54569.0,3200,False
06037576301,576301,SPA 8 - South Bay,8,District 4,4710,1535,0.32590233545647557,53813.0,1948,True
06037576302,576302,SPA 8 - South Bay,8,District 4,2866,674,0.23517096999302164,56389.0,1082,False
06037576401,576401,SPA 8 - South Bay,8,District 4,3933,1098,0.2791762013729977,63015.0,1289,True
06037576402,576402,SPA 8 - South Bay,8,District 4,4180,878,0.21004784688995215,55148.0,1343,False
06037576403,576403,SPA 8 - South Bay,8,District 4,4788,917,0.1915204678362573,75278.0,1332,False
06037576501,576501,SPA 8 - South Bay,8,District 4,2724,630,0.23127753303964757,41750.0,1441,False
06037576502,576502,SPA 8 - South Bay,8,District 4,4997,800,0.16009605763458074,80625.0,2102,False
06037576503,576503,SPA 8 - South Bay,8,District 4,3685,575,0.1560379918588874,66891.0,1627,False
06037576601,576601,SPA 8 - South Bay,8,District 4,4167,699,0.1677465802735781,69195.0,2509,False
06037576602,576602,SPA 8 - South Bay,8,District 4,4581,522,0.11394891944990176,88268.0,2834,False
06037576700,576700,SPA 8 - South Bay,8,District 4,4029,358,0.08885579548275006,97891.0,2238,False
06037576801,576801,SPA 8 - South Bay,8,District 4,3760,781,0.2077127659574468,71797.0,1942,False
06037576802,576802,SPA 8 - South Bay,8,District 4,4320,372,0.08611111111111111,98456.0,1889,False
06037576901,576901,SPA 8 - South Bay,8,District 4,5138,1187,0.23102374464772285,61528.0,1766,False
06037576903,576903,SPA 8 - South Bay,8,District 4,4018,692,0.17222498755599802,70932.0,1467,False
06037576904,576904,SPA 8 - South Bay,8,District 4,3070,735,0.23941368078175895,71644.0,1165,False
06037577000,577000,SPA 8 - South Bay,8,District 4,6826,1185,0.17360093759156167,83329.0,3293,False
06037577100,577100,SPA 8 - South Bay,8,District 4,7368,892,0.12106406080347448,95130.0,3541,False
06037577200,577200,SPA 8 - South Bay,8,District 4,5836,445,0.07625085675119946,108668.0,3255,False
06037577300,577300,SPA 8 - South Bay,8,District 4,5935,215,0.03622577927548441,108771.0,3756,False
06037577400,577400,SPA 8 - South Bay,8,District 4,2764,171,0.06186685962373372,119911.0,1426,False
06037577501,577501,SPA 8 - South Bay,8,District 4,3333,295,0.0885088508850885,131765.0,1702,False
06037577504,577504,SPA 8 - South Bay,8,District 4,1372,104,0.07580174927113703,94125.0,761,False
06037577602,577602,SPA 8 - South Bay,8,District 4,3229,204,0.06317745432022298,109177.0,1611,False
06037577604,577604,SPA 8 - South Bay,8,District 4,1655,59,0.03564954682779456,108571.0,812,False
06037577605,577605,SPA 8 - South Bay,8,District 4,4661,186,0.03990559965672603,123986.0,2050,False
06037577606,577606,SPA 8 - South Bay,8,District 4,3869,335,0.08658568105453605,136094.0,1594,False
06037577700,577700,SPA 8 - South Bay,8,District 4,4562,319,0.06992547128452434,91612.0,1239,False
06037577800,577800,SPA 7 - East,7,District 4,4666,155,0.03321903129018431,113235.0,1364,False
06037577900,577900,SPA 8 - South Bay,8,District 4,5278,569,0.10780598711633195,84598.0,2363,False
06037578000,578000,SPA 8 - South Bay,8,District 4,5360,1875,0.3498134328358209,59141.0,1550,True
06037578100,578100,SPA 8 - South Bay,8,District 4,12,8,0.6666666666666666,,0,True
06037599000,599000,SPA 8 - South Bay,8,District 4,3243,270,0.08325624421831637,91759.0,1178,False
06037599100,599100,SPA 8 - South Bay,8,District 4,482,95,0.1970954356846473,,53,False
06037600100,600100,SPA 8 - South Bay,8,District 2,7163,1325,0.1849783610219182,56118.0,2132,False
06037600201,600201,SPA 8 - South Bay,8,District 2,5050,1347,0.26673267326732675,51154.0,1316,True
06037600202,600202,SPA 8 - South Bay,8,District 2,6835,1906,0.2788588149231895,37250.0,2278,True
06037600302,600302,SPA 8 - South Bay,8,District 2,2686,229,0.08525688756515264,73365.0,986,False
06037600303,600303,SPA 8 - South Bay,8,District 2,4178,1313,0.31426519865964575,34933.0,1257,True
06037600304,600304,SPA 8 - South Bay,8,District 2,3856,796,0.20643153526970953,58013.0,1068,False
06037600400,600400,SPA 8 - South Bay,8,District 2,4189,1365,0.3258534256385772,65145.0,1495,True
06037600501,600501,SPA 8 - South Bay,8,District 2,2476,258,0.10420032310177706,81458.0,875,False
06037600601,600601,SPA 8 - South Bay,8,District 2,2381,333,0.13985720285594289,96607.0,850,False
06037600602,600602,SPA 8 - South Bay,8,District 2,2567,375,0.1460849240358395,65129.0,715,False
06037600702,600702,SPA 8 - South Bay,8,District 2,4599,465,0.10110893672537508,110417.0,1591,False
06037600703,600703,SPA 8 - South Bay,8,District 2,1623,156,0.09611829944547134,104595.0,748,False
06037600704,600704,SPA 8 - South Bay,8,District 2,3019,185,0.06127856906260351,74405.0,1184,False
06037600801,600801,SPA 8 - South Bay,8,District 2,2866,228,0.07955338450802513,110625.0,1213,False
06037600802,600802,SPA 8 - South Bay,8,District 2,2450,219,0.08938775510204082,60913.0,1161,False
06037600902,600902,SPA 8 - South Bay,8,District 2,6229,462,0.07416920854069674,59498.0,2409,False
06037600911,600911,SPA 8 - South Bay,8,District 2,3535,444,0.1256011315417256,84706.0,1040,False
06037600912,600912,SPA 8 - South Bay,8,District 2,4813,580,0.12050696031581135,75781.0,1468,False
06037601001,601001,SPA 8 - South Bay,8,District 2,2047,368,0.1797752808988764,60250.0,1088,False
06037601002,601002,SPA 8 - South Bay,8,District 2,5022,985,0.19613699721226602,59220.0,1975,False
06037601100,601100,SPA 8 - South Bay,8,District 2,7076,1581,0.2234313171283211,60174.0,2106,False
06037601202,601202,SPA 8 - South Bay,8,District 2,3845,297,0.07724317295188557,74013.0,1093,False
06037601211,601211,SPA 8 - South Bay,8,District 2,2968,320,0.1078167115902965,49167.0,1092,False
06037601212,601212,SPA 8 - South Bay,8,District 2,5054,292,0.05777601899485556,68728.0,1950,False
06037601301,601301,SPA 8 - South Bay,8,District 2,1888,77,0.04078389830508475,104239.0,736,False
06037601302,601302,SPA 8 - South Bay,8,District 2,6513,1088,0.16705051435590357,77744.0,2566,False
06037601303,601303,SPA 8 - South Bay,8,District 2,5465,1117,0.20439158279963404,52113.0,2125,False
06037601401,601401,SPA 8 - South Bay,8,District 2,6594,1686,0.2556869881710646,56908.0,1769,True
06037601402,601402,SPA 8 - South Bay,8,District 2,4450,1007,0.22629213483146068,86563.0,1298,False
06037601501,601501,SPA 8 - South Bay,8,District 2,3630,857,0.23608815426997246,60109.0,980,False
06037601502,601502,SPA 8 - South Bay,8,District 2,3423,551,0.1609699094361671,65000.0,910,False
06037601600,601600,SPA 8 - South Bay,8,District 2,4067,278,0.0683550528645193,49173.0,1285,False
06037601700,601700,SPA 8 - South Bay,8,District 2,5263,1168,0.221926657799734,45847.0,1324,False
06037601801,601801,SPA 8 - South Bay,8,District 2,2993,562,0.18777146675576345,56786.0,872,False
06037601802,601802,SPA 8 - South Bay,8,District 2,3454,282,0.08164447017950202,82833.0,932,False
06037601900,601900,SPA 8 - South Bay,8,District 2,4393,976,0.22217163669474163,65215.0,1321,False
06037602002,602002,SPA 8 - South Bay,8,District 2,3036,394,0.1297760210803689,77344.0,833,False
06037602003,602003,SPA 8 - South Bay,8,District 2,4183,657,0.15706430791298112,69850.0,1193,False
06037602103,602103,SPA 8 - South Bay,8,District 2,5288,1890,0.3574130105900151,36390.0,1865,True
06037602104,602104,SPA 8 - South Bay,8,District 2,5646,730,0.12929507616011335,69798.0,1754,False
06037602105,602105,SPA 8 - South Bay,8,District 2,3855,928,0.24072632944228275,58686.0,1426,False
06037602106,602106,SPA 8 - South Bay,8,District 2,6171,815,0.13206935666828715,81283.0,2305,False
06037602201,602201,SPA 8 - South Bay,8,District 2,4489,349,0.07774560035642682,146225.0,1602,False
06037602202,602202,SPA 8 - South Bay,8,District 2,2866,143,0.04989532449406839,81429.0,1008,False
06037602301,602301,SPA 8 - South Bay,8,District 2,6878,609,0.08854318115731317,128221.0,1987,False
06037602302,602302,SPA 8 - South Bay,8,District 2,4796,308,0.06422018348623854,172097.0,1856,False
06037602402,602402,SPA 8 - South Bay,8,District 2,7136,292,0.04091928251121076,108368.0,2070,False
06037602403,602403,SPA 8 - South Bay,8,District 2,4266,627,0.1469760900140647,76286.0,1544,False
06037602404,602404,SPA 8 - South Bay,8,District 2,5867,1424,0.24271348218851202,67736.0,1857,False
06037602504,602504,SPA 8 - South Bay,8,District 2,4849,1205,0.24850484636007425,59634.0,1820,False
06037602505,602505,SPA 8 - South Bay,8,District 2,4589,1111,0.24210067552843756,67257.0,1616,False
06037602506,602506,SPA 8 - South Bay,8,District 2,4012,1099,0.2739282153539382,60574.0,1743,True
06037602507,602507,SPA 8 - South Bay,8,District 2,4561,416,0.09120806840605131,51281.0,1888,False
06037602510,602510,SPA 8 - South Bay,8,District 2,4004,704,0.17582417582417584,53036.0,1253,False
06037602511,602511,SPA 8 - South Bay,8,District 2,4229,827,0.19555450461101914,48165.0,1504,False
06037602512,602512,SPA 8 - South Bay,8,District 2,1889,350,0.185283218634198,69489.0,583,False
06037602513,602513,SPA 8 - South Bay,8,District 2,1391,403,0.2897196261682243,65896.0,484,True
06037602601,602601,SPA 8 - South Bay,8,District 2,4982,335,0.06724207145724609,96607.0,1666,False
06037602602,602602,SPA 8 - South Bay,8,District 2,2521,286,0.11344704482348275,67174.0,1050,False
06037602700,602700,SPA 8 - South Bay,8,District 2,3540,268,0.07570621468926554,118710.0,1284,False
06037602801,602801,SPA 8 - South Bay,8,District 2,4112,783,0.19041828793774318,58810.0,1356,False
06037602802,602802,SPA 8 - South Bay,8,District 2,4436,182,0.04102795311091073,106793.0,1287,False
06037602900,602900,SPA 8 - South Bay,8,District 2,4221,550,0.1303008765695333,101186.0,1356,False
06037603004,603004,SPA 8 - South Bay,8,District 2,1695,83,0.04896755162241888,77765.0,631,False
06037603005,603005,SPA 8 - South Bay,8,District 2,6465,720,0.11136890951276102,71458.0,2046,False
06037603006,603006,SPA 8 - South Bay,8,District 2,1970,155,0.07868020304568528,76563.0,845,False
06037603007,603007,SPA 8 - South Bay,8,District 2,3471,543,0.15643906655142611,90288.0,1179,False
06037603008,603008,SPA 8 - South Bay,8,District 2,3679,394,0.10709431910845338,61500.0,1190,False
06037603101,603101,SPA 8 - South Bay,8,District 2,4857,887,0.18262301832406835,83884.0,1617,False
06037603102,603102,SPA 8 - South Bay,8,District 2,3297,272,0.08249924173491052,67917.0,1244,False
06037603200,603200,SPA 8 - South Bay,8,District 2,3332,219,0.06572629051620649,111153.0,1291,False
06037603301,603301,SPA 8 - South Bay,8,District 2,3259,448,0.13746548020865296,66786.0,1390,False
06037603302,603302,SPA 8 - South Bay,8,District 2,4246,341,0.08031088082901554,76929.0,1584,False
06037603400,603400,SPA 8 - South Bay,8,District 2,3846,392,0.10192407696307852,84821.0,1451,False
06037603500,603500,SPA 8 - South Bay,8,District 2,2924,326,0.11149110807113544,87857.0,886,False
06037603600,603600,SPA 8 - South Bay,8,District 2,4171,559,0.13402061855670103,92552.0,1467,False
06037603702,603702,SPA 8 - South Bay,8,District 2,4712,323,0.06854838709677419,113464.0,1679,False
06037603703,603703,SPA 8 - South Bay,8,District 2,2576,73,0.028338509316770188,122609.0,866,False
06037603705,603705,SPA 8 - South Bay,8,District 2,2637,196,0.07432688661357603,75565.0,909,False
06037603706,603706,SPA 8 - South Bay,8,District 2,3550,505,0.14225352112676057,72656.0,1047,False
06037603801,603801,SPA 8 - South Bay,8,District 2,4874,906,0.1858842839556832,75417.0,1522,False
06037603802,603802,SPA 8 - South Bay,8,District 2,4008,440,0.10978043912175649,84735.0,1209,False
06037603901,603901,SPA 8 - South Bay,8,District 2,3805,188,0.049408672798948755,113500.0,1290,False
06037603902,603902,SPA 8 - South Bay,8,District 2,3483,254,0.07292563881711168,74531.0,1147,False
06037604001,604001,SPA 8 - South Bay,8,District 2,4512,441,0.09773936170212766,77837.0,1215,False
06037604002,604002,SPA 8 - South Bay,8,District 2,3783,629,0.1662701559608776,77098.0,1501,False
06037604101,604101,SPA 8 - South Bay,8,District 2,3853,413,0.10718920321827148,77849.0,1142,False
06037604102,604102,SPA 8 - South Bay,8,District 2,2629,530,0.201597565614302,91875.0,853,False
06037604200,604200,SPA 8 - South Bay,8,District 2,5825,734,0.12600858369098714,74819.0,1649,False
06037609900,609900,SPA 8 - South Bay,8,District 4,1494,292,0.19544846050870146,83717.0,603,False
06037620001,620001,SPA 8 - South Bay,8,District 2,4204,68,0.016175071360608945,163510.0,1689,False
06037620002,620002,SPA 8 - South Bay,8,District 2,3368,291,0.08640142517814726,145325.0,1473,False
06037620101,620101,SPA 8 - South Bay,8,District 2,5411,166,0.03067824801330623,127941.0,2080,False
06037620102,620102,SPA 8 - South Bay,8,District 2,3835,209,0.054498044328552805,153482.0,1883,False
06037620201,620201,SPA 8 - South Bay,8,District 2,1546,105,0.06791720569210867,161563.0,885,False
06037620301,620301,SPA 8 - South Bay,8,District 2,4223,117,0.027705422685294814,237798.0,1487,False
06037620303,620303,SPA 8 - South Bay,8,District 2,4645,258,0.05554359526372443,202875.0,1783,False
06037620305,620305,SPA 8 - South Bay,8,District 2,6013,118,0.01962414768002661,182775.0,2387,False
06037620400,620400,SPA 8 - South Bay,8,District 2,5204,96,0.018447348193697154,175469.0,1987,False
06037620501,620501,SPA 8 - South Bay,8,District 2,5808,320,0.05509641873278237,162674.0,2143,False
06037620521,620521,SPA 8 - South Bay,8,District 2,4586,200,0.043610989969472304,115829.0,1797,False
06037620522,620522,SPA 8 - South Bay,8,District 2,4577,199,0.043478260869565216,162778.0,1830,False
06037620601,620601,SPA 8 - South Bay,8,District 2,6157,497,0.08072113042065941,120326.0,2294,False
06037620602,620602,SPA 8 - South Bay,8,District 2,5846,327,0.055935682517961,155342.0,2104,False
06037620701,620701,SPA 8 - South Bay,8,District 2,7112,215,0.030230596175478065,176613.0,2910,False
06037620703,620703,SPA 8 - South Bay,8,District 2,3637,51,0.014022546054440473,244257.0,1200,False
06037620704,620704,SPA 8 - South Bay,8,District 2,3817,101,0.026460571129159026,189095.0,1182,False
06037620801,620801,SPA 8 - South Bay,8,District 2,3951,132,0.033409263477600606,218036.0,1320,False
06037620802,620802,SPA 8 - South Bay,8,District 2,3479,118,0.033917792469100316,181518.0,1353,False
06037620901,620901,SPA 8 - South Bay,8,District 2,2677,105,0.03922301083302204,250001.0,1054,False
06037620904,620904,SPA 8 - South Bay,8,District 2,2782,209,0.07512580877066859,215694.0,1067,False
06037621001,621001,SPA 8 - South Bay,8,District 2,4546,369,0.08117025956885174,167260.0,2041,False
06037621005,621005,SPA 8 - South Bay,8,District 2,4729,169,0.03573694227109325,150152.0,2506,False
06037621102,621102,SPA 8 - South Bay,8,District 2,3369,184,0.05461561294152568,200250.0,1239,False
06037621104,621104,SPA 8 - South Bay,8,District 2,6557,300,0.045752630776269634,132366.0,3136,False
06037621201,621201,SPA 8 - South Bay,8,District 2,6976,407,0.05834288990825688,160201.0,2941,False
06037621204,621204,SPA 8 - South Bay,8,District 2,2729,124,0.04543788933675339,107935.0,1750,False
06037621301,621301,SPA 8 - South Bay,8,District 2,7177,401,0.055872927406994566,120750.0,2940,False
06037621324,621324,SPA 8 - South Bay,8,District 2,3497,306,0.08750357449242208,114826.0,1974,False
06037621326,621326,SPA 8 - South Bay,8,District 2,3072,155,0.050455729166666664,111866.0,1738,False
06037621400,621400,SPA 8 - South Bay,8,District 2,4618,177,0.03832828064097012,174667.0,1744,False
06037650001,650001,SPA 8 - South Bay,8,District 4,6020,789,0.13106312292358804,103352.0,2343,False
06037650003,650003,SPA 8 - South Bay,8,District 4,3004,308,0.10252996005326231,84750.0,1218,False
06037650004,650004,SPA 8 - South Bay,8,District 4,4377,552,0.12611377655928718,98750.0,1498,False
06037650101,650101,SPA 8 - South Bay,8,District 4,5075,343,0.06758620689655172,105274.0,1987,False
06037650102,650102,SPA 8 - South Bay,8,District 4,2166,79,0.03647276084949215,114531.0,731,False
06037650200,650200,SPA 8 - South Bay,8,District 4,5903,221,0.0374385905471794,138438.0,1812,False
06037650300,650300,SPA 8 - South Bay,8,District 4,7659,651,0.08499804151978065,86212.0,2568,False
06037650401,650401,SPA 8 - South Bay,8,District 4,4473,286,0.06393919069975408,151923.0,1526,False
06037650501,650501,SPA 8 - South Bay,8,District 4,2779,52,0.018711766822598057,181154.0,942,False
06037650502,650502,SPA 8 - South Bay,8,District 4,4206,85,0.020209224916785545,145369.0,1641,False
06037650603,650603,SPA 8 - South Bay,8,District 4,3735,338,0.09049531459170014,117019.0,1487,False
06037650604,650604,SPA 8 - South Bay,8,District 4,5311,799,0.1504424778761062,69448.0,2677,False
06037650605,650605,SPA 8 - South Bay,8,District 4,2762,95,0.03439536567704562,106719.0,996,False
06037650606,650606,SPA 8 - South Bay,8,District 4,3695,336,0.09093369418132612,84961.0,1671,False
06037650607,650607,SPA 8 - South Bay,8,District 4,2680,67,0.025,99342.0,1104,False
06037650701,650701,SPA 8 - South Bay,8,District 4,2555,84,0.03287671232876712,153750.0,976,False
06037650702,650702,SPA 8 - South Bay,8,District 4,4605,87,0.018892508143322474,153164.0,1615,False
06037650801,650801,SPA 8 - South Bay,8,District 4,3864,215,0.055641821946169776,136827.0,1527,False
06037650802,650802,SPA 8 - South Bay,8,District 4,3629,365,0.10057867181041609,128295.0,1344,False
06037650901,650901,SPA 8 - South Bay,8,District 4,4963,394,0.07938746725770703,106250.0,2259,False
06037650903,650903,SPA 8 - South Bay,8,District 4,4691,446,0.09507567682796846,83889.0,1750,False
06037650904,650904,SPA 8 - South Bay,8,District 4,2457,141,0.057387057387057384,132986.0,908,False
06037651001,651001,SPA 8 - South Bay,8,District 4,5272,214,0.04059180576631259,129143.0,2002,False
06037651002,651002,SPA 8 - South Bay,8,District 4,4790,251,0.05240083507306889,128293.0,1764,False
06037651101,651101,SPA 8 - South Bay,8,District 4,4560,200,0.043859649122807015,125028.0,1747,False
06037651102,651102,SPA 8 - South Bay,8,District 4,4059,391,0.09632914510963292,87647.0,1780,False
06037651201,651201,SPA 8 - South Bay,8,District 4,4621,571,0.1235663276347111,156722.0,1660,False
06037651221,651221,SPA 8 - South Bay,8,District 4,3511,245,0.06978068926231842,103073.0,1429,False
06037651222,651222,SPA 8 - South Bay,8,District 4,6221,139,0.022343674650377753,101653.0,2410,False
06037651302,651302,SPA 8 - South Bay,8,District 4,5793,213,0.03676851372345935,158958.0,2238,False
06037651304,651304,SPA 8 - South Bay,8,District 4,5015,293,0.0584247258225324,117211.0,2469,False
06037651401,651401,SPA 8 - South Bay,8,District 4,2418,326,0.1348221670802316,85114.0,1210,False
06037651402,651402,SPA 8 - South Bay,8,District 4,5405,241,0.044588344125809434,102056.0,2028,False
06037670001,670001,SPA 8 - South Bay,8,District 4,3392,113,0.03331367924528302,106250.0,1256,False
06037670002,670002,SPA 8 - South Bay,8,District 4,3259,395,0.12120282295182572,73875.0,1345,False
06037670003,670003,SPA 8 - South Bay,8,District 4,6001,370,0.061656390601566406,94917.0,2229,False
06037670101,670101,SPA 8 - South Bay,8,District 4,3612,1123,0.3109080841638981,93400.0,1154,True
06037670102,670102,SPA 8 - South Bay,8,District 4,4000,474,0.1185,95292.0,1522,False
06037670201,670201,SPA 8 - South Bay,8,District 4,3641,72,0.019774787146388355,191063.0,1410,False
06037670202,670202,SPA 8 - South Bay,8,District 4,2553,37,0.014492753623188406,234750.0,805,False
06037670324,670324,SPA 8 - South Bay,8,District 4,5485,164,0.02989972652689152,234338.0,2097,False
06037670326,670326,SPA 8 - South Bay,8,District 4,3237,43,0.013283904850169911,250001.0,1353,False
06037670328,670328,SPA 8 - South Bay,8,District 4,4325,131,0.03028901734104046,247568.0,1582,False
06037670405,670405,SPA 8 - South Bay,8,District 4,2640,170,0.06439393939393939,147143.0,1112,False
06037670406,670406,SPA 8 - South Bay,8,District 4,1702,122,0.07168037602820211,217917.0,597,False
06037670407,670407,SPA 8 - South Bay,8,District 4,5849,302,0.05163275773636519,142306.0,2291,False
06037670413,670413,SPA 8 - South Bay,8,District 4,4805,139,0.028928199791883456,201116.0,1693,False
06037670416,670416,SPA 8 - South Bay,8,District 4,4101,202,0.04925627895635211,164250.0,1557,False
06037670417,670417,SPA 8 - South Bay,8,District 4,2780,73,0.026258992805755395,163088.0,1040,False
06037670418,670418,SPA 8 - South Bay,8,District 4,4426,157,0.035472209670131045,221205.0,1507,False
06037670500,670500,SPA 8 - South Bay,8,District 4,1449,105,0.07246376811594203,250001.0,583,False
06037670603,670603,SPA 8 - South Bay,8,District 4,1737,38,0.021876799078871616,199000.0,656,False
06037670604,670604,SPA 8 - South Bay,8,District 4,4953,274,0.055320008075913585,175972.0,2134,False
06037670701,670701,SPA 8 - South Bay,8,District 4,6460,254,0.03931888544891641,171522.0,2078,False
06037670702,670702,SPA 8 - South Bay,8,District 4,5891,164,0.027839076557460533,203039.0,2022,False
06037700101,700101,SPA 4 - Metro,4,District 3,5536,715,0.12915462427745664,94194.0,3496,False
06037700102,700102,SPA 4 - Metro,4,District 3,4457,742,0.1664796948620148,68628.0,2655,False
06037700200,700200,SPA 4 - Metro,4,District 3,6694,742,0.110845533313415,93431.0,4181,False
06037700300,700300,SPA 4 - Metro,4,District 3,5541,513,0.09258256632376827,100454.0,4027,False
06037700400,700400,SPA 4 - Metro,4,District 3,4486,505,0.1125724476148016,97320.0,2822,False
06037700501,700501,SPA 4 - Metro,4,District 3,4190,588,0.14033412887828162,111014.0,2402,False
06037700502,700502,SPA 4 - Metro,4,District 3,4138,796,0.19236346060898984,100636.0,2896,False
06037700600,700600,SPA 5 - West,5,District 3,5117,259,0.0506155950752394,227382.0,1661,False
06037700700,700700,SPA 5 - West,5,District 3,3121,140,0.04485741749439282,236250.0,1170,False
06037700801,700801,SPA 5 - West,5,District 3,4072,736,0.1807465618860511,81438.0,2329,False
06037700802,700802,SPA 5 - West,5,District 3,3962,577,0.14563351842503786,116851.0,1880,False
06037700901,700901,SPA 5 - West,5,District 3,4072,362,0.08889980353634577,105446.0,1500,False
06037700902,700902,SPA 5 - West,5,District 3,6483,408,0.06293382693197594,103460.0,3173,False
06037701000,701000,SPA 5 - West,5,District 3,5075,400,0.07881773399014778,139340.0,2550,False
06037701201,701201,SPA 5 - West,5,District 3,3682,263,0.07142857142857142,199609.0,1489,False
06037701202,701202,SPA 5 - West,5,District 3,3314,337,0.10168980084490042,141495.0,1773,False
06037701302,701302,SPA 5 - West,5,District 3,4645,477,0.10269106566200216,108101.0,2825,False
06037701304,701304,SPA 5 - West,5,District 3,5930,362,0.061045531197301856,142155.0,2686,False
06037701402,701402,SPA 5 - West,5,District 3,7304,1454,0.19906900328587077,82459.0,3976,False
06037701501,701501,SPA 5 - West,5,District 3,4842,501,0.10346964064436183,145142.0,2521,False
06037701502,701502,SPA 5 - West,5,District 3,3190,179,0.0561128526645768,115260.0,1960,False
06037701601,701601,SPA 5 - West,5,District 3,4112,160,0.038910505836575876,206012.0,1757,False
06037701602,701602,SPA 5 - West,5,District 3,4335,615,0.14186851211072665,104792.0,1980,False
06037701701,701701,SPA 5 - West,5,District 3,3303,239,0.07235846200423857,74926.0,1693,False
06037701702,701702,SPA 5 - West,5,District 3,3102,586,0.1889103803997421,74971.0,1647,False
06037701801,701801,SPA 5 - West,5,District 3,5971,703,0.11773572265952102,79529.0,2681,False
06037701802,701802,SPA 5 - West,5,District 3,4964,1036,0.20870265914585012,91750.0,2296,False
06037701902,701902,SPA 5 - West,5,District 3,5484,1284,0.23413566739606126,105199.0,3430,False
06037702002,702002,SPA 5 - West,5,District 3,5999,633,0.10551758626437739,101648.0,3300,False
06037702102,702102,SPA 5 - West,5,District 3,5616,620,0.1103988603988604,114740.0,3601,False
06037702201,702201,SPA 5 - West,5,District 3,3996,413,0.10335335335335336,111865.0,2088,False
06037702202,702202,SPA 5 - West,5,District 3,3937,200,0.0508001016002032,139625.0,1814,False
06037702300,702300,SPA 5 - West,5,District 3,6726,438,0.06512042818911686,130179.0,2936,False
06037702400,702400,SPA 5 - West,5,District 2,4731,437,0.09236947791164658,150909.0,2092,False
06037702501,702501,SPA 5 - West,5,District 2,4701,252,0.053605615826419914,153382.0,2192,False
06037702502,702502,SPA 5 - West,5,District 2,4280,355,0.08294392523364486,115144.0,2249,False
06037702600,702600,SPA 5 - West,5,District 2,5941,206,0.034674297256354146,133194.0,2524,False
06037702700,702700,SPA 5 - West,5,District 2,3349,64,0.01911018214392356,171875.0,1285,False
06037702801,702801,SPA 5 - West,5,District 2,5537,477,0.08614773342965505,103523.0,2067,False
06037702802,702802,SPA 5 - West,5,District 2,2228,124,0.05565529622980251,106786.0,1010,False
06037702803,702803,SPA 5 - West,5,District 2,2854,181,0.06341976173791171,127439.0,1212,False
06037702900,702900,SPA 5 - West,5,District 2,8844,72,0.008141112618724558,142440.0,5169,False
06037703002,703002,SPA 5 - West,5,District 2,7366,685,0.09299484116209612,146786.0,2814,False
06037703003,703003,SPA 5 - West,5,District 2,6055,467,0.07712634186622626,95988.0,3109,False
06037703100,703100,SPA 6 - South,6,District 2,6063,809,0.1334322942437737,129269.0,2663,False
06037703200,703200,SPA 6 - South,6,District 2,5632,273,0.04847301136363636,93906.0,2280,False
06037800101,800101,SPA 2 - San Fernando,2,District 3,5715,116,0.020297462817147855,201313.0,1865,False
06037800103,800103,SPA 2 - San Fernando,2,District 3,3682,304,0.08256382400869093,136856.0,1168,False
06037800104,800104,SPA 2 - San Fernando,2,District 3,3921,179,0.0456516194848253,144309.0,1516,False
06037800202,800202,SPA 2 - San Fernando,2,District 3,5943,395,0.06646474844354704,237750.0,2012,False
06037800204,800204,SPA 2 - San Fernando,2,District 3,4101,215,0.052426237503048034,180375.0,1658,False
06037800205,800205,SPA 2 - San Fernando,2,District 3,3997,739,0.1848886664998749,119464.0,1639,False
06037800206,800206,SPA 2 - San Fernando,2,District 3,3590,259,0.07214484679665738,250001.0,1158,False
06037800324,800324,SPA 2 - San Fernando,2,District 3,6380,241,0.03777429467084639,158351.0,2405,False
06037800325,800325,SPA 2 - San Fernando,2,District 3,3703,270,0.07291385363219012,152232.0,1444,False
06037800328,800328,SPA 2 - San Fernando,2,District 3,1267,63,0.049723756906077346,250001.0,397,False
06037800333,800333,SPA 2 - San Fernando,2,District 3,2103,202,0.09605325725154541,112120.0,956,False
06037800334,800334,SPA 2 - San Fernando,2,District 3,3477,374,0.10756399194708081,191101.0,1239,False
06037800335,800335,SPA 2 - San Fernando,2,District 3,4289,308,0.07181161109815808,134167.0,1748,False
06037800336,800336,SPA 2 - San Fernando,2,District 3,3947,116,0.029389409678236635,208500.0,1202,False
06037800337,800337,SPA 2 - San Fernando,2,District 3,3410,729,0.21378299120234603,93971.0,1726,False
06037800338,800338,SPA 2 - San Fernando,2,District 3,6407,268,0.04182924925862338,214833.0,2038,False
06037800406,800406,SPA 5 - West,5,District 3,1801,140,0.07773459189339256,217679.0,702,False
06037800410,800410,SPA 5 - West,5,District 3,1215,108,0.08888888888888889,161875.0,518,False
06037800411,800411,SPA 5 - West,5,District 3,2475,149,0.0602020202020202,194223.0,892,False
06037800412,800412,SPA 5 - West,5,District 3,3686,595,0.16142159522517635,169244.0,1436,False
06037800504,800504,SPA 5 - West,5,District 3,2009,383,0.1906421105027377,202763.0,934,False
06037800506,800506,SPA 5 - West,5,District 3,3037,149,0.04906157392163319,217893.0,1333,False
06037900102,900102,SPA 1 - Antelope Valley,1,District 5,605,61,0.10082644628099173,44946.0,273,False
06037900103,900103,SPA 1 - Antelope Valley,1,District 5,6507,989,0.15199016443829722,61184.0,1776,False
06037900104,900104,SPA 1 - Antelope Valley,1,District 5,6910,846,0.12243125904486252,60977.0,1791,False
06037900301,900301,SPA 1 - Antelope Valley,1,District 5,3965,630,0.15889029003783103,82165.0,1027,False
06037900501,900501,SPA 1 - Antelope Valley,1,District 5,7910,726,0.09178255372945639,81765.0,2158,False
06037900504,900504,SPA 1 - Antelope Valley,1,District 5,6551,1047,0.15982292779728285,80038.0,2029,False
06037900505,900505,SPA 1 - Antelope Valley,1,District 5,4354,1076,0.2471290767110703,80718.0,1250,False
06037900506,900506,SPA 1 - Antelope Valley,1,District 5,5050,705,0.13960396039603962,79345.0,1434,False
06037900508,900508,SPA 1 - Antelope Valley,1,District 5,3716,782,0.21044133476856836,95587.0,1059,False
06037900509,900509,SPA 1 - Antelope Valley,1,District 5,4527,880,0.19438922023415064,67880.0,1272,False
06037900510,900510,SPA 1 - Antelope Valley,1,District 5,4002,728,0.18190904547726136,49495.0,1077,False
06037900602,900602,SPA 1 - Antelope Valley,1,District 5,5283,510,0.09653605905735378,53666.0,1725,False
06037900606,900606,SPA 1 - Antelope Valley,1,District 5,4661,599,0.12851319459343488,47161.0,1465,False
06037900607,900607,SPA 1 - Antelope Valley,1,District 5,4933,685,0.1388607338333671,72668.0,1175,False
06037900608,900608,SPA 1 - Antelope Valley,1,District 5,3903,575,0.14732257238022034,76220.0,1118,False
06037900609,900609,SPA 1 - Antelope Valley,1,District 5,5163,1292,0.25024210730195623,71250.0,1452,True
06037900610,900610,SPA 1 - Antelope Valley,1,District 5,3313,253,0.07636583157259282,32386.0,1164,False
06037900611,900611,SPA 1 - Antelope Valley,1,District 5,4435,523,0.11792559188275084,92938.0,1182,False
06037900701,900701,SPA 1 - Antelope Valley,1,District 5,4823,1064,0.22060957910014514,57238.0,1485,False
06037900703,900703,SPA 1 - Antelope Valley,1,District 5,4845,884,0.1824561403508772,64688.0,2190,False
06037900704,900704,SPA 1 - Antelope Valley,1,District 5,3390,425,0.12536873156342182,65721.0,1575,False
06037900705,900705,SPA 1 - Antelope Valley,1,District 5,4006,896,0.2236645032451323,51746.0,1900,False
06037900804,900804,SPA 1 - Antelope Valley,1,District 5,3341,937,0.2804549536067046,46299.0,1042,True
06037900805,900805,SPA 1 - Antelope Valley,1,District 5,5535,503,0.09087624209575429,94552.0,1584,False
06037900806,900806,SPA 1 - Antelope Valley,1,District 5,4316,1499,0.34731232622798885,25465.0,2043,True
06037900807,900807,SPA 1 - Antelope Valley,1,District 5,4197,272,0.06480819633071241,79302.0,1224,False
06037900808,900808,SPA 1 - Antelope Valley,1,District 5,5036,1402,0.278395552025417,64620.0,1357,True
06037900901,900901,SPA 1 - Antelope Valley,1,District 5,3229,659,0.20408795292660267,50509.0,995,False
06037900902,900902,SPA 1 - Antelope Valley,1,District 5,1388,61,0.04394812680115274,68276.0,566,False
06037901003,901003,SPA 1 - Antelope Valley,1,District 5,0,0,,,0,False
06037901007,901007,SPA 1 - Antelope Valley,1,District 5,2045,135,0.06601466992665037,83864.0,712,False
06037901008,901008,SPA 1 - Antelope Valley,1,District 5,3261,207,0.06347746090156393,97788.0,1081,False
06037901009,901009,SPA 1 - Antelope Valley,1,District 5,5874,1090,0.18556350017024173,94597.0,1898,False
06037901010,901010,SPA 1 - Antelope Valley,1,District 5,5452,1590,0.2916360968451944,71554.0,1846,True
06037901011,901011,SPA 1 - Antelope Valley,1,District 5,4859,631,0.12986211154558552,93934.0,2035,False
06037901012,901012,SPA 1 - Antelope Valley,1,District 5,6365,380,0.05970149253731343,133913.0,1706,False
06037901013,901013,SPA 1 - Antelope Valley,1,District 5,3378,210,0.06216696269982238,129087.0,1227,False
06037901014,901014,SPA 1 - Antelope Valley,1,District 5,4938,490,0.09923045767517213,109643.0,1474,False
06037901101,901101,SPA 1 - Antelope Valley,1,District 5,5689,517,0.09087713130602917,101641.0,1737,False
06037901102,901102,SPA 1 - Antelope Valley,1,District 5,5412,560,0.10347376201034737,91417.0,1953,False
06037901209,901209,SPA 1 - Antelope Valley,1,District 5,934,183,0.19593147751605997,68333.0,426,False
06037901210,901210,SPA 1 - Antelope Valley,1,District 5,1616,80,0.04950495049504951,104000.0,648,False
06037901214,901214,SPA 1 - Antelope Valley,1,District 5,4925,516,0.10477157360406092,109459.0,1500,False
06037901215,901215,SPA 1 - Antelope Valley,1,District 5,3518,696,0.19783968163729393,65568.0,1505,False
06037901216,901216,SPA 1 - Antelope Valley,1,District 5,2602,176,0.06764027671022291,113833.0,860,False
06037901217,901217,SPA 1 - Antelope Valley,1,District 5,1536,69,0.044921875,129659.0,565,False
06037901218,901218,SPA 1 - Antelope Valley,1,District 5,2404,9,0.0037437603993344427,160921.0,724,False
06037901300,901300,SPA 1 - Antelope Valley,1,District 5,1862,543,0.2916219119226638,63333.0,488,True
06037910002,910002,SPA 1 - Antelope Valley,1,District 5,7158,1184,0.1654093322157027,64921.0,2020,False
06037910210,910210,SPA 1 - Antelope Valley,1,District 5,7166,136,0.018978509628802678,129757.0,2230,False
06037910211,910211,SPA 1 - Antelope Valley,1,District 5,1751,74,0.0422615648201028,201979.0,466,False
06037910212,910212,SPA 1 - Antelope Valley,1,District 5,3322,417,0.125526791089705,109281.0,1107,False
06037910213,910213,SPA 1 - Antelope Valley,1,District 5,1464,59,0.040300546448087435,142237.0,464,False
06037910214,910214,SPA 1 - Antelope Valley,1,District 5,5541,262,0.04728388377549179,115308.0,1596,False
06037910215,910215,SPA 1 - Antelope Valley,1,District 5,6934,214,0.030862417075281222,87500.0,2066,False
06037910216,910216,SPA 1 - Antelope Valley,1,District 5,4985,530,0.10631895687061184,112724.0,1389,False
06037910217,910217,SPA 1 - Antelope Valley,1,District 5,5624,669,0.11895448079658606,128194.0,1653,False
06037910218,910218,SPA 1 - Antelope Valley,1,District 5,4263,567,0.1330049261083744,78560.0,1451,False
06037910301,910301,SPA 1 - Antelope Valley,1,District 5,4410,460,0.10430839002267574,116974.0,1614,False
06037910302,910302,SPA 1 - Antelope Valley,1,District 5,6392,380,0.05944931163954944,97412.0,2023,False
06037910401,910401,SPA 1 - Antelope Valley,1,District 5,5839,447,0.0765542044870697,87393.0,2062,False
06037910404,910404,SPA 1 - Antelope Valley,1,District 5,4396,564,0.12829845313921748,63062.0,1239,False
06037910405,910405,SPA 1 - Antelope Valley,1,District 5,5851,1828,0.31242522645701587,48000.0,1676,True
06037910501,910501,SPA 1 - Antelope Valley,1,District 5,5713,1970,0.3448275862068966,34192.0,2123,True
06037910502,910502,SPA 1 - Antelope Valley,1,District 5,4266,1146,0.26863572433192684,42241.0,1332,True
06037910504,910504,SPA 1 - Antelope Valley,1,District 5,3973,354,0.0891014346841178,70938.0,1117,False
06037910505,910505,SPA 1 - Antelope Valley,1,District 5,3172,190,0.05989911727616646,69792.0,861,False
06037910601,910601,SPA 1 - Antelope Valley,1,District 5,6454,886,0.1372792066935234,80709.0,1683,False
06037910602,910602,SPA 1 - Antelope Valley,1,District 5,4670,1200,0.2569593147751606,48143.0,1518,True
06037910605,910605,SPA 1 - Antelope Valley,1,District 5,5001,1172,0.23435312937412517,66190.0,1338,False
06037910606,910606,SPA 1 - Antelope Valley,1,District 5,3172,580,0.1828499369482976,79375.0,746,False
06037910607,910607,SPA 1 - Antelope Valley,1,District 5,4171,1084,0.2598897146967154,67000.0,1162,True
06037910608,910608,SPA 1 - Antelope Valley,1,District 5,3969,578,0.145628621819098,71384.0,1039,False
06037910706,910706,SPA 1 - Antelope Valley,1,District 5,6773,606,0.08947290713125645,106585.0,1706,False
06037910707,910707,SPA 1 - Antelope Valley,1,District 5,5192,949,0.18278120184899846,69507.0,1552,False
06037910709,910709,SPA 1 - Antelope Valley,1,District 5,1712,101,0.05899532710280374,100781.0,496,False
06037910712,910712,SPA 1 - Antelope Valley,1,District 5,3246,413,0.1272335181762169,98977.0,824,False
06037910713,910713,SPA 1 - Antelope Valley,1,District 5,7058,1710,0.2422782657976764,82917.0,1600,False
06037910714,910714,SPA 1 - Antelope Valley,1,District 5,4052,371,0.09155972359328726,77167.0,998,False
06037910715,910715,SPA 1 - Antelope Valley,1,District 5,6988,1011,0.14467658843732112,77057.0,1885,False
06037910716,910716,SPA 1 - Antelope Valley,1,District 5,6277,826,0.13159152461366894,92587.0,1762,False
06037910717,910717,SPA 1 - Antelope Valley,1,District 5,2277,101,0.04435660957400088,87969.0,555,False
06037910718,910718,SPA 1 - Antelope Valley,1,District 5,5536,315,0.05690028901734104,101218.0,1279,False
06037910719,910719,SPA 1 - Antelope Valley,1,District 5,4546,634,0.139463264408271,95577.0,1032,False
06037910720,910720,SPA 1 - Antelope Valley,1,District 5,5269,1166,0.22129436325678498,74408.0,1511,False
06037910721,910721,SPA 1 - Antelope Valley,1,District 5,3823,625,0.16348417473188595,47696.0,1046,False
06037910804,910804,SPA 1 - Antelope Valley,1,District 5,3060,173,0.0565359477124183,140726.0,1066,False
06037910807,910807,SPA 2 - San Fernando,2,District 5,5880,742,0.1261904761904762,142583.0,1898,False
06037910808,910808,SPA 2 - San Fernando,2,District 5,3918,78,0.019908116385911178,113889.0,1146,False
06037910809,910809,SPA 2 - San Fernando,2,District 5,2297,148,0.06443186765346104,167083.0,665,False
06037910810,910810,SPA 2 - San Fernando,2,District 5,2849,108,0.03790803790803791,155139.0,818,False
06037910814,910814,SPA 1 - Antelope Valley,1,District 5,3098,290,0.09360877985797289,122159.0,1263,False
06037910815,910815,SPA 1 - Antelope Valley,1,District 5,4978,579,0.11631177179590196,93767.0,1739,False
06037911001,911001,SPA 1 - Antelope Valley,1,District 5,3546,477,0.13451776649746192,80222.0,1390,False
06037911100,911100,SPA 1 - Antelope Valley,1,District 5,7331,1537,0.20965761833310598,65276.0,2065,False
06037920013,920013,SPA 2 - San Fernando,2,District 5,7870,1136,0.1443456162642948,117903.0,2427,False
06037920015,920015,SPA 2 - San Fernando,2,District 5,6373,80,0.012552957790679428,186295.0,1980,False
06037920016,920016,SPA 2 - San Fernando,2,District 5,4982,108,0.021678040947410677,154018.0,1593,False
06037920017,920017,SPA 2 - San Fernando,2,District 5,4249,86,0.020240056483878558,145037.0,1337,False
06037920018,920018,SPA 2 - San Fernando,2,District 5,2058,143,0.06948493683187561,148259.0,707,False
06037920020,920020,SPA 2 - San Fernando,2,District 5,5944,174,0.029273216689098252,106648.0,1917,False
06037920028,920028,SPA 2 - San Fernando,2,District 5,8700,20,0.0022988505747126436,139805.0,2575,False
06037920029,920029,SPA 2 - San Fernando,2,District 5,3733,181,0.048486472006429145,110590.0,1253,False
06037920030,920030,SPA 2 - San Fernando,2,District 5,5712,423,0.0740546218487395,131558.0,2022,False
06037920031,920031,SPA 2 - San Fernando,2,District 5,6069,794,0.13082880210907893,72434.0,2651,False
06037920034,920034,SPA 2 - San Fernando,2,District 5,4265,332,0.07784290738569753,160580.0,1329,False
06037920035,920035,SPA 2 - San Fernando,2,District 5,8980,1234,0.1374164810690423,109355.0,2427,False
06037920038,920038,SPA 2 - San Fernando,2,District 5,3098,436,0.1407359586830213,69837.0,849,False
06037920039,920039,SPA 2 - San Fernando,2,District 5,1615,116,0.0718266253869969,135385.0,534,False
06037920040,920040,SPA 2 - San Fernando,2,District 5,3270,87,0.026605504587155965,118000.0,1014,False
06037920041,920041,SPA 2 - San Fernando,2,District 5,3066,217,0.07077625570776255,121844.0,956,False
06037920042,920042,SPA 2 - San Fernando,2,District 5,6838,427,0.06244515940333431,125909.0,2432,False
06037920043,920043,SPA 2 - San Fernando,2,District 5,8504,616,0.07243650047036689,159762.0,2488,False
06037920044,920044,SPA 2 - San Fernando,2,District 5,2606,212,0.08135072908672294,102500.0,870,False
06037920045,920045,SPA 2 - San Fernando,2,District 5,4441,140,0.03152443143436163,133194.0,1461,False
06037920046,920046,SPA 2 - San Fernando,2,District 5,3605,157,0.043550624133148405,95273.0,1255,False
06037920047,920047,SPA 2 - San Fernando,2,District 5,7009,1827,0.26066485946640033,66417.0,1953,True
06037920048,920048,SPA 2 - San Fernando,2,District 5,5502,582,0.10577971646673937,104545.0,1760,False
06037920049,920049,SPA 2 - San Fernando,2,District 5,6052,466,0.07699933906146729,191058.0,1748,False
06037920050,920050,SPA 2 - San Fernando,2,District 5,961,206,0.21436004162330904,60962.0,500,False
06037920102,920102,SPA 2 - San Fernando,2,District 5,4656,344,0.07388316151202749,97455.0,1697,False
06037920104,920104,SPA 2 - San Fernando,2,District 5,2866,153,0.053384508025122124,122383.0,844,False
06037920106,920106,SPA 2 - San Fernando,2,District 5,3576,195,0.05453020134228188,109268.0,1016,False
06037920109,920109,SPA 2 - San Fernando,2,District 5,4619,319,0.06906256765533665,111886.0,1920,False
06037920110,920110,SPA 2 - San Fernando,2,District 5,2891,193,0.06675890695261155,134181.0,1003,False
06037920111,920111,SPA 2 - San Fernando,2,District 5,3065,126,0.041109298531810765,135850.0,1035,False
06037920112,920112,SPA 2 - San Fernando,2,District 5,3881,326,0.08399896933779953,118173.0,1527,False
06037920114,920114,SPA 2 - San Fernando,2,District 5,5311,365,0.06872528713989833,119668.0,2111,False
06037920115,920115,SPA 2 - San Fernando,2,District 5,4044,120,0.02967359050445104,102600.0,1736,False
06037920116,920116,SPA 2 - San Fernando,2,District 5,4949,275,0.05556678116791271,132008.0,1575,False
06037920118,920118,SPA 2 - San Fernando,2,District 5,6248,105,0.01680537772087068,146167.0,1870,False
06037920119,920119,SPA 2 - San Fernando,2,District 5,1813,94,0.05184776613348042,208289.0,490,False
06037920120,920120,SPA 2 - San Fernando,2,District 5,4045,192,0.047466007416563656,220884.0,1027,False
06037920121,920121,SPA 2 - San Fernando,2,District 5,10865,409,0.037643810400368155,161364.0,3270,False
06037920200,920200,SPA 2 - San Fernando,2,District 5,0,0,,,0,False
06037920303,920303,SPA 2 - San Fernando,2,District 5,1564,101,0.06457800511508952,138750.0,656,False
06037920312,920312,SPA 2 - San Fernando,2,District 5,6312,563,0.08919518377693282,95333.0,2184,False
06037920313,920313,SPA 2 - San Fernando,2,District 5,5017,141,0.0281044448873829,163636.0,1526,False
06037920314,920314,SPA 2 - San Fernando,2,District 5,3158,335,0.10607979734008867,135795.0,1005,False
06037920322,920322,SPA 2 - San Fernando,2,District 5,2597,265,0.10204081632653061,103906.0,967,False
06037920326,920326,SPA 2 - San Fernando,2,District 5,7191,199,0.027673480739813655,131938.0,2595,False
06037920328,920328,SPA 2 - San Fernando,2,District 5,1967,313,0.15912557193695984,124274.0,856,False
06037920329,920329,SPA 2 - San Fernando,2,District 5,6154,504,0.08189795255118622,101821.0,2704,False
06037920330,920330,SPA 2 - San Fernando,2,District 5,3406,294,0.08631826189078097,103839.0,1703,False
06037920331,920331,SPA 2 - San Fernando,2,District 5,3545,316,0.08913963328631876,121343.0,1221,False
06037920332,920332,SPA 2 - San Fernando,2,District 5,1690,132,0.07810650887573964,98333.0,590,False
06037920334,920334,SPA 2 - San Fernando,2,District 5,5421,505,0.09315624423538092,104438.0,2362,False
06037920338,920338,SPA 2 - San Fernando,2,District 5,5749,349,0.06070620977561315,176667.0,1734,False
06037920339,920339,SPA 2 - San Fernando,2,District 5,8917,472,0.052932600650442974,144876.0,2938,False
06037920340,920340,SPA 2 - San Fernando,2,District 5,2830,457,0.16148409893992932,101750.0,741,False
06037920341,920341,SPA 2 - San Fernando,2,District 5,3004,496,0.16511318242343542,65382.0,803,False
06037920342,920342,SPA 2 - San Fernando,2,District 5,3131,286,0.09134461833280103,84563.0,879,False
06037920343,920343,SPA 2 - San Fernando,2,District 5,4087,470,0.11499877660875948,82809.0,1202,False
06037930400,930400,SPA 3 - San Gabriel,3,District 5,1143,162,0.14173228346456693,113929.0,376,False
06037980001,980001,SPA 2 - San Fernando,2,District 5,0,0,,,0,False
06037980002,980002,SPA 8 - South Bay,8,District 2,0,0,,,0,False
06037980003,980003,SPA 1 - Antelope Valley,1,District 5,0,0,,,0,False
06037980004,980004,SPA 1 - Antelope Valley,1,District 5,0,0,,,0,False
06037980005,980005,SPA 8 - South Bay,8,District 4,0,0,,,0,False
06037980006,980006,SPA 8 - South Bay,8,District 4,0,0,,,0,False
06037980007,980007,SPA 8 - South Bay,8,District 4,0,0,,,0,False
06037980008,980008,SPA 2 - San Fernando,2,District 3,73,64,0.8767123287671232,,18,True
06037980009,980009,SPA 4 - Metro,4,District 5,0,0,,,0,False
06037980010,980010,SPA 4 - Metro,4,District 1,143,61,0.42657342657342656,,73,True
06037980011,980011,SPA 8 - South Bay,8,District 4,101,3,0.0297029702970297,,13,False
06037980012,980012,SPA 7 - East,7,District 4,0,0,,,0,False
06037980013,980013,SPA 8 - South Bay,8,District 2,0,0,,,0,False
06037980014,980014,SPA 8 - South Bay,8,District 4,40,40,1.0,,10,True
06037980015,980015,SPA 8 - South Bay,8,District 4,1095,253,0.2310502283105023,62534.0,515,False
06037980016,980016,SPA 7 - East,7,District 4,371,8,0.0215633423180593,70833.0,100,False
06037980017,980017,SPA 5 - West,5,District 3,997,627,0.6288866599799399,,24,True
06037980018,980018,SPA 8 - South Bay,8,District 4,0,0,,,0,False
06037980019,980019,SPA 5 - West,5,District 3,75,14,0.18666666666666668,79018.0,37,False
06037980020,980020,SPA 2 - San Fernando,2,District 5,0,0,,,0,False
06037980021,980021,SPA 2 - San Fernando,2,District 5,16,1,0.0625,,4,False
06037980022,980022,SPA 2 - San Fernando,2,District 3,0,0,,,0,False
06037980023,980023,SPA 2 - San Fernando,2,District 3,47,0,0.0,,15,False
06037980024,980024,SPA 2 - San Fernando,2,District 3,205,27,0.13170731707317074,125625.0,80,False
06037980025,980025,SPA 8 - South Bay,8,District 2,442,6,0.013574660633484163,79250.0,220,False
06037980026,980026,SPA 2 - San Fernando,2,District 5,0,0,,,0,False
06037980028,980028,SPA 5 - West,5,District 2,0,0,,,0,False
06037980030,980030,SPA 8 - South Bay,8,District 2,0,0,,,0,False
06037980031,980031,SPA 8 - South Bay,8,District 4,12,0,0.0,,7,False
06037980033,980033,SPA 8 - South Bay,8,District 4,11,6,0.5454545454545454,,0,True
06037980034,980034,SPA 7 - East,7,District 4,0,0,,,0,False
06037980035,980035,SPA 3 - San Gabriel,3,District 1,574,17,0.029616724738675958,65750.0,189,False
06037980036,980036,SPA 3 - San Gabriel,3,District 1,606,39,0.06435643564356436,172829.0,117,False
06037980037,980037,SPA 8 - South Bay,8,District 2,0,0,,,0,False
06037980038,980038,SPA 5 - West,5,District 2,0,0,,,0,False
06037980039,980039,SPA 2 - San Fernando,2,District 5,0,0,,,0,False
06037990100,990100,,,,0,0,,,0,False
06037990200,990200,,,,0,0,,,0,False
06037990300,990300,,,,0,0,,,0,False
