Year,Proj. Type,Organization Name,Project Name,City,State,SPA,CD,SD,Geo Code,HMIS Participating,Inventory Type,Bed Type,Target Pop.,Beds HH w/ Children,Units HH w/ Children,Beds HH w/o Children,Beds HH w/ only Children,Veteran Beds HH w/ Children,Youth Beds HH w/ Children,CH Beds HH w/ Children,Veteran Beds HH w/o Children,Youth Beds HH w/o Children,CH Beds HH w/o Children,CH Beds HH w only Children,Victim Service Provider,Additional Federal Funding?,Additional Federal Funding: HUD-VASH,Additional Federal Funding: SSVF,Additional Federal Funding: GPD-BH,Additional Federal Funding: GPD-LD,Additional Federal Funding: GPD-HH,Additional Federal Funding: GPD-CT,Additional Federal Funding: GPD-SITH,Additional Federal Funding: GPD-TP,Additional Federal Funding: HCHV-CRS,Additional Federal Funding: HCHV-SH,Additional Federal Funding: BCP,Additional Federal Funding: MGH,Additional Federal Funding: TLP,Additional Federal Funding: RhyDp,Additional Federal Funding: HOPWA-HMV,Additional Federal Funding: HOPWA-PH,Additional Federal Funding: HOPWA-STSF,Additional Federal Funding: HOPWA-TH,Additional Federal Funding: HOPWA-CV,Additional Federal Funding: PIH,Additional Federal Funding: PIH-EHV,Additional Federal Funding: HOME,Additional Federal Funding: HOME-ARP,Additional Federal Funding: Other,Housing Type,McKinney- Vento,McKinney- Vento: EsgEs,McKinney- Vento: EsgRrh,McKinney- Vento: Esg-CV,McKinney- Vento: Esg-RUSH,McKinney- Vento: CocSh,McKinney- Vento: CocTh,McKinney- Vento: CocPsh,McKinney- Vento: CocRrh,McKinney- Vento: CocSro,McKinney- Vento: CocThRrh,McKinney- Vento: SpC,McKinney- Vento: S8,McKinney- Vento: SHP,McKinney- Vento: Yhdp,McKinney- Vento: YhdpRenewals,McKinney- Vento: Unshelt,McKinney- Vento: Rural,Year-Round Beds,Total Seasonal Beds,Availability Start Date,Availability End Date,Overflow Beds,PIT Count,Total Beds,Utilization Rate,spa_num,cd_num,occupied_beds,vacant_beds,bed_category
2025.0,ES,211,CES for Families - SPA 3 (formerly named Information and Referral Hotline),San Gabriel,CA,SPA 3                                             ,0,1,069037,Yes,Current,,,33.0,12.0,0.0,0.0,0.0,0.0,0.0,0.0,0.0,0.0,0.0,No,No,No,No,No,No,No,No,No,No,No,No,No,No,No,No,No,No,No,No,No,No,No,No,No,No,Tenant-based - scattered site,No,No,No,No,No,No,No,No,No,No,No,No,No,No,No,No,No,No,33.0,0.0,,,0.0,33.0,33.0,1.0,3,0,33.0,0.0,Shelter
2025.0,ES,1736 Family Crisis Center,"A Bridge Home CD 10 ""Entry/Exit",Los Angeles,CA,SPA 4                                             ,10,2,062118,Yes,Current,,,0.0,0.0,15.0,0.0,0.0,0.0,0.0,0.0,0.0,0.0,0.0,No,Yes,No,No,No,No,No,No,No,No,No,No,No,No,No,No,No,No,No,No,No,No,No,No,No,Yes,Site-based - single site,No,No,No,No,No,No,No,No,No,No,No,No,No,No,No,No,No,No,15.0,0.0,,,0.0,15.0,15.0,1.0,4,10,15.0,0.0,Shelter
2025.0,ES,1736 Family Crisis Center,"CES Enhanced Bridge Housing for Women SPA 8 ""Entry/Exit",Long Beach,CA,SPA 8                                             ,0,4,062118,Yes,Current,,,0.0,0.0,20.0,0.0,0.0,0.0,0.0,0.0,0.0,0.0,0.0,No,Yes,No,No,No,No,No,No,No,No,No,No,No,No,No,No,No,No,No,No,No,No,No,No,No,Yes,Site-based - single site,No,No,No,No,No,No,No,No,No,No,No,No,No,No,No,No,No,No,20.0,0.0,,,0.0,20.0,20.0,1.0,8,0,20.0,0.0,Shelter
2025.0,ES,1736 Family Crisis Center,RHY Basic Center Emergency Shelter,Santa Monica,CA,SPA 5                                             ,10,2,063384,Yes,Current,,,0.0,0.0,0.0,6.0,0.0,0.0,0.0,0.0,0.0,0.0,0.0,No,Yes,No,No,No,No,No,No,No,No,No,No,Yes,No,No,No,No,No,No,No,No,No,No,No,No,No,Site-based - single site,No,No,No,No,No,No,No,No,No,No,No,No,No,No,No,No,No,No,6.0,0.0,,,0.0,3.0,6.0,0.5,5,10,3.0,3.0,Shelter
2025.0,RRH,1736 Family Crisis Center,SSVF RRH,Wilmington,CA,SPA 8                                             ,15,4,062118,Yes,Current,,,0.0,0.0,9.0,0.0,0.0,0.0,0.0,9.0,0.0,0.0,0.0,No,Yes,No,Yes,No,No,No,No,No,No,No,No,No,No,No,No,No,No,No,No,No,No,No,No,No,No,Tenant-based - scattered site,No,No,No,No,No,No,No,No,No,No,No,No,No,No,No,No,No,No,9.0,0.0,,,0.0,9.0,9.0,1.0,8,15,9.0,0.0,Permanent Housing
2025.0,PSH,A Community of Friends,ACOF West Terrace DMH (D7),Los Angeles,CA,SPA 6                                             ,8,2,062118,Yes,Current,,,0.0,0.0,34.0,0.0,0.0,0.0,0.0,0.0,0.0,0.0,0.0,No,Yes,No,No,No,No,No,No,No,No,No,No,No,No,No,No,No,No,No,No,No,No,No,No,No,Yes,Site-based - single site,No,No,No,No,No,No,No,No,No,No,No,No,No,No,No,No,No,No,34.0,0.0,,,0.0,32.0,34.0,0.9411764705882352,6,8,32.0,2.0,Permanent Housing
2025.0,PSH,A Community of Friends,Amistad Apartments,Los Angeles,CA,SPA 4                                             ,14,1,062118,Yes,Current,,,50.0,11.0,10.0,0.0,0.0,0.0,50.0,0.0,0.0,10.0,0.0,No,No,No,No,No,No,No,No,No,No,No,No,No,No,No,No,No,No,No,No,No,No,No,No,No,No,Site-based - single site,No,No,No,No,No,No,No,No,No,No,No,No,No,No,No,No,No,No,60.0,0.0,,,0.0,57.0,60.0,0.95,4,14,57.0,3.0,Permanent Housing
2025.0,PSH,A Community of Friends,CA004S Fox Normandie Apartments,Los Angeles,CA,SPA 4                                             ,10,2,062118,Yes,Current,,,0.0,0.0,36.0,0.0,0.0,0.0,0.0,0.0,0.0,36.0,0.0,No,No,No,No,No,No,No,No,No,No,No,No,No,No,No,No,No,No,No,No,No,No,No,No,No,No,Site-based - single site,No,No,No,No,No,No,No,No,No,No,No,No,No,No,No,No,No,No,36.0,0.0,,,0.0,32.0,36.0,0.8888888888888888,4,10,32.0,4.0,Permanent Housing
2025.0,PSH,A Community of Friends,CA0331 39 West Apartments - Supportive Services,Los Angeles,CA,SPA 6                                             ,8,2,062118,Yes,Current,,,0.0,0.0,33.0,0.0,0.0,0.0,0.0,0.0,0.0,33.0,0.0,No,No,No,No,No,No,No,No,No,No,No,No,No,No,No,No,No,No,No,No,No,No,No,No,No,No,Site-based - single site,No,No,No,No,No,No,No,No,No,No,No,No,No,No,No,No,No,No,33.0,0.0,,,0.0,28.0,33.0,0.8484848484848485,6,8,28.0,5.0,Permanent Housing
2025.0,PSH,A Community of Friends,CA0331 Parker Apartments - Supportive Services,Los Angeles,CA,SPA 4                                             ,1,1,062118,Yes,Current,,,0.0,0.0,31.0,0.0,0.0,0.0,0.0,0.0,0.0,31.0,0.0,No,No,No,No,No,No,No,No,No,No,No,No,No,No,No,No,No,No,No,No,No,No,No,No,No,No,Site-based - single site,No,No,No,No,No,No,No,No,No,No,No,No,No,No,No,No,No,No,31.0,0.0,,,0.0,18.0,31.0,0.5806451612903226,4,1,18.0,13.0,Permanent Housing
2025.0,PSH,A Community of Friends,CA0335 Fox Normandie Apartments,Los Angeles,CA,SPA 4                                             ,10,2,062118,Yes,Current,,,8.0,4.0,6.0,0.0,0.0,0.0,8.0,0.0,0.0,6.0,0.0,No,No,No,No,No,No,No,No,No,No,No,No,No,No,No,No,No,No,No,No,No,No,No,No,No,No,Site-based - single site,No,No,No,No,No,No,No,No,No,No,No,No,No,No,No,No,No,No,14.0,0.0,,,0.0,16.0,14.0,1.1428571428571428,4,10,16.0,0.0,Permanent Housing
2025.0,PSH,A Community of Friends,CA0347 California Hotel - Supportive Services,Los Angeles,CA,SPA 8                                             ,15,4,062118,Yes,Current,,,0.0,0.0,39.0,0.0,0.0,0.0,0.0,0.0,0.0,39.0,0.0,No,Yes,No,No,No,No,No,No,No,No,No,No,No,No,No,No,No,No,No,No,No,No,No,No,No,Yes,Site-based - single site,No,No,No,No,No,No,No,No,No,No,No,No,No,No,No,No,No,No,39.0,0.0,,,0.0,33.0,39.0,0.8461538461538461,8,15,33.0,6.0,Permanent Housing
2025.0,PSH,A Community of Friends,CA0347 Figueroa Apartments - Supportive Services,Los Angeles,CA,SPA 6                                             ,8,2,062118,Yes,Current,,,0.0,0.0,39.0,0.0,0.0,0.0,0.0,0.0,0.0,39.0,0.0,No,Yes,No,No,No,No,No,No,No,No,No,No,No,No,No,No,No,No,No,No,No,No,No,No,No,Yes,Site-based - clustered / multiple sites,No,No,No,No,No,No,No,No,No,No,No,No,No,No,No,No,No,No,39.0,0.0,,,0.0,36.0,39.0,0.9230769230769232,6,8,36.0,3.0,Permanent Housing
2025.0,PSH,A Community of Friends,CA0347 Willis Avenue Apartments,Panorama City,CA,SPA 2                                             ,6,3,062118,Yes,Current,,,0.0,0.0,41.0,0.0,0.0,0.0,0.0,0.0,0.0,41.0,0.0,No,Yes,No,No,No,No,No,No,No,No,No,No,No,No,No,No,No,No,No,No,No,No,No,No,No,Yes,Site-based - single site,No,No,No,No,No,No,No,No,No,No,No,No,No,No,No,No,No,No,41.0,0.0,,,0.0,38.0,41.0,0.926829268292683,2,6,38.0,3.0,Permanent Housing
2025.0,PSH,A Community of Friends,CA0374 Fedora Apartments - Supportive Services,Los Angeles,CA,SPA 4                                             ,10,2,062118,Yes,Current,,,0.0,0.0,22.0,0.0,0.0,0.0,0.0,0.0,0.0,22.0,0.0,No,Yes,No,No,No,No,No,No,No,No,No,No,No,No,No,No,No,No,No,No,No,No,No,No,No,Yes,Site-based - single site,No,No,No,No,No,No,No,No,No,No,No,No,No,No,No,No,No,No,22.0,0.0,,,0.0,20.0,22.0,0.9090909090909092,4,10,20.0,2.0,Permanent Housing
2025.0,PSH,A Community of Friends,CA0374 Osborne Place Apartments - Supportive Services,Los Angeles,CA,SPA 2                                             ,7,3,062118,Yes,Current,,,82.0,22.0,40.0,0.0,0.0,0.0,73.0,0.0,0.0,29.0,0.0,No,Yes,No,No,No,No,No,No,No,No,No,No,No,No,No,No,No,No,No,No,No,No,No,No,No,Yes,Site-based - single site,No,No,No,No,No,No,No,No,No,No,No,No,No,No,No,No,No,No,122.0,0.0,,,0.0,134.0,122.0,1.098360655737705,2,7,134.0,0.0,Permanent Housing
2025.0,PSH,A Community of Friends,CA0383 Gower Street Apartments - Supportive Services,Los Angeles,CA,SPA 4                                             ,13,3,062118,Yes,Current,,,0.0,0.0,54.0,0.0,0.0,0.0,0.0,0.0,0.0,54.0,0.0,No,Yes,No,No,No,No,No,No,No,No,No,No,No,No,No,No,No,No,No,No,No,No,No,No,No,Yes,Site-based - single site,No,No,No,No,No,No,No,No,No,No,No,No,No,No,No,No,No,No,54.0,0.0,,,0.0,50.0,54.0,0.925925925925926,4,13,50.0,4.0,Permanent Housing
2025.0,PSH,A Community of Friends,CA0383 Las Palomas Apartments - Supportive Services,Los Angeles,CA,SPA 4                                             ,14,1,062118,Yes,Current,,,0.0,0.0,61.0,0.0,0.0,0.0,0.0,0.0,0.0,61.0,0.0,No,Yes,No,No,No,No,No,No,No,No,No,No,No,No,No,No,No,No,No,No,No,No,No,No,No,Yes,Site-based - single site,No,No,No,No,No,No,No,No,No,No,No,No,No,No,No,No,No,No,61.0,0.0,,,0.0,54.0,61.0,0.8852459016393442,4,14,54.0,7.0,Permanent Housing
2025.0,PSH,A Community of Friends,CA0407 Cornerstone Apartments,Van Nuys,CA,SPA 2                                             ,6,3,062118,Yes,Current,,,0.0,0.0,9.0,0.0,0.0,0.0,0.0,0.0,0.0,0.0,0.0,No,No,No,No,No,No,No,No,No,No,No,No,No,No,No,No,No,No,No,No,No,No,No,No,No,No,Site-based - single site,No,No,No,No,No,No,No,No,No,No,No,No,No,No,No,No,No,No,9.0,0.0,,,0.0,5.0,9.0,0.56,2,6,5.0,4.0,Permanent Housing
2025.0,PSH,A Community of Friends,CA0523 Central Court Apartments - Supportive Services,Los Angeles,CA,SPA 6                                             ,9,2,062118,Yes,Current,,,8.0,3.0,4.0,0.0,0.0,0.0,8.0,0.0,0.0,4.0,0.0,No,Yes,No,No,No,No,No,No,No,No,No,No,No,No,No,No,No,No,No,No,No,No,No,No,No,Yes,Site-based - single site,No,No,No,No,No,No,No,No,No,No,No,No,No,No,No,No,No,No,12.0,0.0,,,0.0,7.0,12.0,0.5833333333333334,6,9,7.0,5.0,Permanent Housing
2025.0,PSH,A Community of Friends,CA0523 Project Independence Gateways - Supportive Services,Los Angeles,CA,SPA 4                                             ,13,1,062118,Yes,Current,,,0.0,0.0,29.0,0.0,0.0,0.0,0.0,0.0,0.0,29.0,0.0,No,Yes,No,No,No,No,No,No,No,No,No,No,No,No,No,No,No,No,No,No,No,No,No,No,No,Yes,Site-based - single site,No,No,No,No,No,No,No,No,No,No,No,No,No,No,No,No,No,No,29.0,0.0,,,0.0,24.0,29.0,0.8275862068965517,4,13,24.0,5.0,Permanent Housing
2025.0,PSH,A Community of Friends,CA0523 Vista Nueva Apartments - Supportive Services,Los Angeles,CA,SPA 4                                             ,13,1,062118,Yes,Current,,,85.0,18.0,27.0,0.0,0.0,0.0,85.0,0.0,0.0,27.0,0.0,No,Yes,No,No,No,No,No,No,No,No,No,No,No,No,No,No,No,No,No,No,No,No,No,No,No,Yes,Site-based - single site,No,No,No,No,No,No,No,No,No,No,No,No,No,No,No,No,No,No,112.0,0.0,,,0.0,101.0,112.0,1.507462686567164,4,13,101.0,11.0,Permanent Housing
2025.0,PSH,A Community of Friends,CA0915 Willow Apartments,Compton,CA,SPA 6                                             ,0,2,060804,Yes,Current,,,30.0,15.0,8.0,0.0,0.0,0.0,30.0,0.0,0.0,8.0,0.0,No,No,No,No,No,No,No,No,No,No,No,No,No,No,No,No,No,No,No,No,No,No,No,No,No,No,Site-based - single site,No,No,No,No,No,No,No,No,No,No,No,No,No,No,No,No,No,No,38.0,0.0,,,0.0,35.0,38.0,0.9210526315789472,6,0,35.0,3.0,Permanent Housing
2025.0,PSH,A Community of Friends,CA0916 Woodland Terrace,North Hills,CA,SPA 2                                             ,7,3,062118,Yes,Current,,,68.0,16.0,32.0,0.0,0.0,0.0,0.0,0.0,0.0,0.0,0.0,No,Yes,No,No,No,No,No,No,No,No,No,No,No,No,No,No,No,No,No,No,No,No,No,No,No,Yes,Site-based - single site,No,No,No,No,No,No,No,No,No,No,No,No,No,No,No,No,No,No,100.0,0.0,,,0.0,96.0,100.0,0.96,2,7,96.0,4.0,Permanent Housing
2025.0,PSH,A Community of Friends,CA0917 Brandon Apartments,Los Angeles,CA,SPA 4                                             ,1,1,062118,Yes,Current,,,28.0,14.0,16.0,0.0,0.0,0.0,0.0,0.0,0.0,0.0,0.0,No,No,No,No,No,No,No,No,No,No,No,No,No,No,No,No,No,No,No,No,No,No,No,No,No,No,Site-based - single site,No,No,No,No,No,No,No,No,No,No,No,No,No,No,No,No,No,No,44.0,0.0,,,0.0,53.0,44.0,1.2045454545454546,4,1,53.0,0.0,Permanent Housing
2025.0,PSH,A Community of Friends,CA1104 Avalon Apartments,Los Angeles,CA,SPA 6                                             ,0,2,062118,Yes,Current,,,31.0,10.0,12.0,0.0,0.0,0.0,31.0,0.0,0.0,12.0,0.0,No,No,No,No,No,No,No,No,No,No,No,No,No,No,No,No,No,No,No,No,No,No,No,No,No,No,Site-based - single site,No,No,No,No,No,No,No,No,No,No,No,No,No,No,No,No,No,No,43.0,0.0,,,0.0,43.0,43.0,1.0,6,0,43.0,0.0,Permanent Housing
2025.0,PSH,A Community of Friends,CA1157 Las Flores - 2,Los Angeles,CA,SPA 7                                             ,0,1,062118,Yes,Current,,,28.0,9.0,4.0,0.0,0.0,0.0,25.0,0.0,0.0,4.0,0.0,No,Yes,No,No,No,No,No,No,No,No,No,No,No,No,No,No,No,No,No,No,No,No,No,No,No,Yes,Site-based - single site,No,No,No,No,No,No,No,No,No,No,No,No,No,No,No,No,No,No,32.0,0.0,,,0.0,44.0,32.0,1.375,7,0,44.0,0.0,Permanent Housing
2025.0,PSH,A Community of Friends,CA1220 Vendome Apartments,Los Angeles,CA,SPA 4                                             ,13,1,062118,Yes,Current,,,0.0,0.0,35.0,0.0,0.0,0.0,0.0,0.0,0.0,35.0,0.0,No,Yes,No,No,No,No,No,No,No,No,No,No,No,No,No,No,No,No,No,No,No,No,No,No,No,Yes,Site-based - single site,No,No,No,No,No,No,No,No,No,No,No,No,No,No,No,No,No,No,35.0,0.0,,,0.0,32.0,35.0,0.9142857142857144,4,13,32.0,3.0,Permanent Housing
2025.0,PSH,A Community of Friends,Cornerstone Apartments,Van Nuys,CA,SPA 2                                             ,6,3,062118,Yes,Current,,,22.0,11.0,24.0,0.0,0.0,0.0,22.0,0.0,0.0,24.0,0.0,No,No,No,No,No,No,No,No,No,No,No,No,No,No,No,No,No,No,No,No,No,No,No,No,No,No,Site-based - single site,No,No,No,No,No,No,No,No,No,No,No,No,No,No,No,No,No,No,46.0,0.0,,,0.0,44.0,46.0,0.9565217391304348,2,6,44.0,2.0,Permanent Housing
2025.0,PSH,A Community of Friends,La Primavera,Los Angeles,CA,SPA 4                                             ,14,1,062118,Yes,Current,,,0.0,0.0,35.0,0.0,0.0,0.0,0.0,0.0,0.0,35.0,0.0,No,No,No,No,No,No,No,No,No,No,No,No,No,No,No,No,No,No,No,No,No,No,No,No,No,No,Site-based - single site,No,No,No,No,No,No,No,No,No,No,No,No,No,No,No,No,No,No,35.0,0.0,,,0.0,28.0,35.0,0.8,4,14,28.0,7.0,Permanent Housing
2025.0,PSH,A Community of Friends,Maryland Apartments,Los Angeles,CA,SPA 4                                             ,1,1,062118,Yes,Current,,,0.0,0.0,29.0,0.0,0.0,0.0,0.0,0.0,0.0,29.0,0.0,No,No,No,No,No,No,No,No,No,No,No,No,No,No,No,No,No,No,No,No,No,No,No,No,No,No,Site-based - single site,No,No,No,No,No,No,No,No,No,No,No,No,No,No,No,No,No,No,29.0,0.0,,,0.0,26.0,29.0,0.896551724137931,4,1,26.0,3.0,Permanent Housing
2025.0,PSH,A Community of Friends,PBV 226 Berendo,Los Angeles,CA,SPA 4                                             ,10,2,062118,No,Current,,,0.0,0.0,47.0,0.0,0.0,0.0,0.0,0.0,0.0,47.0,0.0,No,No,No,No,No,No,No,No,No,No,No,No,No,No,No,No,No,No,No,No,No,No,No,No,No,No,Site-based - single site,No,No,No,No,No,No,No,No,No,No,No,No,No,No,No,No,No,No,47.0,0.0,,,0.0,43.0,47.0,0.9148936170212766,4,10,43.0,4.0,Permanent Housing
2025.0,PSH,A Community of Friends,PBV 235 Berendo,Los Angeles,CA,SPA 4                                             ,10,2,062118,No,Current,,,16.0,8.0,15.0,0.0,0.0,0.0,16.0,0.0,0.0,15.0,0.0,No,No,No,No,No,No,No,No,No,No,No,No,No,No,No,No,No,No,No,No,No,No,No,No,No,No,Site-based - single site,No,No,No,No,No,No,No,No,No,No,No,No,No,No,No,No,No,No,31.0,0.0,,,0.0,23.0,31.0,0.7419354838709677,4,10,23.0,8.0,Permanent Housing
2025.0,PSH,A Community of Friends,PBV Arlington Square,Los Angeles,CA,SPA 4                                             ,10,2,062118,Yes,Current,,,0.0,0.0,47.0,0.0,0.0,0.0,0.0,17.0,0.0,30.0,0.0,No,No,No,No,No,No,No,No,No,No,No,No,No,No,No,No,No,No,No,No,No,No,No,No,No,No,Site-based - single site,No,No,No,No,No,No,No,No,No,No,No,No,No,No,No,No,No,No,47.0,0.0,,,0.0,43.0,47.0,0.9148936170212766,4,10,43.0,4.0,Permanent Housing
2025.0,PSH,A Community of Friends,PBV Avalon Apartments,Los Angeles,CA,SPA 6                                             ,0,2,062118,Yes,Current,,,48.0,9.0,6.0,0.0,0.0,0.0,48.0,0.0,0.0,6.0,0.0,No,No,No,No,No,No,No,No,No,No,No,No,No,No,No,No,No,No,No,No,No,No,No,No,No,No,Site-based - single site,No,No,No,No,No,No,No,No,No,No,No,No,No,No,No,No,No,No,54.0,0.0,,,0.0,39.0,54.0,0.7222222222222222,6,0,39.0,15.0,Permanent Housing
2025.0,PSH,A Community of Friends,PBV Beverly Terrace,Los Angeles,CA,SPA 7                                             ,0,1,062118,Yes,Current,,,108.0,39.0,0.0,0.0,0.0,0.0,108.0,0.0,0.0,0.0,0.0,No,No,No,No,No,No,No,No,No,No,No,No,No,No,No,No,No,No,No,No,No,No,No,No,No,No,Site-based - single site,No,No,No,No,No,No,No,No,No,No,No,No,No,No,No,No,No,No,108.0,0.0,,,0.0,109.0,108.0,1.0092592592592593,7,0,109.0,0.0,Permanent Housing
2025.0,PSH,A Community of Friends,PBV Casa del Sol,Los Angeles,CA,SPA 2                                             ,6,3,062118,No,Current,,,0.0,0.0,49.0,0.0,0.0,0.0,0.0,0.0,0.0,0.0,0.0,No,Yes,No,No,No,No,No,No,No,No,No,No,No,No,No,No,No,No,No,No,No,No,No,No,No,Yes,Site-based - single site,No,No,No,No,No,No,No,No,No,No,No,No,No,No,No,No,No,No,49.0,0.0,,,0.0,49.0,49.0,1.0,2,6,49.0,0.0,Permanent Housing
2025.0,PSH,A Community of Friends,Rayen Apartments,North Hills,CA,SPA 2                                             ,6,3,062118,No,Current,,,64.0,13.0,21.0,0.0,0.0,0.0,64.0,0.0,0.0,21.0,0.0,No,No,No,No,No,No,No,No,No,No,No,No,No,No,No,No,No,No,No,No,No,No,No,No,No,No,Site-based - single site,No,No,No,No,No,No,No,No,No,No,No,No,No,No,No,No,No,No,85.0,0.0,,,0.0,85.0,85.0,1.0,2,6,85.0,0.0,Permanent Housing
2025.0,PSH,A Community of Friends,Santos Plaza,Los Angeles,CA,SPA 6                                             ,8,2,062118,Yes,Current,,,0.0,0.0,36.0,0.0,0.0,0.0,0.0,0.0,0.0,36.0,0.0,No,No,No,No,No,No,No,No,No,No,No,No,No,No,No,No,No,No,No,No,No,No,No,No,No,No,Site-based - single site,No,No,No,No,No,No,No,No,No,No,No,No,No,No,No,No,No,No,36.0,0.0,,,0.0,33.0,36.0,0.9166666666666666,6,8,33.0,3.0,Permanent Housing
2025.0,PSH,A Community of Friends,Selby Hotel,Los Angeles,CA,SPA 4                                             ,13,3,062118,Yes,Current,,,0.0,0.0,28.0,0.0,0.0,0.0,0.0,0.0,0.0,28.0,0.0,No,No,No,No,No,No,No,No,No,No,No,No,No,No,No,No,No,No,No,No,No,No,No,No,No,No,Site-based - single site,No,No,No,No,No,No,No,No,No,No,No,No,No,No,No,No,No,No,28.0,0.0,,,0.0,25.0,28.0,0.8928571428571429,4,13,25.0,3.0,Permanent Housing
2025.0,PSH,A Community of Friends,Silver Star Apartments,Los Angeles,CA,SPA 6                                             ,8,2,062118,No,Current,,,0.0,0.0,48.0,0.0,0.0,0.0,0.0,48.0,0.0,0.0,0.0,No,Yes,Yes,No,No,No,No,No,No,No,No,No,No,No,No,No,No,No,No,No,No,No,No,No,No,No,Site-based - single site,No,No,No,No,No,No,No,No,No,No,No,No,No,No,No,No,No,No,48.0,0.0,,,0.0,41.0,48.0,0.8541666666666666,6,8,41.0,7.0,Permanent Housing
2025.0,PSH,A Community of Friends,VHHP Firestone Phoenix,Los Angeles,CA,SPA 6                                             ,0,2,062118,Yes,Current,,,0.0,0.0,20.0,0.0,0.0,0.0,0.0,20.0,0.0,0.0,0.0,No,Yes,No,No,No,No,No,No,No,No,No,No,No,No,No,No,No,No,No,No,No,No,No,No,No,Yes,Site-based - single site,No,No,No,No,No,No,No,No,No,No,No,No,No,No,No,No,No,No,20.0,0.0,,,0.0,20.0,20.0,1.0,6,0,20.0,0.0,Permanent Housing
2025.0,PSH,A Community of Friends,West Terrace,Los Angeles,CA,SPA 6                                             ,8,2,062118,No,Current,,,67.0,17.0,5.0,0.0,0.0,0.0,0.0,0.0,0.0,0.0,0.0,No,Yes,No,No,No,No,No,No,No,No,No,No,No,No,No,No,No,No,No,No,No,No,No,No,No,Yes,Site-based - single site,No,No,No,No,No,No,No,No,No,No,No,No,No,No,No,No,No,No,72.0,0.0,,,0.0,80.0,72.0,1.1111111111111112,6,8,80.0,0.0,Permanent Housing
2025.0,ES,A Step to Freedom,"ASF JCOD FSP Interim Housing ""Entry/Exit",Los Angeles,CA,SPA 6                                             ,9,2,062118,Yes,Current,,,0.0,0.0,24.0,0.0,0.0,0.0,0.0,0.0,0.0,0.0,0.0,No,Yes,No,No,No,No,No,No,No,No,No,No,No,No,No,No,No,No,No,No,No,No,No,No,No,Yes,Site-based - single site,No,No,No,No,No,No,No,No,No,No,No,No,No,No,No,No,No,No,24.0,0.0,,,0.0,20.0,24.0,0.8333333333333334,6,9,20.0,4.0,Shelter
2025.0,ES,A Step to Freedom,"B7 Bridge Housing Program SPA 6 ""Entry/Exit",Los Angeles,CA,SPA 6                                             ,9,2,062118,Yes,Current,,,0.0,0.0,24.0,0.0,0.0,0.0,0.0,0.0,0.0,0.0,0.0,No,Yes,No,No,No,No,No,No,No,No,No,No,No,No,No,No,No,No,No,No,No,No,No,No,No,Yes,Site-based - single site,No,No,No,No,No,No,No,No,No,No,No,No,No,No,No,No,No,No,24.0,0.0,,,0.0,22.0,24.0,0.9166666666666666,6,9,22.0,2.0,Shelter
2025.0,RRH,A Step to Freedom,TLS Pathway Home Expo,Los Angeles,CA,SPA 6                                             ,10,2,062118,Yes,Current,,,0.0,0.0,0.0,0.0,0.0,0.0,0.0,0.0,0.0,0.0,0.0,No,Yes,No,No,No,No,No,No,No,No,No,No,No,No,No,No,No,No,No,No,No,No,No,No,No,Yes,Tenant-based - scattered site,No,No,No,No,No,No,No,No,No,No,No,No,No,No,No,No,No,No,0.0,0.0,,,0.0,0.0,0.0,0.0,6,10,0.0,0.0,Permanent Housing
2025.0,ES,Advancing Communities Together,Winter Shelter Program 9th St SPA 1,Palmdale,CA,SPA 1                                             ,0,5,062658,Yes,Current,,,0.0,0.0,0.0,0.0,0.0,0.0,0.0,0.0,0.0,0.0,0.0,No,Yes,No,No,No,No,No,No,No,No,No,No,No,No,No,No,No,No,No,No,No,No,No,No,No,Yes,Site-based - single site,No,No,No,No,No,No,No,No,No,No,No,No,No,No,No,No,No,No,0.0,35.0,2024-11-01,2025-03-31,0.0,34.0,35.0,0.9714285714285714,1,0,34.0,1.0,Shelter
2025.0,PSH,Affordable Living for the Aging,Parkview on the Park Apartments,Los Angeles,CA,SPA 4                                             ,1,1,062118,Yes,Current,,,0.0,0.0,34.0,0.0,0.0,0.0,0.0,0.0,0.0,0.0,0.0,No,No,No,No,No,No,No,No,No,No,No,No,No,No,No,No,No,No,No,No,No,No,No,No,No,No,Site-based - single site,No,No,No,No,No,No,No,No,No,No,No,No,No,No,No,No,No,No,34.0,0.0,,,0.0,31.0,34.0,0.9117647058823528,4,1,31.0,3.0,Permanent Housing
2025.0,PSH,Alcott Center for Mental Health Services,CA1594 Permanent Supportive Housing,Los Angeles,CA,SPA 5                                             ,5,3,062118,Yes,Current,,,0.0,0.0,15.0,0.0,0.0,0.0,0.0,0.0,0.0,15.0,0.0,No,No,No,No,No,No,No,No,No,No,No,No,No,No,No,No,No,No,No,No,No,No,No,No,No,No,Tenant-based - scattered site,No,No,No,No,No,No,No,No,No,No,No,No,No,No,No,No,No,No,15.0,0.0,,,0.0,19.0,15.0,1.2666666666666666,5,5,19.0,0.0,Permanent Housing
2025.0,PSH,American Family Housing,AFH - Isla De Los Angeles PSH,Los Angeles,CA,SPA 6                                             ,8,2,062118,Yes,Current,,,0.0,0.0,6.0,0.0,0.0,0.0,0.0,0.0,0.0,0.0,0.0,No,No,No,No,No,No,No,No,No,No,No,No,No,No,No,No,No,No,No,No,No,No,No,No,No,No,Site-based - single site,No,No,No,No,No,No,No,No,No,No,No,No,No,No,No,No,No,No,6.0,0.0,,,0.0,6.0,6.0,1.0,6,8,6.0,0.0,Permanent Housing
2025.0,RRH,American Family Housing,TLS Adult SPA 7,Whittier,CA,SPA 7                                             ,0,4,064074,Yes,Current,,,2.0,1.0,66.0,0.0,0.0,0.0,0.0,0.0,0.0,0.0,0.0,No,Yes,No,No,No,No,No,No,No,No,No,No,No,No,No,No,No,No,No,No,No,No,No,No,No,Yes,Tenant-based - scattered site,No,No,No,No,No,No,No,No,No,No,No,No,No,No,No,No,No,No,68.0,0.0,,,0.0,68.0,68.0,1.0,7,0,68.0,0.0,Permanent Housing
2025.0,RRH,Amity Foundation,RHW/ARG - Returning Home Well,Los Angeles,CA,SPA 6                                             ,9,2,062118,Yes,Current,,,0.0,0.0,4.0,0.0,0.0,0.0,0.0,0.0,0.0,0.0,0.0,No,Yes,No,No,No,No,No,No,No,No,No,No,No,No,No,No,No,No,No,No,No,No,No,No,No,Yes,Tenant-based - scattered site,No,No,No,No,No,No,No,No,No,No,No,No,No,No,No,No,No,No,4.0,0.0,,,0.0,4.0,4.0,1.0,6,9,4.0,0.0,Permanent Housing
2025.0,ES,Antelope Valley College,Lancaster City Homes,Lancaster,CA,SPA 1                                             ,0,5,061914,Yes,Current,,,0.0,0.0,12.0,0.0,0.0,0.0,0.0,0.0,0.0,0.0,0.0,No,Yes,No,No,No,No,No,No,No,No,No,No,No,No,No,No,No,No,No,No,No,No,No,No,No,Yes,Site-based - clustered / multiple sites,No,No,No,No,No,No,No,No,No,No,No,No,No,No,No,No,No,No,12.0,0.0,,,0.0,8.0,12.0,0.6666666666666666,1,0,8.0,4.0,Shelter
2025.0,PSH,Ascencia,Ascencia LA Care DHS (H4HC),Los Angeles,CA,SPA 4                                             ,0,5,062118,Yes,Current,,,0.0,0.0,16.0,0.0,0.0,0.0,0.0,0.0,0.0,0.0,0.0,No,Yes,No,No,No,No,No,No,No,No,No,No,No,No,No,No,No,No,No,No,No,No,No,No,No,Yes,Tenant-based - scattered site,No,No,No,No,No,No,No,No,No,No,No,No,No,No,No,No,No,No,16.0,0.0,,,0.0,12.0,16.0,0.75,4,0,12.0,4.0,Permanent Housing
2025.0,RRH,Asian American Drug Abuse Program Inc.,TLS Adult SPA 6,Los Angeles,CA,SPA 6                                             ,10,2,062118,Yes,Current,,,0.0,0.0,49.0,0.0,0.0,0.0,0.0,0.0,0.0,0.0,0.0,No,Yes,No,No,No,No,No,No,No,No,No,No,No,No,No,No,No,No,No,No,No,No,No,No,No,Yes,Tenant-based - scattered site,No,No,No,No,No,No,No,No,No,No,No,No,No,No,No,No,No,No,49.0,0.0,,,0.0,49.0,49.0,1.0,6,10,49.0,0.0,Permanent Housing
2025.0,PSH,Asian Pacific Counseling and Treatment Center,CA0914 Asian Pacific Counseling and Treatment Center,Los Angeles,CA,SPA 4                                             ,1,1,069037,Yes,Current,,,0.0,0.0,22.0,0.0,0.0,0.0,0.0,0.0,0.0,0.0,0.0,No,No,No,No,No,No,No,No,No,No,No,No,No,No,No,No,No,No,No,No,No,No,No,No,No,No,Site-based - clustered / multiple sites,No,No,No,No,No,No,No,No,No,No,No,No,No,No,No,No,No,No,22.0,0.0,,,0.0,14.0,22.0,0.6363636363636364,4,1,14.0,8.0,Permanent Housing
2025.0,ES,Assured Lifestyle Housing Inc,Emergency Housing 98th,Los Angeles,CA,SPA 6                                             ,8,2,062118,Yes,Current,,,0.0,0.0,20.0,0.0,0.0,0.0,0.0,0.0,0.0,0.0,0.0,No,Yes,No,No,No,No,No,No,No,No,No,No,No,No,No,No,No,No,No,No,No,No,No,No,No,Yes,Site-based - single site,No,No,No,No,No,No,No,No,No,No,No,No,No,No,No,No,No,No,20.0,0.0,,,0.0,10.0,20.0,0.5,6,8,10.0,10.0,Shelter
2025.0,ES,Assured Lifestyle Housing Inc,"ERF Crisis Housing El Don Motel SPA 6 ""Entry/Exit",Los Angeles,CA,SPA 6                                             ,8,2,062118,Yes,Current,,,20.0,10.0,0.0,0.0,0.0,0.0,0.0,0.0,0.0,0.0,0.0,No,Yes,No,No,No,No,No,No,No,No,No,No,No,No,No,No,No,No,No,No,No,No,No,No,No,Yes,Site-based - single site,No,No,No,No,No,No,No,No,No,No,No,No,No,No,No,No,No,No,20.0,0.0,,,0.0,29.0,20.0,1.45,6,8,29.0,0.0,Shelter
2025.0,ES,Assured Lifestyle Housing Inc,"ERF Crisis Housing One Ten Motel SPA 6 ""Entry/Exit",Los Angeles,CA,SPA 6                                             ,8,2,062118,Yes,Current,,,20.0,10.0,0.0,0.0,0.0,0.0,0.0,0.0,0.0,0.0,0.0,No,Yes,No,No,No,No,No,No,No,No,No,No,No,No,No,No,No,No,No,No,No,No,No,No,No,Yes,Site-based - single site,No,No,No,No,No,No,No,No,No,No,No,No,No,No,No,No,No,No,20.0,0.0,,,0.0,25.0,20.0,1.25,6,8,25.0,0.0,Shelter
2025.0,ES,BARE Truth Inc,Inside Safe Hotel/Motel Voucher Program,Los Angeles,CA,SPA 4                                             ,14,1,061428,Yes,Current,,,0.0,0.0,82.0,0.0,0.0,0.0,0.0,0.0,0.0,0.0,0.0,No,Yes,No,No,No,No,No,No,No,No,No,No,No,No,No,No,No,No,No,No,No,No,No,No,No,Yes,Site-based - clustered / multiple sites,No,No,No,No,No,No,No,No,No,No,No,No,No,No,No,No,No,No,82.0,0.0,,,0.0,81.0,82.0,0.9878048780487804,4,14,81.0,1.0,Shelter
2025.0,ES,Behavioral Health Services Inc.,SAPC Interim Housing 136th St,Hawthorne,CA,SPA 8                                             ,0,2,061596,No,Current,,,0.0,0.0,11.0,0.0,0.0,0.0,0.0,0.0,0.0,0.0,0.0,No,Yes,No,No,No,No,No,No,No,No,No,No,No,No,No,No,No,No,No,No,No,No,No,No,No,Yes,Site-based - single site,No,No,No,No,No,No,No,No,No,No,No,No,No,No,No,No,No,No,11.0,0.0,,,0.0,11.0,11.0,1.0,8,0,11.0,0.0,Shelter
2025.0,ES,Behavioral Health Services Inc.,SAPC Interim Housing Crenshaw,Hawthorne,CA,SPA 8                                             ,0,2,061596,No,Current,,,0.0,0.0,12.0,0.0,0.0,0.0,0.0,0.0,0.0,0.0,0.0,No,Yes,No,No,No,No,No,No,No,No,No,No,No,No,No,No,No,No,No,No,No,No,No,No,No,Yes,Site-based - clustered / multiple sites,No,No,No,No,No,No,No,No,No,No,No,No,No,No,No,No,No,No,12.0,0.0,,,0.0,8.0,12.0,0.6666666666666666,8,0,8.0,4.0,Shelter
2025.0,ES,Behavioral Health Services Inc.,SAPC Interim Housing Verde Vista,Pomona,CA,SPA 3                                             ,0,1,062850,No,Current,,,0.0,0.0,9.0,0.0,0.0,0.0,0.0,0.0,0.0,0.0,0.0,No,Yes,No,No,No,No,No,No,No,No,No,No,No,No,No,No,No,No,No,No,No,No,No,No,No,Yes,Site-based - single site,No,No,No,No,No,No,No,No,No,No,No,No,No,No,No,No,No,No,9.0,0.0,,,0.0,7.0,9.0,0.7777777777777778,3,0,7.0,2.0,Shelter
2025.0,ES,Bridge to Home,"Bridge Housing Program SPA 2 ""Entry/Exit",Santa Clarita,CA,SPA 2                                             ,0,5,063356,Yes,Current,,,0.0,0.0,30.0,0.0,0.0,0.0,0.0,0.0,0.0,0.0,0.0,No,Yes,No,No,No,No,No,No,No,No,No,No,No,No,No,No,No,No,No,No,No,No,No,No,No,Yes,Site-based - single site,No,No,No,No,No,No,No,No,No,No,No,No,No,No,No,No,No,No,30.0,0.0,,,0.0,30.0,30.0,1.0,2,0,30.0,0.0,Shelter
2025.0,PSH,Bridge to Home,CA1340 Bridge to Home (Welcome Home Project),Newhall,CA,SPA 2                                             ,0,5,063356,Yes,Current,,,0.0,0.0,25.0,0.0,0.0,0.0,0.0,0.0,0.0,0.0,0.0,No,No,No,No,No,No,No,No,No,No,No,No,No,No,No,No,No,No,No,No,No,No,No,No,No,No,Tenant-based - scattered site,No,No,No,No,No,No,No,No,No,No,No,No,No,No,No,No,No,No,25.0,0.0,,,0.0,20.0,25.0,0.8,2,0,20.0,5.0,Permanent Housing
2025.0,ES,Bridge to Home,"Crisis Housing Program SPA 2 ""Entry/Exit",Santa Clarita,CA,SPA 2                                             ,0,5,063356,Yes,Current,,,0.0,0.0,30.0,0.0,0.0,0.0,0.0,0.0,0.0,0.0,0.0,No,Yes,No,No,No,No,No,No,No,No,No,No,No,No,No,No,No,No,No,No,No,No,No,No,No,Yes,Site-based - single site,No,No,No,No,No,No,No,No,No,No,No,No,No,No,No,No,No,No,30.0,0.0,,,0.0,30.0,30.0,1.0,2,0,30.0,0.0,Shelter
2025.0,ES,Bridge to Home,Recuperative Care Beds,Santa Clarita,CA,SPA 2                                             ,0,5,063356,Yes,Current,,,0.0,0.0,7.0,0.0,0.0,0.0,0.0,0.0,0.0,0.0,0.0,No,Yes,No,No,No,No,No,No,No,No,No,No,No,No,No,No,No,No,No,No,No,No,No,No,No,Yes,Site-based - single site,No,No,No,No,No,No,No,No,No,No,No,No,No,No,No,No,No,No,7.0,0.0,,,0.0,1.0,7.0,0.1428571428571428,2,0,1.0,6.0,Shelter
2025.0,RRH,Bridge to Home,TLS Adult SPA 2,Santa Clarita,CA,SPA 2                                             ,0,5,063356,Yes,Current,,,0.0,0.0,16.0,0.0,0.0,0.0,0.0,0.0,0.0,0.0,0.0,No,Yes,No,No,No,No,No,No,No,No,No,No,No,No,No,No,No,No,No,No,No,No,No,No,No,Yes,Tenant-based - scattered site,No,No,No,No,No,No,No,No,No,No,No,No,No,No,No,No,No,No,16.0,0.0,,,0.0,16.0,16.0,1.0,2,0,16.0,0.0,Permanent Housing
2025.0,PSH,Brilliant Corners,Brilliant Corners Scattered 4 TBV (DHS),Los Angeles,CA,SPA 4                                             ,14,1,062118,Yes,Current,,,0.0,0.0,1.0,0.0,0.0,0.0,0.0,0.0,0.0,0.0,0.0,No,Yes,No,No,No,No,No,No,No,No,No,No,No,No,No,No,No,No,No,No,No,No,No,No,No,Yes,Tenant-based - scattered site,No,No,No,No,No,No,No,No,No,No,No,No,No,No,No,No,No,No,1.0,0.0,,,0.0,1.0,1.0,1.0,4,14,1.0,0.0,Permanent Housing
2025.0,TH,"Broom Homestead, Inc.",Transitional Housing Edrica's House,Los Angeles,CA,SPA 6                                             ,10,2,062118,Yes,Current,,,0.0,0.0,12.0,0.0,0.0,0.0,0.0,0.0,0.0,0.0,0.0,No,No,No,No,No,No,No,No,No,No,No,No,No,No,No,No,No,No,No,No,No,No,No,No,No,No,Site-based - single site,No,No,No,No,No,No,No,No,No,No,No,No,No,No,No,No,No,No,12.0,0.0,,,0.0,13.0,12.0,1.0833333333333333,6,10,13.0,0.0,Shelter
2025.0,ES,Bryant Temple CDC,"B7 Bridge Housing Program ""Entry/Exit",Los Angeles,CA,SPA 6                                             ,8,2,062118,Yes,Current,,,0.0,0.0,19.0,0.0,0.0,0.0,0.0,0.0,0.0,0.0,0.0,No,Yes,No,No,No,No,No,No,No,No,No,No,No,No,No,No,No,No,No,No,No,No,No,No,No,Yes,Site-based - single site,No,No,No,No,No,No,No,No,No,No,No,No,No,No,No,No,No,No,19.0,0.0,,,0.0,14.0,19.0,0.7368421052631579,6,8,14.0,5.0,Shelter
2025.0,ES,Bryant Temple CDC,Winter Shelter Program Second AME SPA 6,Los Angeles,CA,SPA 6                                             ,9,2,062118,Yes,Current,,,0.0,0.0,0.0,0.0,0.0,0.0,0.0,0.0,0.0,0.0,0.0,No,Yes,No,No,No,No,No,No,No,No,No,No,No,No,No,No,No,No,No,No,No,No,No,No,No,Yes,Site-based - single site,No,No,No,No,No,No,No,No,No,No,No,No,No,No,No,No,No,No,0.0,70.0,2024-11-01,2025-03-31,0.0,71.0,70.0,1.0142857142857142,6,9,71.0,0.0,Shelter
2025.0,PSH,Burbank Housing Corporation,Burbank Veteran Bungalows,Burbank,CA,SPA 2                                             ,0,5,060456,No,Current,,,2.0,1.0,10.0,0.0,2.0,0.0,0.0,10.0,0.0,0.0,0.0,No,No,No,No,No,No,No,No,No,No,No,No,No,No,No,No,No,No,No,No,No,No,No,No,No,No,Site-based - single site,No,No,No,No,No,No,No,No,No,No,No,No,No,No,No,No,No,No,12.0,0.0,,,0.0,11.0,12.0,0.9166666666666666,2,0,11.0,1.0,Permanent Housing
2025.0,TH,Burbank Housing Corporation,Jerry's Promise,Burbank,CA,SPA 2                                             ,0,5,060456,No,Current,,,14.0,3.0,0.0,0.0,0.0,0.0,0.0,0.0,0.0,0.0,0.0,No,Yes,No,No,No,No,No,No,No,No,No,No,No,No,No,No,No,No,No,No,No,No,No,No,No,Yes,Site-based - single site,No,No,No,No,No,No,No,No,No,No,No,No,No,No,No,No,No,No,14.0,0.0,,,0.0,11.0,14.0,0.7857142857142857,2,0,11.0,3.0,Shelter
2025.0,TH,Burbank Housing Corporation,Puerta Nueva Transitional Facility,Burbank,CA,SPA 2                                             ,0,5,060456,No,Current,,,12.0,5.0,0.0,0.0,0.0,0.0,0.0,0.0,0.0,0.0,0.0,No,No,No,No,No,No,No,No,No,No,No,No,No,No,No,No,No,No,No,No,No,No,No,No,No,No,Site-based - clustered / multiple sites,No,No,No,No,No,No,No,No,No,No,No,No,No,No,No,No,No,No,12.0,0.0,,,0.0,15.0,12.0,1.25,2,0,15.0,0.0,Shelter
2025.0,TH,Carlos Lopez & Associates LLC,A Bridge Home VA Campus,Los Angeles,CA,SPA 5                                             ,0,3,062118,Yes,Current,,,0.0,0.0,80.0,0.0,0.0,0.0,0.0,80.0,0.0,0.0,0.0,No,Yes,No,No,Yes,No,No,No,No,No,No,No,No,No,No,No,No,No,No,No,No,No,No,No,No,No,Site-based - single site,No,No,No,No,No,No,No,No,No,No,No,No,No,No,No,No,No,No,80.0,0.0,,,0.0,3.0,80.0,0.0375,5,0,3.0,77.0,Shelter
2025.0,ES,"Catholic Charities of Los Angeles, Inc.",CCL FSC Crisis Housing 14th,Los Angeles,CA,SPA 4                                             ,1,1,062118,Yes,Current,,,10.0,4.0,0.0,0.0,0.0,0.0,0.0,0.0,0.0,0.0,0.0,No,Yes,No,No,No,No,No,No,No,No,No,No,No,No,No,No,No,No,No,No,No,No,No,No,No,Yes,Tenant-based - scattered site,No,No,No,No,No,No,No,No,No,No,No,No,No,No,No,No,No,No,10.0,0.0,,,0.0,10.0,10.0,1.0,4,1,10.0,0.0,Shelter
2025.0,ES,"Catholic Charities of Los Angeles, Inc.","CCL FSC Crisis Housing San Gabriel ""Entry/Exit""",Long Beach,CA,SPA 8                                             ,0,4,062088,Yes,Current,,,28.0,14.0,0.0,0.0,0.0,0.0,0.0,0.0,0.0,0.0,0.0,No,No,No,No,No,No,No,No,No,No,No,No,No,No,No,No,No,No,No,No,No,No,No,No,No,No,Site-based - single site,No,No,No,No,No,No,No,No,No,No,No,No,No,No,No,No,No,No,28.0,0.0,,,0.0,17.0,28.0,0.6071428571428571,8,0,17.0,11.0,Shelter
2025.0,ES,"Catholic Charities of Los Angeles, Inc.","CES Bridge Housing Program Hawkes ""Entry/Exit",Los Angeles,CA,SPA 4                                             ,13,1,062118,Yes,Current,,,0.0,0.0,10.0,0.0,0.0,0.0,0.0,0.0,0.0,0.0,0.0,No,Yes,No,No,No,No,No,No,No,No,No,No,No,No,No,No,No,No,No,No,No,No,No,No,No,Yes,Site-based - single site,No,No,No,No,No,No,No,No,No,No,No,No,No,No,No,No,No,No,10.0,0.0,,,0.0,10.0,10.0,1.0,4,13,10.0,0.0,Shelter
2025.0,ES,"Catholic Charities of Los Angeles, Inc.","CES Bridge Housing Program Languille ""Entry/Exit",Los Angeles,CA,SPA 4                                             ,13,1,062118,Yes,Current,,,0.0,0.0,10.0,0.0,0.0,0.0,0.0,0.0,0.0,0.0,0.0,No,Yes,No,No,No,No,No,No,No,No,No,No,No,No,No,No,No,No,No,No,No,No,No,No,No,Yes,Site-based - single site,No,No,No,No,No,No,No,No,No,No,No,No,No,No,No,No,No,No,10.0,0.0,,,0.0,11.0,10.0,1.1,4,13,11.0,0.0,Shelter
2025.0,ES,"Catholic Charities of Los Angeles, Inc.","CES Crisis Housing Program Languille ""Entry/Exit",Los Angeles,CA,SPA 4                                             ,13,1,062118,Yes,Current,,,0.0,0.0,20.0,0.0,0.0,0.0,0.0,0.0,0.0,0.0,0.0,No,Yes,No,No,No,No,No,No,No,No,No,No,No,No,No,No,No,No,No,No,No,No,No,No,No,Yes,Site-based - single site,No,No,No,No,No,No,No,No,No,No,No,No,No,No,No,No,No,No,20.0,0.0,,,0.0,17.0,20.0,0.85,4,13,17.0,3.0,Shelter
2025.0,ES,"Catholic Charities of Los Angeles, Inc.","CES Enhanced Bridge Housing Older Adults Hawkes ""Entry/Exit",Los Angeles,CA,SPA 4                                             ,13,1,062118,Yes,Current,,,0.0,0.0,20.0,0.0,0.0,0.0,0.0,0.0,0.0,0.0,0.0,No,Yes,No,No,No,No,No,No,No,No,No,No,No,No,No,No,No,No,No,No,No,No,No,No,No,Yes,Site-based - single site,No,No,No,No,No,No,No,No,No,No,No,No,No,No,No,No,No,No,20.0,0.0,,,0.0,18.0,20.0,0.9,4,13,18.0,2.0,Shelter
2025.0,TH,"Catholic Charities of Los Angeles, Inc.",Farley Family Transitional Housing,Los Angeles,CA,SPA 4                                             ,13,1,062118,Yes,Current,,,63.0,21.0,0.0,0.0,0.0,0.0,0.0,0.0,0.0,0.0,0.0,No,No,No,No,No,No,No,No,No,No,No,No,No,No,No,No,No,No,No,No,No,No,No,No,No,No,Site-based - single site,No,No,No,No,No,No,No,No,No,No,No,No,No,No,No,No,No,No,63.0,0.0,,,0.0,31.0,63.0,0.492063492063492,4,13,31.0,32.0,Shelter
2025.0,PSH,"Catholic Charities of Los Angeles, Inc.",HACLA/DHS TBSH,Los Angeles,CA,SPA 4                                             ,1,1,062118,Yes,Current,,,24.0,8.0,0.0,0.0,0.0,0.0,0.0,0.0,0.0,0.0,0.0,No,No,No,No,No,No,No,No,No,No,No,No,No,No,No,No,No,No,No,No,No,No,No,No,No,No,Tenant-based - scattered site,No,No,No,No,No,No,No,No,No,No,No,No,No,No,No,No,No,No,24.0,0.0,,,0.0,24.0,24.0,1.0,4,1,24.0,0.0,Permanent Housing
2025.0,RRH,"Catholic Charities of Los Angeles, Inc.",TLS Adult SPA 4,Los Angeles,CA,SPA 4                                             ,1,1,062118,Yes,Current,,,0.0,0.0,8.0,0.0,0.0,0.0,0.0,0.0,0.0,0.0,0.0,No,Yes,No,No,No,No,No,No,No,No,No,No,No,No,No,No,No,No,No,No,No,No,No,No,No,Yes,Tenant-based - scattered site,No,No,No,No,No,No,No,No,No,No,No,No,No,No,No,No,No,No,8.0,0.0,,,0.0,8.0,8.0,1.0,4,1,8.0,0.0,Permanent Housing
2025.0,RRH,"Catholic Charities of Los Angeles, Inc.",TLS Adult SPA 8,Inglewood,CA,SPA 8                                             ,0,2,061740,Yes,Current,,,0.0,0.0,35.0,0.0,0.0,0.0,0.0,0.0,0.0,0.0,0.0,No,Yes,No,No,No,No,No,No,No,No,No,No,No,No,No,No,No,No,No,No,No,No,No,No,No,Yes,Tenant-based - scattered site,No,No,No,No,No,No,No,No,No,No,No,No,No,No,No,No,No,No,35.0,0.0,,,0.0,35.0,35.0,1.0,8,0,35.0,0.0,Permanent Housing
2025.0,PSH,Century Villages at Cabrillo Inc.,The Banning,Los Angeles,CA,SPA 8                                             ,15,4,062118,Yes,Current,,,0.0,0.0,63.0,0.0,0.0,0.0,0.0,0.0,0.0,0.0,0.0,No,Yes,No,No,No,No,No,No,No,No,No,No,No,No,No,No,No,No,No,No,No,No,No,No,No,Yes,Site-based - single site,No,No,No,No,No,No,No,No,No,No,No,No,No,No,No,No,No,No,63.0,0.0,,,0.0,68.0,63.0,1.0793650793650793,8,15,68.0,0.0,Permanent Housing
2025.0,PSH,Century Villages at Cabrillo Inc.,The Moonstone,Redondo Beach,CA,SPA 8                                             ,0,2,062118,Yes,Current,,,0.0,0.0,20.0,0.0,0.0,0.0,0.0,0.0,0.0,0.0,0.0,No,Yes,No,No,No,No,No,No,No,No,No,No,No,No,No,No,No,No,No,No,No,No,No,No,No,Yes,Site-based - single site,No,No,No,No,No,No,No,No,No,No,No,No,No,No,No,No,No,No,20.0,0.0,,,0.0,18.0,20.0,0.9,8,0,18.0,2.0,Permanent Housing
2025.0,ES,Christ-Centered Ministries,FIST 1 (M),Los Angeles,CA,SPA 6                                             ,9,2,062118,Yes,Current,,,0.0,0.0,20.0,0.0,0.0,0.0,0.0,0.0,0.0,0.0,0.0,No,Yes,No,No,No,No,No,No,No,No,No,No,No,No,No,No,No,No,No,No,No,No,No,No,No,Yes,Site-based - single site,No,No,No,No,No,No,No,No,No,No,No,No,No,No,No,No,No,No,20.0,0.0,,,0.0,20.0,20.0,1.0,6,9,20.0,0.0,Shelter
2025.0,ES,Christ-Centered Ministries,FIST 2 (W),Los Angeles,CA,SPA 6                                             ,9,2,062118,Yes,Current,,,0.0,0.0,20.0,0.0,0.0,0.0,0.0,0.0,0.0,0.0,0.0,No,Yes,No,No,No,No,No,No,No,No,No,No,No,No,No,No,No,No,No,No,No,No,No,No,No,Yes,Site-based - single site,No,No,No,No,No,No,No,No,No,No,No,No,No,No,No,No,No,No,20.0,0.0,,,0.0,20.0,20.0,1.0,6,9,20.0,0.0,Shelter
2025.0,ES,Christ-Centered Ministries,FIST 3 (M),Los Angeles,CA,SPA 6                                             ,9,2,062118,Yes,Current,,,0.0,0.0,20.0,0.0,0.0,0.0,0.0,0.0,0.0,0.0,0.0,No,Yes,No,No,No,No,No,No,No,No,No,No,No,No,No,No,No,No,No,No,No,No,No,No,No,Yes,Site-based - single site,No,No,No,No,No,No,No,No,No,No,No,No,No,No,No,No,No,No,20.0,0.0,,,0.0,18.0,20.0,0.9,6,9,18.0,2.0,Shelter
2025.0,ES,Christ-Centered Ministries,FIST 4 (W),Los Angeles,CA,SPA 6                                             ,9,2,062118,Yes,Current,,,0.0,0.0,20.0,0.0,0.0,0.0,0.0,0.0,0.0,0.0,0.0,No,Yes,No,No,No,No,No,No,No,No,No,No,No,No,No,No,No,No,No,No,No,No,No,No,No,Yes,Site-based - single site,No,No,No,No,No,No,No,No,No,No,No,No,No,No,No,No,No,No,20.0,0.0,,,0.0,21.0,20.0,1.05,6,9,21.0,0.0,Shelter
2025.0,ES,Christ-Centered Ministries,FIST 5 (W),Los Angeles,CA,SPA 6                                             ,9,2,062118,Yes,Current,,,0.0,0.0,20.0,0.0,0.0,0.0,0.0,0.0,0.0,0.0,0.0,No,Yes,No,No,No,No,No,No,No,No,No,No,No,No,No,No,No,No,No,No,No,No,No,No,No,Yes,Site-based - single site,No,No,No,No,No,No,No,No,No,No,No,No,No,No,No,No,No,No,20.0,0.0,,,0.0,20.0,20.0,1.0,6,9,20.0,0.0,Shelter
2025.0,ES,Christ-Centered Ministries,FIST 6 (M),Los Angeles,CA,SPA 6                                             ,9,2,062118,Yes,Current,,,0.0,0.0,20.0,0.0,0.0,0.0,0.0,0.0,0.0,0.0,0.0,No,Yes,No,No,No,No,No,No,No,No,No,No,No,No,No,No,No,No,No,No,No,No,No,No,No,Yes,Site-based - single site,No,No,No,No,No,No,No,No,No,No,No,No,No,No,No,No,No,No,20.0,0.0,,,0.0,21.0,20.0,1.05,6,9,21.0,0.0,Shelter
2025.0,ES,Christ-Centered Ministries,FIST 7 (M),Los Angeles,CA,SPA 6                                             ,9,2,062118,Yes,Current,,,0.0,0.0,20.0,0.0,0.0,0.0,0.0,0.0,0.0,0.0,0.0,No,Yes,No,No,No,No,No,No,No,No,No,No,No,No,No,No,No,No,No,No,No,No,No,No,No,Yes,Site-based - single site,No,No,No,No,No,No,No,No,No,No,No,No,No,No,No,No,No,No,20.0,0.0,,,0.0,20.0,20.0,1.0,6,9,20.0,0.0,Shelter
2025.0,ES,Christ-Centered Ministries,MIST (W),Los Angeles,CA,SPA 6                                             ,8,2,062118,Yes,Current,,,0.0,0.0,20.0,0.0,0.0,0.0,0.0,0.0,0.0,0.0,0.0,No,Yes,No,No,No,No,No,No,No,No,No,No,No,No,No,No,No,No,No,No,No,No,No,No,No,Yes,Site-based - single site,No,No,No,No,No,No,No,No,No,No,No,No,No,No,No,No,No,No,20.0,0.0,,,0.0,19.0,20.0,0.95,6,8,19.0,1.0,Shelter
2025.0,TH,Christ-Centered Ministries,Restoration Re-Entry Residence Men,Los Angeles,CA,SPA 6                                             ,8,2,062118,Yes,Current,,,0.0,0.0,61.0,0.0,0.0,0.0,0.0,0.0,0.0,0.0,0.0,No,No,No,No,No,No,No,No,No,No,No,No,No,No,No,No,No,No,No,No,No,No,No,No,No,No,Site-based - single site,No,No,No,No,No,No,No,No,No,No,No,No,No,No,No,No,No,No,61.0,0.0,,,0.0,39.0,61.0,0.639344262295082,6,8,39.0,22.0,Shelter
2025.0,TH,Christ-Centered Ministries,Restoration Re-Entry Residence Women,Los Angeles,CA,SPA 6                                             ,9,2,062118,Yes,Current,,,0.0,0.0,20.0,0.0,0.0,0.0,0.0,0.0,0.0,0.0,0.0,No,No,No,No,No,No,No,No,No,No,No,No,No,No,No,No,No,No,No,No,No,No,No,No,No,No,Site-based - single site,No,No,No,No,No,No,No,No,No,No,No,No,No,No,No,No,No,No,20.0,0.0,,,0.0,17.0,20.0,0.85,6,9,17.0,3.0,Shelter
2025.0,ES,Christ-Centered Ministries,VIP 1 (M) Interim Housing,Los Angeles,CA,SPA 6                                             ,9,2,062118,Yes,Current,,,0.0,0.0,20.0,0.0,0.0,0.0,0.0,0.0,0.0,0.0,0.0,No,Yes,No,No,No,No,No,No,No,No,No,No,No,No,No,No,No,No,No,No,No,No,No,No,No,Yes,Site-based - single site,No,No,No,No,No,No,No,No,No,No,No,No,No,No,No,No,No,No,20.0,0.0,,,0.0,16.0,20.0,0.8,6,9,16.0,4.0,Shelter
2025.0,ES,Christ-Centered Ministries,VIP 2 (M) Interim Housing,Los Angeles,CA,SPA 6                                             ,9,2,062118,Yes,Current,,,0.0,0.0,20.0,0.0,0.0,0.0,0.0,0.0,0.0,0.0,0.0,No,Yes,No,No,No,No,No,No,No,No,No,No,No,No,No,No,No,No,No,No,No,No,No,No,No,Yes,Site-based - single site,No,No,No,No,No,No,No,No,No,No,No,No,No,No,No,No,No,No,20.0,0.0,,,0.0,13.0,20.0,0.65,6,9,13.0,7.0,Shelter
2025.0,ES,City Net,Esperanza Villa Individual Shelter Baldwin Park,Baldwin Park,CA,SPA 3                                             ,0,1,060234,Yes,Current,,,0.0,0.0,25.0,0.0,0.0,0.0,0.0,0.0,0.0,0.0,0.0,No,Yes,No,No,No,No,No,No,No,No,No,No,No,No,No,No,No,No,No,No,No,No,No,No,No,Yes,Site-based - single site,No,No,No,No,No,No,No,No,No,No,No,No,No,No,No,No,No,No,25.0,0.0,,,0.0,21.0,25.0,0.84,3,0,21.0,4.0,Shelter
2025.0,ES,City Net,"Tiny Home Bridge Family Housing Baldwin Park ""Entry/Exit",Baldwin Park,CA,SPA 3                                             ,0,1,060234,Yes,Current,,,32.0,16.0,0.0,0.0,0.0,0.0,0.0,0.0,0.0,0.0,0.0,No,Yes,No,No,No,No,No,No,No,No,No,No,No,No,No,No,No,No,No,No,No,No,No,No,No,Yes,Site-based - single site,No,No,No,No,No,No,No,No,No,No,No,No,No,No,No,No,No,No,32.0,0.0,,,0.0,30.0,32.0,0.9375,3,0,30.0,2.0,Shelter
2025.0,RRH,City of Burbank,Burbank Rapid Re-Housing,Burbank,CA,SPA 2                                             ,0,5,060456,Yes,Current,,,0.0,0.0,7.0,0.0,0.0,0.0,0.0,0.0,0.0,0.0,0.0,No,Yes,No,No,No,No,No,No,No,No,No,No,No,No,No,No,No,No,No,No,No,No,No,No,No,Yes,Tenant-based - scattered site,No,No,No,No,No,No,No,No,No,No,No,No,No,No,No,No,No,No,7.0,0.0,,,0.0,7.0,7.0,1.0,2,0,7.0,0.0,Permanent Housing
2025.0,PSH,City of Burbank,CA1499 HELP Equal Access to Supportive Living,Burbank,CA,SPA 2                                             ,0,5,060456,Yes,Current,,,19.0,6.0,16.0,0.0,0.0,0.0,0.0,0.0,0.0,0.0,0.0,No,No,No,No,No,No,No,No,No,No,No,No,No,No,No,No,No,No,No,No,No,No,No,No,No,No,Site-based - single site,No,No,No,No,No,No,No,No,No,No,No,No,No,No,No,No,No,No,35.0,0.0,,,0.0,37.0,35.0,1.0571428571428572,2,0,37.0,0.0,Permanent Housing
2025.0,RRH,City of Pomona,CA0358 Pomona Operation Porchlight Rapid Re-Housing,Pomona,CA,SPA 3                                             ,0,1,062850,Yes,Current,,,47.0,14.0,28.0,0.0,0.0,0.0,0.0,0.0,0.0,0.0,0.0,No,Yes,No,No,No,No,No,No,No,No,No,No,No,No,No,No,No,No,No,No,No,No,No,No,No,Yes,Tenant-based - scattered site,Yes,No,No,No,No,No,No,No,Yes,No,No,No,No,No,No,No,No,No,75.0,0.0,,,0.0,75.0,75.0,1.0,3,0,75.0,0.0,Permanent Housing
2025.0,PSH,City of Pomona,CA0462 Shelter Plus Care,Pomona,CA,SPA 3                                             ,0,1,062850,Yes,Current,,,59.0,9.0,80.0,0.0,0.0,0.0,0.0,0.0,0.0,0.0,0.0,No,No,No,No,No,No,No,No,No,No,No,No,No,No,No,No,No,No,No,No,No,No,No,No,No,No,Site-based - single site,No,No,No,No,No,No,No,No,No,No,No,No,No,No,No,No,No,No,139.0,0.0,,,0.0,98.0,139.0,0.7050359712230215,3,0,98.0,41.0,Permanent Housing
2025.0,ES,City of Pomona,"CES Bridge Housing Program ""Entry/Exit",Pomona,CA,SPA 3                                             ,0,1,062850,Yes,Current,,,0.0,0.0,50.0,0.0,0.0,0.0,0.0,0.0,0.0,0.0,0.0,No,Yes,No,No,No,No,No,No,No,No,No,No,No,No,No,No,No,No,No,No,No,No,No,No,No,Yes,Site-based - single site,No,No,No,No,No,No,No,No,No,No,No,No,No,No,No,No,No,No,50.0,0.0,,,0.0,49.0,50.0,0.98,3,0,49.0,1.0,Shelter
2025.0,ES,City of Pomona,"CES Crisis Housing SPA 3 VOA ""Entry/Exit",Pomona,CA,SPA 3                                             ,0,1,062850,Yes,Current,,,0.0,0.0,100.0,0.0,0.0,0.0,0.0,0.0,0.0,0.0,0.0,No,Yes,No,No,No,No,No,No,No,No,No,No,No,No,No,No,No,No,No,No,No,No,No,No,No,Yes,Site-based - single site,No,No,No,No,No,No,No,No,No,No,No,No,No,No,No,No,No,No,100.0,0.0,,,0.0,95.0,100.0,0.95,3,0,95.0,5.0,Shelter
2025.0,ES,City of Pomona,"Cities Cohort Crisis Housing ""Entry/Exit",Pomona,CA,SPA 3                                             ,0,1,062850,Yes,Current,,,0.0,0.0,5.0,0.0,0.0,0.0,0.0,0.0,0.0,0.0,0.0,No,Yes,No,No,No,No,No,No,No,No,No,No,No,No,No,No,No,No,No,No,No,No,No,No,No,Yes,Site-based - single site,No,No,No,No,No,No,No,No,No,No,No,No,No,No,No,No,No,No,5.0,0.0,,,0.0,4.0,5.0,0.8,3,0,4.0,1.0,Shelter
2025.0,ES,City of Pomona,"PD ESG Crisis Housing ""Entry/Exit",Pomona,CA,SPA 3                                             ,0,1,062850,Yes,Current,,,0.0,0.0,6.0,0.0,0.0,0.0,0.0,0.0,0.0,0.0,0.0,No,Yes,No,No,No,No,No,No,No,No,No,No,No,No,No,No,No,No,No,No,No,No,No,No,No,Yes,Site-based - single site,No,No,No,No,No,No,No,No,No,No,No,No,No,No,No,No,No,No,6.0,0.0,,,0.0,7.0,6.0,1.1666666666666667,3,0,7.0,0.0,Shelter
2025.0,ES,City of Pomona,Pomona Family Sanctuary Interim Housing,Pomona,CA,SPA 3                                             ,0,1,062850,Yes,Current,,,10.0,5.0,0.0,0.0,0.0,0.0,0.0,0.0,0.0,0.0,0.0,No,Yes,No,No,No,No,No,No,No,No,No,No,No,No,No,No,No,No,No,No,No,No,No,No,No,Yes,Site-based - single site,No,No,No,No,No,No,No,No,No,No,No,No,No,No,No,No,No,No,10.0,0.0,,,0.0,22.0,10.0,2.2,3,0,22.0,0.0,Shelter
2025.0,ES,City of Pomona,"Tri-City Crisis Housing ""Entry/Exit",Pomona,CA,SPA 3                                             ,0,1,062850,Yes,Current,,,0.0,0.0,31.0,0.0,0.0,0.0,0.0,0.0,0.0,0.0,0.0,No,Yes,No,No,No,No,No,No,No,No,No,No,No,No,No,No,No,No,No,No,No,No,No,No,No,Yes,Site-based - single site,No,No,No,No,No,No,No,No,No,No,No,No,No,No,No,No,No,No,31.0,0.0,,,0.0,20.0,31.0,0.6451612903225806,3,0,20.0,11.0,Shelter
2025.0,PSH,Coalition for Responsible Community Development,28th Street Apartments,Los Angeles,CA,SPA 6                                             ,9,2,062118,Yes,Current,,,3.0,1.0,40.0,0.0,0.0,0.0,0.0,0.0,0.0,0.0,0.0,No,No,No,No,No,No,No,No,No,No,No,No,No,No,No,No,No,No,No,No,No,No,No,No,No,No,Site-based - single site,No,No,No,No,No,No,No,No,No,No,No,No,No,No,No,No,No,No,43.0,0.0,,,0.0,12.0,43.0,0.2790697674418604,6,9,12.0,31.0,Permanent Housing
2025.0,PSH,Coalition for Responsible Community Development,36th Street Apartments,Los Angeles,CA,SPA 6                                             ,9,2,062118,Yes,Current,,,0.0,0.0,10.0,0.0,0.0,0.0,0.0,0.0,10.0,0.0,0.0,No,Yes,No,No,No,No,No,No,No,No,No,No,No,No,No,No,No,No,No,No,No,No,No,No,No,Yes,Site-based - clustered / multiple sites,No,No,No,No,No,No,No,No,No,No,No,No,No,No,No,No,No,No,10.0,0.0,,,0.0,7.0,10.0,0.7,6,9,7.0,3.0,Permanent Housing
2025.0,PSH,Coalition for Responsible Community Development,Broadway Apartments,Los Angeles,CA,SPA 6                                             ,9,2,062118,Yes,Current,,,0.0,0.0,15.0,0.0,0.0,0.0,0.0,0.0,15.0,0.0,0.0,No,No,No,No,No,No,No,No,No,No,No,No,No,No,No,No,No,No,No,No,No,No,No,No,No,No,Site-based - single site,No,No,No,No,No,No,No,No,No,No,No,No,No,No,No,No,No,No,15.0,0.0,,,0.0,11.0,15.0,0.7333333333333333,6,9,11.0,4.0,Permanent Housing
2025.0,PSH,Coalition for Responsible Community Development,CA0997 Epworth Apartments,Los Angeles,CA,SPA 6                                             ,8,2,062118,Yes,Current,,,0.0,0.0,19.0,0.0,0.0,0.0,0.0,0.0,19.0,0.0,0.0,No,Yes,No,No,No,No,No,No,No,No,No,No,No,No,No,No,No,No,No,No,No,No,No,No,No,Yes,Site-based - single site,No,No,No,No,No,No,No,No,No,No,No,No,No,No,No,No,No,No,19.0,0.0,,,0.0,20.0,19.0,1.0526315789473684,6,8,20.0,0.0,Permanent Housing
2025.0,PSH,Coalition for Responsible Community Development,CRCD Apartments,Los Angeles,CA,SPA 6                                             ,8,2,062118,Yes,Current,,,0.0,0.0,10.0,0.0,0.0,0.0,0.0,0.0,0.0,0.0,0.0,No,No,No,No,No,No,No,No,No,No,No,No,No,No,No,No,No,No,No,No,No,No,No,No,No,No,Site-based - clustered / multiple sites,No,No,No,No,No,No,No,No,No,No,No,No,No,No,No,No,No,No,10.0,0.0,,,0.0,3.0,10.0,0.3,6,8,3.0,7.0,Permanent Housing
2025.0,PSH,Coalition for Responsible Community Development,CRCD Marcella Gardens DHS/DMH (D7),Los Angeles,CA,SPA 6                                             ,9,2,062118,No,Current,,,0.0,0.0,44.0,0.0,0.0,0.0,0.0,0.0,0.0,0.0,0.0,No,Yes,No,No,No,No,No,No,No,No,No,No,No,No,No,No,No,No,No,No,No,No,No,No,No,Yes,Site-based - single site,No,No,No,No,No,No,No,No,No,No,No,No,No,No,No,No,No,No,44.0,0.0,,,0.0,44.0,44.0,1.0,6,9,44.0,0.0,Permanent Housing
2025.0,PSH,Coalition for Responsible Community Development,CRCD Ruth Teague Homes DHS/DMH (D7),Los Angeles,CA,SPA 6                                             ,9,2,062118,No,Current,,,94.0,23.0,22.0,0.0,0.0,0.0,0.0,0.0,0.0,0.0,0.0,No,Yes,No,No,No,No,No,No,No,No,No,No,No,No,No,No,No,No,No,No,No,No,No,No,No,Yes,Site-based - single site,No,No,No,No,No,No,No,No,No,No,No,No,No,No,No,No,No,No,116.0,0.0,,,0.0,105.0,116.0,0.9051724137931034,6,9,105.0,11.0,Permanent Housing
2025.0,PSH,Coalition for Responsible Community Development,PBV Ashley Willowbrook,Los Angeles,CA,SPA 6                                             ,0,2,062118,Yes,Current,,,34.0,10.0,27.0,0.0,0.0,34.0,0.0,0.0,27.0,0.0,0.0,No,Yes,No,No,No,No,No,No,No,No,No,No,No,No,No,No,No,No,No,No,No,No,No,No,No,Yes,Site-based - single site,No,No,No,No,No,No,No,No,No,No,No,No,No,No,No,No,No,No,61.0,0.0,,,0.0,64.0,61.0,1.0491803278688523,6,0,64.0,0.0,Permanent Housing
2025.0,PSH,Coalition for Responsible Community Development,PBV Residence on Main,Los Angeles,CA,SPA 6                                             ,8,2,062118,Yes,Current,,,55.0,13.0,36.0,0.0,0.0,0.0,0.0,0.0,0.0,0.0,0.0,No,Yes,No,No,No,No,No,No,No,No,No,No,No,No,No,No,No,No,No,No,No,No,No,No,No,Yes,Site-based - single site,No,No,No,No,No,No,No,No,No,No,No,No,No,No,No,No,No,No,91.0,0.0,,,0.0,88.0,91.0,0.967032967032967,6,8,88.0,3.0,Permanent Housing
2025.0,RRH,Coalition for Responsible Community Development,TLS Youth SPA 6,Los Angeles,CA,SPA 6                                             ,9,2,062118,Yes,Current,,,0.0,0.0,17.0,0.0,0.0,0.0,0.0,0.0,17.0,0.0,0.0,No,Yes,No,No,No,No,No,No,No,No,No,No,No,No,No,No,No,No,No,No,No,No,No,No,No,Yes,Tenant-based - scattered site,No,No,No,No,No,No,No,No,No,No,No,No,No,No,No,No,No,No,17.0,0.0,,,0.0,17.0,17.0,1.0,6,9,17.0,0.0,Permanent Housing
2025.0,ES,Community Bridge Housing Corporation,Community House Northridge,Northridge,CA,SPA 2                                             ,12,3,069037,Yes,Current,,,0.0,0.0,24.0,0.0,0.0,0.0,0.0,0.0,0.0,0.0,0.0,No,Yes,No,No,No,No,No,No,No,No,No,No,No,No,No,No,No,No,No,No,No,No,No,No,No,Yes,Site-based - single site,No,No,No,No,No,No,No,No,No,No,No,No,No,No,No,No,No,No,24.0,0.0,,,0.0,2.0,24.0,0.0833333333333333,2,12,2.0,22.0,Shelter
2025.0,ES,Community Bridge Housing Corporation,Community House Saticoy,Van Nuys,CA,SPA 2                                             ,6,3,062118,Yes,Current,,,0.0,0.0,18.0,0.0,0.0,0.0,0.0,0.0,0.0,0.0,0.0,No,Yes,No,No,No,No,No,No,No,No,No,No,No,No,No,No,No,No,No,No,No,No,No,No,No,Yes,Site-based - single site,No,No,No,No,No,No,No,No,No,No,No,No,No,No,No,No,No,No,18.0,0.0,,,0.0,5.0,18.0,0.2777777777777778,2,6,5.0,13.0,Shelter
2025.0,ES,Community Bridge Housing Corporation,Community House Sylmar,Sylmar,CA,SPA 2                                             ,7,3,069037,Yes,Current,,,0.0,0.0,50.0,0.0,0.0,0.0,0.0,0.0,0.0,0.0,0.0,No,Yes,No,No,No,No,No,No,No,No,No,No,No,No,No,No,No,No,No,No,No,No,No,No,No,Yes,Site-based - single site,No,No,No,No,No,No,No,No,No,No,No,No,No,No,No,No,No,No,50.0,0.0,,,0.0,50.0,50.0,1.0,2,7,50.0,0.0,Shelter
2025.0,ES,Community Bridge Housing Corporation,Community House Van Nuys,Van Nuys,CA,SPA 2                                             ,6,3,069037,Yes,Current,,,0.0,0.0,15.0,0.0,0.0,0.0,0.0,0.0,0.0,0.0,0.0,No,Yes,No,No,No,No,No,No,No,No,No,No,No,No,No,No,No,No,No,No,No,No,No,No,No,Yes,Site-based - single site,No,No,No,No,No,No,No,No,No,No,No,No,No,No,No,No,No,No,15.0,0.0,,,0.0,12.0,15.0,0.8,2,6,12.0,3.0,Shelter
2025.0,OPH,CONFIDENTIAL,CONFIDENTIAL,CONFIDENTIAL,CA,SPA 4                                             ,CONFIDENTIAL,CONFIDENTIAL,CONFIDENTIAL,Yes,Current,,HIV,0.0,0.0,20.0,0.0,0.0,0.0,0.0,0.0,0.0,0.0,0.0,No,Yes,No,No,No,No,No,No,No,No,No,No,No,No,No,No,No,No,No,No,No,Yes,No,No,No,No,Tenant-based - scattered site,No,No,No,No,No,No,No,No,No,No,No,No,No,No,No,No,No,No,20.0,0.0,,,0.0,1.0,20.0,0.05,4,,1.0,19.0,Permanent Housing
2025.0,PSH,CONFIDENTIAL,CONFIDENTIAL,CONFIDENTIAL,CA,SPA 5                                             ,CONFIDENTIAL,CONFIDENTIAL,CONFIDENTIAL,Yes,Current,,HIV,8.0,4.0,4.0,0.0,0.0,0.0,8.0,0.0,0.0,4.0,0.0,No,Yes,No,No,No,No,No,No,No,No,No,No,No,No,No,No,No,No,No,No,No,No,No,No,No,Yes,Tenant-based - scattered site,No,No,No,No,No,No,No,No,No,No,No,No,No,No,No,No,No,No,12.0,0.0,,,0.0,4.0,12.0,0.3333333333333333,5,,4.0,8.0,Permanent Housing
2025.0,TH,CONFIDENTIAL,CONFIDENTIAL,CONFIDENTIAL,CA,SPA 6                                             ,CONFIDENTIAL,CONFIDENTIAL,CONFIDENTIAL,No - Comparable Database,Current,,DV,0.0,0.0,9.0,0.0,0.0,0.0,0.0,0.0,0.0,0.0,0.0,No,No,No,No,No,No,No,No,No,No,No,No,No,No,No,No,No,No,No,No,No,No,No,No,No,No,Site-based - single site,No,No,No,No,No,No,No,No,No,No,No,No,No,No,No,No,No,No,9.0,0.0,,,0.0,5.0,9.0,0.5555555555555556,6,,5.0,4.0,Shelter
2025.0,TH,CONFIDENTIAL,CONFIDENTIAL,CONFIDENTIAL,CA,SPA 4                                             ,CONFIDENTIAL,CONFIDENTIAL,CONFIDENTIAL,No,Current,,HIV,0.0,0.0,5.0,0.0,0.0,0.0,0.0,0.0,0.0,0.0,0.0,No,Yes,No,No,No,No,No,No,No,No,No,No,No,No,No,No,No,No,No,No,No,No,No,No,No,Yes,Site-based - single site,No,No,No,No,No,No,No,No,No,No,No,No,No,No,No,No,No,No,5.0,0.0,,,0.0,5.0,5.0,1.0,4,,5.0,0.0,Shelter
2025.0,ES,CONFIDENTIAL,CONFIDENTIAL,CONFIDENTIAL,CA,SPA 6                                             ,CONFIDENTIAL,CONFIDENTIAL,CONFIDENTIAL,No - Comparable Database,Current,,DV,40.0,10.0,0.0,0.0,0.0,0.0,0.0,0.0,0.0,0.0,0.0,Yes,No,No,No,No,No,No,No,No,No,No,No,No,No,No,No,No,No,No,No,No,No,No,No,No,No,Site-based - single site,No,No,No,No,No,No,No,No,No,No,No,No,No,No,No,No,No,No,40.0,0.0,,,0.0,7.0,40.0,0.175,6,,7.0,33.0,Shelter
2025.0,TH,CONFIDENTIAL,CONFIDENTIAL,CONFIDENTIAL,CA,SPA 8                                             ,CONFIDENTIAL,CONFIDENTIAL,CONFIDENTIAL,No - Comparable Database,Current,,DV,24.0,6.0,0.0,0.0,0.0,0.0,0.0,0.0,0.0,0.0,0.0,Yes,No,No,No,No,No,No,No,No,No,No,No,No,No,No,No,No,No,No,No,No,No,No,No,No,No,Site-based - single site,No,No,No,No,No,No,No,No,No,No,No,No,No,No,No,No,No,No,24.0,0.0,,,0.0,8.0,24.0,0.3333333333333333,8,,8.0,16.0,Shelter
2025.0,ES,CONFIDENTIAL,CONFIDENTIAL,CONFIDENTIAL,CA,SPA 7                                             ,CONFIDENTIAL,CONFIDENTIAL,CONFIDENTIAL,No - Comparable Database,Current,,DV,4.0,2.0,5.0,0.0,0.0,0.0,0.0,0.0,0.0,0.0,0.0,Yes,Yes,No,No,No,No,No,No,No,No,No,No,No,No,No,No,No,No,No,No,No,No,No,No,No,Yes,Site-based - single site,No,No,No,No,No,No,No,No,No,No,No,No,No,No,No,No,No,No,9.0,0.0,,,0.0,8.0,9.0,0.8888888888888888,7,,8.0,1.0,Shelter
2025.0,TH,CONFIDENTIAL,CONFIDENTIAL,CONFIDENTIAL,CA,SPA 8                                             ,CONFIDENTIAL,CONFIDENTIAL,CONFIDENTIAL,No - Comparable Database,Current,,DV,9.0,2.0,0.0,0.0,0.0,0.0,0.0,0.0,0.0,0.0,0.0,Yes,No,No,No,No,No,No,No,No,No,No,No,No,No,No,No,No,No,No,No,No,No,No,No,No,No,Site-based - clustered / multiple sites,No,No,No,No,No,No,No,No,No,No,No,No,No,No,No,No,No,No,9.0,0.0,,,0.0,9.0,9.0,1.0,8,,9.0,0.0,Shelter
2025.0,TH,CONFIDENTIAL,CONFIDENTIAL,CONFIDENTIAL,CA,SPA 6                                             ,CONFIDENTIAL,CONFIDENTIAL,CONFIDENTIAL,No - Comparable Database,Current,,DV,20.0,6.0,0.0,0.0,0.0,0.0,0.0,0.0,0.0,0.0,0.0,No,Yes,No,No,No,No,No,No,No,No,No,No,No,No,No,No,No,No,No,No,No,No,No,No,No,Yes,Site-based - single site,No,No,No,No,No,No,No,No,No,No,No,No,No,No,No,No,No,No,20.0,0.0,,,0.0,10.0,20.0,0.5,6,,10.0,10.0,Shelter
2025.0,TH,CONFIDENTIAL,CONFIDENTIAL,CONFIDENTIAL,CA,SPA 8                                             ,CONFIDENTIAL,CONFIDENTIAL,CONFIDENTIAL,No,Current,,HIV,0.0,0.0,10.0,0.0,0.0,0.0,0.0,0.0,0.0,0.0,0.0,No,Yes,No,No,No,No,No,No,No,No,No,No,No,No,No,No,No,No,No,No,No,No,No,No,No,Yes,Site-based - single site,No,No,No,No,No,No,No,No,No,No,No,No,No,No,No,No,No,No,10.0,0.0,,,0.0,10.0,10.0,1.0,8,,10.0,0.0,Shelter
2025.0,TH,CONFIDENTIAL,CONFIDENTIAL,CONFIDENTIAL,CA,SPA 2                                             ,CONFIDENTIAL,CONFIDENTIAL,CONFIDENTIAL,No,Current,,HIV,0.0,0.0,6.0,0.0,0.0,0.0,0.0,0.0,0.0,0.0,0.0,No,Yes,No,No,No,No,No,No,No,No,No,No,No,No,No,No,No,No,No,No,No,No,No,No,No,Yes,Site-based - single site,No,No,No,No,No,No,No,No,No,No,No,No,No,No,No,No,No,No,6.0,0.0,,,0.0,6.0,6.0,1.0,2,,6.0,0.0,Shelter
2025.0,TH,CONFIDENTIAL,CONFIDENTIAL,CONFIDENTIAL,CA,SPA 4                                             ,CONFIDENTIAL,CONFIDENTIAL,CONFIDENTIAL,No - Comparable Database,Current,,DV,11.0,5.0,0.0,0.0,0.0,0.0,0.0,0.0,0.0,0.0,0.0,No,No,No,No,No,No,No,No,No,No,No,No,No,No,No,No,No,No,No,No,No,No,No,No,No,No,Site-based - single site,No,No,No,No,No,No,No,No,No,No,No,No,No,No,No,No,No,No,11.0,0.0,,,0.0,11.0,11.0,1.0,4,,11.0,0.0,Shelter
2025.0,PSH,CONFIDENTIAL,CONFIDENTIAL,CONFIDENTIAL,CA,SPA 4                                             ,CONFIDENTIAL,CONFIDENTIAL,CONFIDENTIAL,Yes,Current,,HIV,9.0,3.0,21.0,0.0,0.0,0.0,0.0,0.0,0.0,0.0,0.0,No,No,No,No,No,No,No,No,No,No,No,No,No,No,No,No,No,No,No,No,No,No,No,No,No,No,Site-based - clustered / multiple sites,No,No,No,No,No,No,No,No,No,No,No,No,No,No,No,No,No,No,30.0,0.0,,,0.0,13.0,30.0,0.4333333333333333,4,,13.0,17.0,Permanent Housing
2025.0,TH,CONFIDENTIAL,CONFIDENTIAL,CONFIDENTIAL,CA,SPA 6                                             ,CONFIDENTIAL,CONFIDENTIAL,CONFIDENTIAL,No - Comparable Database,Current,,DV,20.0,4.0,0.0,0.0,0.0,0.0,0.0,0.0,0.0,0.0,0.0,Yes,No,No,No,No,No,No,No,No,No,No,No,No,No,No,No,No,No,No,No,No,No,No,No,No,No,Site-based - clustered / multiple sites,No,No,No,No,No,No,No,No,No,No,No,No,No,No,No,No,No,No,20.0,0.0,,,0.0,16.0,20.0,0.8,6,,16.0,4.0,Shelter
2025.0,PSH,CONFIDENTIAL,CONFIDENTIAL,CONFIDENTIAL,CA,SPA 6                                             ,CONFIDENTIAL,CONFIDENTIAL,CONFIDENTIAL,Yes,Current,,HIV,0.0,0.0,28.0,0.0,0.0,0.0,0.0,0.0,0.0,0.0,0.0,No,No,No,No,No,No,No,No,No,No,No,No,No,No,No,No,No,No,No,No,No,No,No,No,No,No,Tenant-based - scattered site,No,No,No,No,No,No,No,No,No,No,No,No,No,No,No,No,No,No,28.0,0.0,,,0.0,16.0,28.0,0.5714285714285714,6,,16.0,12.0,Permanent Housing
2025.0,TH,CONFIDENTIAL,CONFIDENTIAL,CONFIDENTIAL,CA,SPA 4                                             ,CONFIDENTIAL,CONFIDENTIAL,CONFIDENTIAL,No - Comparable Database,Current,,DV,51.0,12.0,0.0,0.0,0.0,0.0,0.0,0.0,0.0,0.0,0.0,No,No,No,No,No,No,No,No,No,No,No,No,No,No,No,No,No,No,No,No,No,No,No,No,No,No,Site-based - single site,No,No,No,No,No,No,No,No,No,No,No,No,No,No,No,No,No,No,51.0,0.0,,,0.0,17.0,51.0,0.3333333333333333,4,,17.0,34.0,Shelter
2025.0,ES,CONFIDENTIAL,CONFIDENTIAL,CONFIDENTIAL,CA,SPA 6                                             ,CONFIDENTIAL,CONFIDENTIAL,CONFIDENTIAL,No - Comparable Database,Current,,DV,20.0,4.0,0.0,0.0,0.0,0.0,0.0,0.0,0.0,0.0,0.0,Yes,No,No,No,No,No,No,No,No,No,No,No,No,No,No,No,No,No,No,No,No,No,No,No,No,No,Site-based - clustered / multiple sites,No,No,No,No,No,No,No,No,No,No,No,No,No,No,No,No,No,No,20.0,0.0,,,0.0,20.0,20.0,1.0,6,,20.0,0.0,Shelter
2025.0,ES,CONFIDENTIAL,CONFIDENTIAL,CONFIDENTIAL,CA,SPA 8                                             ,CONFIDENTIAL,CONFIDENTIAL,CONFIDENTIAL,No - Comparable Database,Current,,DV,21.0,7.0,0.0,0.0,0.0,0.0,0.0,0.0,0.0,0.0,0.0,Yes,Yes,No,No,No,No,No,No,No,No,No,No,No,No,No,No,No,No,No,No,No,No,No,No,No,Yes,Site-based - single site,No,No,No,No,No,No,No,No,No,No,No,No,No,No,No,No,No,No,21.0,0.0,,,0.0,20.0,21.0,0.9523809523809524,8,,20.0,1.0,Shelter
2025.0,PSH,CONFIDENTIAL,CONFIDENTIAL,CONFIDENTIAL,CA,SPA 4                                             ,CONFIDENTIAL,CONFIDENTIAL,CONFIDENTIAL,Yes,Current,,HIV,0.0,0.0,17.0,0.0,0.0,0.0,0.0,0.0,0.0,0.0,0.0,No,Yes,No,No,No,No,No,No,No,No,No,No,No,No,No,No,No,No,No,No,No,No,No,No,No,Yes,Site-based - single site,No,No,No,No,No,No,No,No,No,No,No,No,No,No,No,No,No,No,17.0,0.0,,,0.0,20.0,17.0,1.1764705882352942,4,,20.0,0.0,Permanent Housing
2025.0,PSH,CONFIDENTIAL,CONFIDENTIAL,CONFIDENTIAL,CA,SPA 4                                             ,CONFIDENTIAL,CONFIDENTIAL,CONFIDENTIAL,Yes,Current,,HIV,0.0,0.0,35.0,0.0,0.0,0.0,0.0,0.0,0.0,0.0,0.0,No,No,No,No,No,No,No,No,No,No,No,No,No,No,No,No,No,No,No,No,No,No,No,No,No,No,Site-based - single site,No,No,No,No,No,No,No,No,No,No,No,No,No,No,No,No,No,No,35.0,0.0,,,0.0,22.0,35.0,0.6285714285714286,4,,22.0,13.0,Permanent Housing
2025.0,TH,CONFIDENTIAL,CONFIDENTIAL,CONFIDENTIAL,CA,SPA 8                                             ,CONFIDENTIAL,CONFIDENTIAL,CONFIDENTIAL,No - Comparable Database,Current,,DV,36.0,10.0,0.0,0.0,0.0,0.0,0.0,0.0,0.0,0.0,0.0,Yes,Yes,No,No,No,No,No,No,No,No,No,No,No,No,No,No,No,No,No,No,No,No,No,No,No,Yes,Site-based - single site,No,No,No,No,No,No,No,No,No,No,No,No,No,No,No,No,No,No,36.0,0.0,,,0.0,24.0,36.0,0.6666666666666666,8,,24.0,12.0,Shelter
2025.0,TH,CONFIDENTIAL,CONFIDENTIAL,CONFIDENTIAL,CA,SPA 8                                             ,CONFIDENTIAL,CONFIDENTIAL,CONFIDENTIAL,No - Comparable Database,Current,,DV,34.0,9.0,0.0,0.0,0.0,0.0,0.0,0.0,0.0,0.0,0.0,Yes,No,No,No,No,No,No,No,No,No,No,No,No,No,No,No,No,No,No,No,No,No,No,No,No,No,Site-based - clustered / multiple sites,No,No,No,No,No,No,No,No,No,No,No,No,No,No,No,No,No,No,34.0,0.0,,,0.0,27.0,34.0,0.7941176470588235,8,,27.0,7.0,Shelter
2025.0,PSH,CONFIDENTIAL,CONFIDENTIAL,CONFIDENTIAL,CA,SPA 2                                             ,CONFIDENTIAL,CONFIDENTIAL,CONFIDENTIAL,Yes,Current,,HIV,14.0,2.0,14.0,0.0,0.0,0.0,14.0,0.0,0.0,14.0,0.0,No,No,No,No,No,No,No,No,No,No,No,No,No,No,No,No,No,No,No,No,No,No,No,No,No,No,Tenant-based - scattered site,No,No,No,No,No,No,No,No,No,No,No,No,No,No,No,No,No,No,28.0,0.0,,,0.0,30.0,28.0,1.0714285714285714,2,,30.0,0.0,Permanent Housing
2025.0,ES,CONFIDENTIAL,CONFIDENTIAL,CONFIDENTIAL,CA,SPA 8                                             ,CONFIDENTIAL,CONFIDENTIAL,CONFIDENTIAL,No - Comparable Database,Current,,DV,27.0,9.0,0.0,0.0,0.0,0.0,0.0,0.0,0.0,0.0,0.0,Yes,Yes,No,No,No,No,No,No,No,No,No,No,No,No,No,No,No,No,No,No,No,No,No,No,No,Yes,Site-based - single site,No,No,No,No,No,No,No,No,No,No,No,No,No,No,No,No,No,No,27.0,0.0,,,0.0,33.0,27.0,1.2222222222222223,8,,33.0,0.0,Shelter
2025.0,PSH,CONFIDENTIAL,CONFIDENTIAL,CONFIDENTIAL,CA,SPA 4                                             ,CONFIDENTIAL,CONFIDENTIAL,CONFIDENTIAL,Yes,Current,,HIV,0.0,0.0,38.0,0.0,0.0,0.0,0.0,0.0,0.0,0.0,0.0,No,No,No,No,No,No,No,No,No,No,No,No,No,No,No,No,No,No,No,No,No,No,No,No,No,No,Site-based - single site,No,No,No,No,No,No,No,No,No,No,No,No,No,No,No,No,No,No,38.0,0.0,,,0.0,35.0,38.0,0.9210526315789472,4,,35.0,3.0,Permanent Housing
2025.0,TH,CONFIDENTIAL,CONFIDENTIAL,CONFIDENTIAL,CA,SPA 4                                             ,CONFIDENTIAL,CONFIDENTIAL,CONFIDENTIAL,Yes,Current,,HIV,32.0,16.0,0.0,0.0,0.0,0.0,0.0,0.0,0.0,0.0,0.0,No,No,No,No,No,No,No,No,No,No,No,No,No,No,No,No,No,No,No,No,No,No,No,No,No,No,Site-based - single site,No,No,No,No,No,No,No,No,No,No,No,No,No,No,No,No,No,No,32.0,0.0,,,0.0,40.0,32.0,1.25,4,,40.0,0.0,Shelter
2025.0,PSH,CONFIDENTIAL,CONFIDENTIAL,CONFIDENTIAL,CA,SPA 4                                             ,CONFIDENTIAL,CONFIDENTIAL,CONFIDENTIAL,Yes,Current,,HIV,24.0,7.0,31.0,0.0,0.0,0.0,0.0,0.0,0.0,0.0,0.0,No,No,No,No,No,No,No,No,No,No,No,No,No,No,No,No,No,No,No,No,No,No,No,No,No,No,Site-based - clustered / multiple sites,No,No,No,No,No,No,No,No,No,No,No,No,No,No,No,No,No,No,55.0,0.0,,,0.0,45.0,55.0,0.8181818181818182,4,,45.0,10.0,Permanent Housing
2025.0,TH,CONFIDENTIAL,CONFIDENTIAL,CONFIDENTIAL,CA,SPA 6                                             ,CONFIDENTIAL,CONFIDENTIAL,CONFIDENTIAL,No - Comparable Database,Current,,DV,74.0,6.0,0.0,0.0,0.0,0.0,0.0,0.0,0.0,0.0,0.0,Yes,No,No,No,No,No,No,No,No,No,No,No,No,No,No,No,No,No,No,No,No,No,No,No,No,No,Site-based - clustered / multiple sites,No,No,No,No,No,No,No,No,No,No,No,No,No,No,No,No,No,No,74.0,0.0,,,0.0,49.0,74.0,0.6621621621621622,6,,49.0,25.0,Shelter
2025.0,PSH,CONFIDENTIAL,CONFIDENTIAL,CONFIDENTIAL,CA,SPA 4                                             ,CONFIDENTIAL,CONFIDENTIAL,CONFIDENTIAL,Yes,Current,,HIV,63.0,21.0,100.0,0.0,0.0,0.0,0.0,0.0,0.0,0.0,0.0,No,Yes,No,No,No,No,No,No,No,No,No,No,No,No,No,No,No,No,No,No,No,No,No,No,No,Yes,Site-based - clustered / multiple sites,No,No,No,No,No,No,No,No,No,No,No,No,No,No,No,No,No,No,163.0,0.0,,,0.0,123.0,163.0,0.754601226993865,4,,123.0,40.0,Permanent Housing
2025.0,PSH,CONFIDENTIAL,CONFIDENTIAL,CONFIDENTIAL,CA,SPA 4                                             ,CONFIDENTIAL,CONFIDENTIAL,CONFIDENTIAL,Yes,Current,,HIV,98.0,21.0,84.0,0.0,0.0,0.0,0.0,0.0,0.0,0.0,0.0,No,No,No,No,No,No,No,No,No,No,No,No,No,No,No,No,No,No,No,No,No,No,No,No,No,No,Site-based - clustered / multiple sites,Yes,No,No,No,No,No,No,Yes,No,No,No,No,No,No,No,No,No,No,182.0,0.0,,,0.0,154.0,182.0,0.8461538461538461,4,,154.0,28.0,Permanent Housing
2025.0,ES,Covenant House California,"CES Bridge Housing Program Youth ""Entry/Exit",Los Angeles,CA,SPA 4                                             ,13,3,062118,Yes,Current,,,0.0,0.0,36.0,0.0,0.0,0.0,0.0,0.0,36.0,0.0,0.0,No,Yes,No,No,No,No,No,No,No,No,No,No,No,No,No,No,No,No,No,No,No,No,No,No,No,Yes,Site-based - single site,No,No,No,No,No,No,No,No,No,No,No,No,No,No,No,No,No,No,36.0,0.0,,,0.0,39.0,36.0,1.0833333333333333,4,13,39.0,0.0,Shelter
2025.0,ES,Covenant House California,"CES Crisis Housing Program Youth ""Entry/Exit",Los Angeles,CA,SPA 4                                             ,13,3,062118,Yes,Current,,,0.0,0.0,40.0,0.0,0.0,0.0,0.0,0.0,40.0,0.0,0.0,No,Yes,No,No,No,No,No,No,No,No,No,No,No,No,No,No,No,No,No,No,No,No,No,No,No,Yes,Site-based - single site,No,No,No,No,No,No,No,No,No,No,No,No,No,No,No,No,No,No,40.0,0.0,,,0.0,32.0,40.0,0.8,4,13,32.0,8.0,Shelter
2025.0,TH,Covenant House California,CES Transitional Housing Youth (New),Los Angeles,CA,SPA 4                                             ,13,3,062118,Yes,Current,,,0.0,0.0,34.0,0.0,0.0,0.0,0.0,0.0,34.0,0.0,0.0,No,Yes,No,No,No,No,No,No,No,No,No,No,No,No,No,No,No,No,No,No,No,No,No,No,No,Yes,Site-based - clustered / multiple sites,No,No,No,No,No,No,No,No,No,No,No,No,No,No,No,No,No,No,34.0,0.0,,,0.0,33.0,34.0,0.9705882352941176,4,13,33.0,1.0,Shelter
2025.0,RRH,Covenant House California,TLS Youth SPA 4,Los Angeles,CA,SPA 4                                             ,13,3,062118,Yes,Current,,,0.0,0.0,17.0,0.0,0.0,0.0,0.0,0.0,17.0,0.0,0.0,No,Yes,No,No,No,No,No,No,No,No,No,No,No,No,No,No,No,No,No,No,No,No,No,No,No,Yes,Tenant-based - scattered site,No,No,No,No,No,No,No,No,No,No,No,No,No,No,No,No,No,No,17.0,0.0,,,0.0,17.0,17.0,1.0,4,13,17.0,0.0,Permanent Housing
2025.0,RRH,Covenant House California,YHDP TLS,Los Angeles,CA,SPA 4                                             ,13,3,062118,Yes,Current,,,0.0,0.0,20.0,0.0,0.0,0.0,0.0,0.0,0.0,0.0,0.0,No,Yes,No,No,No,No,No,No,No,No,No,No,No,No,No,No,No,No,No,No,No,No,No,No,No,Yes,Tenant-based - scattered site,Yes,No,No,No,No,No,No,No,No,No,No,No,No,No,Yes,No,No,No,20.0,0.0,,,0.0,20.0,20.0,1.0,4,13,20.0,0.0,Permanent Housing
2025.0,PSH,David and Margaret Youth and Family Services,Cedar Springs Apartments,La Verne,CA,SPA 3                                             ,0,1,069037,No,Current,,,28.0,11.0,17.0,0.0,0.0,0.0,0.0,0.0,0.0,0.0,0.0,No,No,No,No,No,No,No,No,No,No,No,No,No,No,No,No,No,No,No,No,No,No,No,No,No,No,Site-based - single site,No,No,No,No,No,No,No,No,No,No,No,No,No,No,No,No,No,No,45.0,0.0,,,0.0,45.0,45.0,1.0,3,0,45.0,0.0,Permanent Housing
2025.0,ES,Divine Healthcare Services Inc.,BHBH Recovery Bridge Housing Bixby Ave,Bellflower,CA,SPA 7                                             ,0,4,060288,Yes,Current,,,0.0,0.0,15.0,0.0,0.0,0.0,0.0,0.0,0.0,0.0,0.0,No,Yes,No,No,No,No,No,No,No,No,No,No,No,No,No,No,No,No,No,No,No,No,No,No,No,Yes,Site-based - single site,No,No,No,No,No,No,No,No,No,No,No,No,No,No,No,No,No,No,15.0,0.0,,,0.0,13.0,15.0,0.8666666666666667,7,0,13.0,2.0,Shelter
2025.0,ES,Divine Healthcare Services Inc.,Recovery Bridge Housing 2211,Signal Hill,CA,SPA 7                                             ,0,4,069037,Yes,Current,,,0.0,0.0,5.0,0.0,0.0,0.0,0.0,0.0,0.0,0.0,0.0,No,Yes,No,No,No,No,No,No,No,No,No,No,No,No,No,No,No,No,No,No,No,No,No,No,No,Yes,Site-based - single site,No,No,No,No,No,No,No,No,No,No,No,No,No,No,No,No,No,No,5.0,0.0,,,0.0,4.0,5.0,0.8,7,0,4.0,1.0,Shelter
2025.0,ES,Divine Healthcare Services Inc.,Recovery Bridge Housing 2225,Signal Hill,CA,SPA 7                                             ,0,4,069037,Yes,Current,,,0.0,0.0,4.0,0.0,0.0,0.0,0.0,0.0,0.0,0.0,0.0,No,Yes,No,No,No,No,No,No,No,No,No,No,No,No,No,No,No,No,No,No,No,No,No,No,No,Yes,Site-based - single site,No,No,No,No,No,No,No,No,No,No,No,No,No,No,No,No,No,No,4.0,0.0,,,0.0,3.0,4.0,0.75,7,0,3.0,1.0,Shelter
2025.0,PSH,Domus Development,VASH - DHFH,Lancaster,CA,SPA 1                                             ,0,5,061914,No,Current,,,0.0,0.0,35.0,0.0,0.0,0.0,0.0,35.0,0.0,0.0,0.0,No,Yes,Yes,No,No,No,No,No,No,No,No,No,No,No,No,No,No,No,No,No,No,No,No,No,No,No,Site-based - single site,No,No,No,No,No,No,No,No,No,No,No,No,No,No,No,No,No,No,35.0,0.0,,,0.0,36.0,35.0,1.0285714285714285,1,0,36.0,0.0,Permanent Housing
2025.0,PSH,Downtown Womens Center,DWC NoHo 5050 DMH (D7),North Hollywood,CA,SPA 2                                             ,2,5,069037,Yes,Current,,,0.0,0.0,19.0,0.0,0.0,0.0,0.0,0.0,0.0,0.0,0.0,No,Yes,No,No,No,No,No,No,No,No,No,No,No,No,No,No,No,No,No,No,No,No,No,No,No,Yes,Site-based - single site,No,No,No,No,No,No,No,No,No,No,No,No,No,No,No,No,No,No,19.0,0.0,,,0.0,18.0,19.0,0.95,2,2,18.0,1.0,Permanent Housing
2025.0,PSH,Downtown Womens Center,DWC Scattered 1 (D7),Los Angeles,CA,SPA 4                                             ,14,1,062118,Yes,Current,,,0.0,0.0,70.0,0.0,0.0,0.0,0.0,0.0,0.0,0.0,0.0,No,Yes,No,No,No,No,No,No,No,No,No,No,No,No,No,No,No,No,No,No,No,No,No,No,No,Yes,Tenant-based - scattered site,No,No,No,No,No,No,No,No,No,No,No,No,No,No,No,No,No,No,70.0,0.0,,,0.0,60.0,70.0,0.8571428571428571,4,14,60.0,10.0,Permanent Housing
2025.0,PSH,Downtown Womens Center,LA Residence LAHSA - Supportive Services,Los Angeles,CA,SPA 4                                             ,14,1,062118,Yes,Current,,,0.0,0.0,45.0,0.0,0.0,0.0,0.0,0.0,0.0,0.0,0.0,No,Yes,No,No,No,No,No,No,No,No,No,No,No,No,No,No,No,No,No,No,No,No,No,No,No,Yes,Site-based - single site,No,No,No,No,No,No,No,No,No,No,No,No,No,No,No,No,No,No,45.0,0.0,,,0.0,33.0,45.0,0.7333333333333333,4,14,33.0,12.0,Permanent Housing
2025.0,PSH,Downtown Womens Center,SP Residence HACLA,Los Angeles,CA,SPA 4                                             ,14,1,062118,Yes,Current,,,0.0,0.0,71.0,0.0,0.0,0.0,0.0,0.0,0.0,23.0,0.0,No,No,No,No,No,No,No,No,No,No,No,No,No,No,No,No,No,No,No,No,No,No,No,No,No,No,Site-based - single site,Yes,No,No,No,No,No,No,Yes,No,No,No,No,No,No,No,No,No,No,71.0,0.0,,,0.0,43.0,71.0,0.6056338028169014,4,14,43.0,28.0,Permanent Housing
2025.0,RRH,Downtown Womens Center,TLS Adult SPA 4,Los Angeles,CA,SPA 4                                             ,14,1,062118,Yes,Current,,,0.0,0.0,31.0,0.0,0.0,0.0,0.0,0.0,0.0,0.0,0.0,No,Yes,No,No,No,No,No,No,No,No,No,No,No,No,No,No,No,No,No,No,No,No,No,No,No,Yes,Tenant-based - scattered site,Yes,No,No,Yes,No,No,No,No,No,No,No,No,No,No,No,No,No,No,31.0,0.0,,,0.0,31.0,31.0,1.0,4,14,31.0,0.0,Permanent Housing
2025.0,RRH,Downtown Womens Center,TLS Housing Justice,Los Angeles,CA,SPA 4                                             ,14,1,062118,Yes,Current,,,0.0,0.0,39.0,0.0,0.0,0.0,0.0,0.0,0.0,0.0,0.0,No,Yes,No,No,No,No,No,No,No,No,No,No,No,No,No,No,No,No,No,No,No,No,No,No,No,Yes,Tenant-based - scattered site,No,No,No,No,No,No,No,No,No,No,No,No,No,No,No,No,No,No,39.0,0.0,,,0.0,39.0,39.0,1.0,4,14,39.0,0.0,Permanent Housing
2025.0,RRH,Downtown Womens Center,TLS State Encampment Resolution Fund,Los Angeles,CA,SPA 4                                             ,0,0,062118,Yes,Current,,,0.0,0.0,132.0,0.0,0.0,0.0,0.0,0.0,0.0,0.0,0.0,No,Yes,No,No,No,No,No,No,No,No,No,No,No,No,No,No,No,No,No,No,No,No,No,No,No,Yes,Tenant-based - scattered site,Yes,No,No,No,No,No,No,No,No,No,No,No,No,No,No,No,Yes,No,132.0,0.0,,,0.0,132.0,132.0,1.0,4,0,132.0,0.0,Permanent Housing
2025.0,ES,End Homelessness California,Pathway Home,Los Angeles,CA,SPA 6                                             ,10,2,062118,Yes,Current,,,0.0,0.0,14.0,0.0,0.0,0.0,0.0,0.0,0.0,0.0,0.0,No,Yes,No,No,No,No,No,No,No,No,No,No,No,No,No,No,No,No,No,No,No,No,No,No,No,Yes,Site-based - single site,No,No,No,No,No,No,No,No,No,No,No,No,No,No,No,No,No,No,14.0,0.0,,,0.0,19.0,14.0,1.3571428571428572,6,10,19.0,0.0,Shelter
2025.0,ES,"Exodus Recovery, Inc.",DHS Interim Housing Broadway,Los Angeles,CA,SPA 4                                             ,1,1,062118,Yes,Current,,,0.0,0.0,45.0,0.0,0.0,0.0,0.0,0.0,0.0,0.0,0.0,No,Yes,No,No,No,No,No,No,No,No,No,No,No,No,No,No,No,No,No,No,No,No,No,No,No,Yes,Site-based - single site,No,No,No,No,No,No,No,No,No,No,No,No,No,No,No,No,No,No,45.0,0.0,,,0.0,37.0,45.0,0.8222222222222222,4,1,37.0,8.0,Shelter
2025.0,ES,"Exodus Recovery, Inc.",DMH Emergency Bridge Housing,Los Angeles,CA,SPA 6                                             ,10,3,062118,Yes,Current,,,0.0,0.0,133.0,0.0,0.0,0.0,0.0,0.0,0.0,0.0,0.0,No,No,No,No,No,No,No,No,No,No,No,No,No,No,No,No,No,No,No,No,No,No,No,No,No,No,Site-based - clustered / multiple sites,No,No,No,No,No,No,No,No,No,No,No,No,No,No,No,No,No,No,133.0,0.0,,,0.0,19.0,133.0,0.1428571428571428,6,10,19.0,114.0,Shelter
2025.0,PSH,"Exodus Recovery, Inc.",Exodus Culver City (PHK),Los Angeles,CA,SPA 4                                             ,14,1,062118,No,Current,,,0.0,0.0,35.0,0.0,0.0,0.0,0.0,0.0,0.0,0.0,0.0,No,Yes,No,No,No,No,No,No,No,No,No,No,No,No,No,No,No,No,No,No,No,No,No,No,No,Yes,Site-based - single site,No,No,No,No,No,No,No,No,No,No,No,No,No,No,No,No,No,No,35.0,0.0,,,0.0,35.0,35.0,1.0,4,14,35.0,0.0,Permanent Housing
2025.0,PSH,"Exodus Recovery, Inc.",Exodus New Carver (DHS),Los Angeles,CA,SPA 4                                             ,14,1,062118,Yes,Current,,,0.0,0.0,5.0,0.0,0.0,0.0,0.0,0.0,0.0,0.0,0.0,No,Yes,No,No,No,No,No,No,No,No,No,No,No,No,No,No,No,No,No,No,No,No,No,No,No,Yes,Site-based - single site,No,No,No,No,No,No,No,No,No,No,No,No,No,No,No,No,No,No,5.0,0.0,,,0.0,4.0,5.0,0.8,4,14,4.0,1.0,Permanent Housing
2025.0,PSH,"Exodus Recovery, Inc.",Exodus Studio 6 (PHK),Los Angeles,CA,SPA 7                                             ,0,4,069037,No,Current,,,0.0,0.0,80.0,0.0,0.0,0.0,0.0,0.0,0.0,0.0,0.0,No,Yes,No,No,No,No,No,No,No,No,No,No,No,No,No,No,No,No,No,No,No,No,No,No,No,Yes,Site-based - single site,No,No,No,No,No,No,No,No,No,No,No,No,No,No,No,No,No,No,80.0,0.0,,,0.0,68.0,80.0,0.85,7,0,68.0,12.0,Permanent Housing
2025.0,ES,"Exodus Recovery, Inc.",Safe Landing,Los Angeles,CA,SPA 8                                             ,0,2,062118,Yes,Current,,,0.0,0.0,172.0,0.0,0.0,0.0,0.0,0.0,0.0,0.0,0.0,No,Yes,No,No,No,No,No,No,No,No,No,No,No,No,No,No,No,No,No,No,No,No,No,No,No,Yes,Site-based - single site,No,No,No,No,No,No,No,No,No,No,No,No,No,No,No,No,No,No,172.0,0.0,,,0.0,193.0,172.0,1.122093023255814,8,0,193.0,0.0,Shelter
2025.0,ES,Fair Opportunity for Change,DHS Interim Housing Men,Los Angeles,CA,SPA 6                                             ,8,2,062118,Yes,Current,,,0.0,0.0,55.0,0.0,0.0,0.0,0.0,0.0,0.0,0.0,0.0,No,Yes,No,No,No,No,No,No,No,No,No,No,No,No,No,No,No,No,No,No,No,No,No,No,No,Yes,Site-based - single site,No,No,No,No,No,No,No,No,No,No,No,No,No,No,No,No,No,No,55.0,0.0,,,0.0,55.0,55.0,1.0,6,8,55.0,0.0,Shelter
2025.0,ES,Fair Opportunity for Change,DHS Interim Housing Women,Los Angeles,CA,SPA 6                                             ,8,2,062118,Yes,Current,,,0.0,0.0,17.0,0.0,0.0,0.0,0.0,0.0,0.0,0.0,0.0,No,Yes,No,No,No,No,No,No,No,No,No,No,No,No,No,No,No,No,No,No,No,No,No,No,No,Yes,Site-based - single site,No,No,No,No,No,No,No,No,No,No,No,No,No,No,No,No,No,No,17.0,0.0,,,0.0,17.0,17.0,1.0,6,8,17.0,0.0,Shelter
2025.0,RRH,Family Promise of San Gabriel Valley,Rapid Re-Housing,Rosemead,CA,SPA 3                                             ,0,1,063102,Yes,Current,,,0.0,0.0,0.0,0.0,0.0,0.0,0.0,0.0,0.0,0.0,0.0,No,No,No,No,No,No,No,No,No,No,No,No,No,No,No,No,No,No,No,No,No,No,No,No,No,No,Tenant-based - scattered site,No,No,No,No,No,No,No,No,No,No,No,No,No,No,No,No,No,No,0.0,0.0,,,0.0,0.0,0.0,0.0,3,0,0.0,0.0,Permanent Housing
2025.0,TH,Family Promise of the South Bay,Family Promise of the South Bay - San Pedro,San Pedro,CA,SPA 8                                             ,15,4,062118,No,Current,,,10.0,3.0,0.0,0.0,0.0,0.0,0.0,0.0,0.0,0.0,0.0,No,No,No,No,No,No,No,No,No,No,No,No,No,No,No,No,No,No,No,No,No,No,No,No,No,No,Site-based - single site,No,No,No,No,No,No,No,No,No,No,No,No,No,No,No,No,No,No,10.0,0.0,,,0.0,8.0,10.0,0.8,8,15,8.0,2.0,Shelter
2025.0,TH,Family Promise of the South Bay,Family Promise of the South Bay - Torrance,Torrance,CA,SPA 8                                             ,0,4,063744,Yes,Current,,,26.0,6.0,1.0,0.0,0.0,0.0,0.0,0.0,0.0,0.0,0.0,No,No,No,No,No,No,No,No,No,No,No,No,No,No,No,No,No,No,No,No,No,No,No,No,No,No,Site-based - single site,No,No,No,No,No,No,No,No,No,No,No,No,No,No,No,No,No,No,27.0,0.0,,,0.0,29.0,27.0,1.0740740740740742,8,0,29.0,0.0,Shelter
2025.0,ES,"Fathers and Mothers Who Care, Inc.",Overnight Accommodation,Los Angeles,CA,SPA 6                                             ,9,2,062118,Yes,Current,,,0.0,0.0,4.0,0.0,0.0,0.0,0.0,0.0,0.0,0.0,0.0,No,No,No,No,No,No,No,No,No,No,No,No,No,No,No,No,No,No,No,No,No,No,No,No,No,No,Site-based - single site,No,No,No,No,No,No,No,No,No,No,No,No,No,No,No,No,No,No,4.0,0.0,,,0.0,1.0,4.0,0.25,6,9,1.0,3.0,Shelter
2025.0,ES,First To Serve Inc.,"Bridge Housing City Roadmap King Solomon ""Entry/Exit",Los Angeles,CA,SPA 6                                             ,9,2,062118,Yes,Current,,,0.0,0.0,100.0,0.0,0.0,0.0,0.0,0.0,0.0,0.0,0.0,No,Yes,No,No,No,No,No,No,No,No,No,No,No,No,No,No,No,No,No,No,No,No,No,No,No,Yes,Site-based - single site,No,No,No,No,No,No,No,No,No,No,No,No,No,No,No,No,No,No,100.0,0.0,,,0.0,85.0,100.0,0.85,6,9,85.0,15.0,Shelter
2025.0,ES,First To Serve Inc.,"CES Bridge Housing Program ""Entry/Exit",Los Angeles,CA,SPA 6                                             ,8,2,062118,Yes,Current,,,0.0,0.0,20.0,0.0,0.0,0.0,0.0,0.0,0.0,0.0,0.0,No,Yes,No,No,No,No,No,No,No,No,No,No,No,No,No,No,No,No,No,No,No,No,No,No,No,Yes,Site-based - single site,No,No,No,No,No,No,No,No,No,No,No,No,No,No,No,No,No,No,20.0,0.0,,,0.0,18.0,20.0,0.9,6,8,18.0,2.0,Shelter
2025.0,ES,First To Serve Inc.,"CES Bridge Housing Program Long Beach ""Entry/Exit""",Long Beach,CA,SPA 8                                             ,0,4,062088,Yes,Current,,,0.0,0.0,81.0,0.0,0.0,0.0,0.0,0.0,0.0,0.0,0.0,No,No,No,No,No,No,No,No,No,No,No,No,No,No,No,No,No,No,No,No,No,No,No,No,No,No,Site-based - single site,No,No,No,No,No,No,No,No,No,No,No,No,No,No,No,No,No,No,81.0,0.0,,,0.0,82.0,81.0,1.0123456790123455,8,0,82.0,0.0,Shelter
2025.0,ES,First To Serve Inc.,"CES Crisis Housing Family ""Entry/Exit",Los Angeles,CA,SPA 6                                             ,9,2,062118,Yes,Current,,,50.0,25.0,0.0,0.0,0.0,0.0,0.0,0.0,0.0,0.0,0.0,No,Yes,No,No,No,No,No,No,No,No,No,No,No,No,No,No,No,No,No,No,No,No,No,No,No,Yes,Site-based - single site,No,No,No,No,No,No,No,No,No,No,No,No,No,No,No,No,No,No,50.0,0.0,,,0.0,39.0,50.0,0.78,6,9,39.0,11.0,Shelter
2025.0,ES,First To Serve Inc.,"CES Crisis Housing Program ""Entry/Exit",Los Angeles,CA,SPA 6                                             ,8,2,062118,Yes,Current,,,0.0,0.0,39.0,0.0,0.0,0.0,0.0,0.0,0.0,0.0,0.0,No,Yes,No,No,No,No,No,No,No,No,No,No,No,No,No,No,No,No,No,No,No,No,No,No,No,Yes,Site-based - single site,No,No,No,No,No,No,No,No,No,No,No,No,No,No,No,No,No,No,39.0,0.0,,,0.0,16.0,39.0,0.4102564102564102,6,8,16.0,23.0,Shelter
2025.0,ES,First To Serve Inc.,DHS Interim Housing 32nd,Los Angeles,CA,SPA 6                                             ,9,2,062118,Yes,Current,,,0.0,0.0,35.0,0.0,0.0,0.0,0.0,0.0,0.0,0.0,0.0,No,Yes,No,No,No,No,No,No,No,No,No,No,No,No,No,No,No,No,No,No,No,No,No,No,No,Yes,Site-based - single site,No,No,No,No,No,No,No,No,No,No,No,No,No,No,No,No,No,No,35.0,0.0,,,0.0,23.0,35.0,0.6571428571428571,6,9,23.0,12.0,Shelter
2025.0,ES,First To Serve Inc.,DHS Interim Housing Coronado,Los Angeles,CA,SPA 4                                             ,9,2,062118,Yes,Current,,,0.0,0.0,124.0,0.0,0.0,0.0,0.0,0.0,0.0,0.0,0.0,No,Yes,No,No,No,No,No,No,No,No,No,No,No,No,No,No,No,No,No,No,No,No,No,No,No,Yes,Site-based - single site,No,No,No,No,No,No,No,No,No,No,No,No,No,No,No,No,No,No,124.0,0.0,,,0.0,102.0,124.0,0.8225806451612904,4,9,102.0,22.0,Shelter
2025.0,ES,First To Serve Inc.,DHS Interim Housing Vernon,Los Angeles,CA,SPA 6                                             ,8,2,062118,Yes,Current,,,0.0,0.0,62.0,0.0,0.0,0.0,0.0,0.0,0.0,0.0,0.0,No,Yes,No,No,No,No,No,No,No,No,No,No,No,No,No,No,No,No,No,No,No,No,No,No,No,Yes,Site-based - single site,No,No,No,No,No,No,No,No,No,No,No,No,No,No,No,No,No,No,62.0,0.0,,,0.0,52.0,62.0,0.8387096774193549,6,8,52.0,10.0,Shelter
2025.0,ES,First To Serve Inc.,DHS ODR Interim Housing 40th Place - Women,Los Angeles,CA,SPA 6                                             ,9,2,062118,Yes,Current,,,0.0,0.0,18.0,0.0,0.0,0.0,0.0,0.0,0.0,0.0,0.0,No,No,No,No,No,No,No,No,No,No,No,No,No,No,No,No,No,No,No,No,No,No,No,No,No,No,Site-based - single site,No,No,No,No,No,No,No,No,No,No,No,No,No,No,No,No,No,No,18.0,0.0,,,0.0,16.0,18.0,0.8888888888888888,6,9,16.0,2.0,Shelter
2025.0,ES,First To Serve Inc.,DHS ODR Interim Housing Mid City 1 - Women and Families,Los Angeles,CA,SPA 4                                             ,10,2,062118,Yes,Current,,,24.0,12.0,0.0,0.0,0.0,0.0,0.0,0.0,0.0,0.0,0.0,No,No,No,No,No,No,No,No,No,No,No,No,No,No,No,No,No,No,No,No,No,No,No,No,No,No,Site-based - single site,No,No,No,No,No,No,No,No,No,No,No,No,No,No,No,No,No,No,24.0,0.0,,,0.0,17.0,24.0,0.7083333333333334,4,10,17.0,7.0,Shelter
2025.0,ES,First To Serve Inc.,DHS ODR Interim Housing Mid City 2 - Women,Los Angeles,CA,SPA 6                                             ,10,2,062118,Yes,Current,,,0.0,0.0,36.0,0.0,0.0,0.0,0.0,0.0,0.0,0.0,0.0,No,No,No,No,No,No,No,No,No,No,No,No,No,No,No,No,No,No,No,No,No,No,No,No,No,No,Site-based - single site,No,No,No,No,No,No,No,No,No,No,No,No,No,No,No,No,No,No,36.0,0.0,,,0.0,32.0,36.0,0.8888888888888888,6,10,32.0,4.0,Shelter
2025.0,ES,First To Serve Inc.,DMH Interim Housing Adult Male Center,Los Angeles,CA,SPA 8                                             ,0,2,062118,Yes,Current,,,0.0,0.0,25.0,0.0,0.0,0.0,0.0,0.0,0.0,0.0,0.0,No,No,No,No,No,No,No,No,No,No,No,No,No,No,No,No,No,No,No,No,No,No,No,No,No,No,Site-based - single site,No,No,No,No,No,No,No,No,No,No,No,No,No,No,No,No,No,No,25.0,0.0,,,0.0,23.0,25.0,0.92,8,0,23.0,2.0,Shelter
2025.0,ES,First To Serve Inc.,DMH Interim Housing Coronado,Los Angeles,CA,SPA 4                                             ,9,2,062118,Yes,Current,,,0.0,0.0,20.0,0.0,0.0,0.0,0.0,0.0,0.0,0.0,0.0,No,No,No,No,No,No,No,No,No,No,No,No,No,No,No,No,No,No,No,No,No,No,No,No,No,No,Site-based - single site,No,No,No,No,No,No,No,No,No,No,No,No,No,No,No,No,No,No,20.0,0.0,,,0.0,19.0,20.0,0.95,4,9,19.0,1.0,Shelter
2025.0,ES,First To Serve Inc.,DMH Interim Housing Family Center,Los Angeles,CA,SPA 6                                             ,8,2,062118,Yes,Current,,,36.0,12.0,0.0,0.0,0.0,0.0,0.0,0.0,0.0,0.0,0.0,No,No,No,No,No,No,No,No,No,No,No,No,No,No,No,No,No,No,No,No,No,No,No,No,No,No,Site-based - single site,No,No,No,No,No,No,No,No,No,No,No,No,No,No,No,No,No,No,36.0,0.0,,,0.0,30.0,36.0,0.8333333333333334,6,8,30.0,6.0,Shelter
2025.0,ES,First To Serve Inc.,DMH Interim Housing for Women,Los Angeles,CA,SPA 6                                             ,8,2,062118,Yes,Current,,,0.0,0.0,22.0,0.0,0.0,0.0,0.0,0.0,0.0,0.0,0.0,No,No,No,No,No,No,No,No,No,No,No,No,No,No,No,No,No,No,No,No,No,No,No,No,No,No,Site-based - single site,No,No,No,No,No,No,No,No,No,No,No,No,No,No,No,No,No,No,22.0,0.0,,,0.0,18.0,22.0,0.8181818181818182,6,8,18.0,4.0,Shelter
2025.0,ES,First To Serve Inc.,Inside Safe Hotel/Motel Voucher Program,Los Angeles,CA,SPA 6                                             ,8,2,062118,Yes,Current,,,54.0,18.0,90.0,0.0,0.0,0.0,0.0,0.0,0.0,0.0,0.0,No,Yes,No,No,No,No,No,No,No,No,No,No,No,No,No,No,No,No,No,No,No,No,No,No,No,Yes,Site-based - clustered / multiple sites,No,No,No,No,No,No,No,No,No,No,No,No,No,No,No,No,No,No,144.0,0.0,,,0.0,132.0,144.0,0.9166666666666666,6,8,132.0,12.0,Shelter
2025.0,RRH,First To Serve Inc.,SUNOFO TLS Adult SPA 4,Los Angeles,CA,SPA 6                                             ,8,2,062118,Yes,Current,,,0.0,0.0,11.0,0.0,0.0,0.0,0.0,0.0,0.0,0.0,0.0,No,Yes,No,No,No,No,No,No,No,No,No,No,No,No,No,No,No,No,No,No,No,No,No,No,No,Yes,Tenant-based - scattered site,Yes,No,No,No,No,No,No,No,No,No,No,No,No,No,No,No,Yes,No,11.0,0.0,,,0.0,11.0,11.0,1.0,6,8,11.0,0.0,Permanent Housing
2025.0,RRH,First To Serve Inc.,TLS Adult SPA 3,Hacienda Heights,CA,SPA 3                                             ,0,1,069037,Yes,Current,,,0.0,0.0,29.0,0.0,0.0,0.0,0.0,0.0,0.0,0.0,0.0,No,Yes,No,No,No,No,No,No,No,No,No,No,No,No,No,No,No,No,No,No,No,No,No,No,No,Yes,Tenant-based - scattered site,No,No,No,No,No,No,No,No,No,No,No,No,No,No,No,No,No,No,29.0,0.0,,,0.0,29.0,29.0,1.0,3,0,29.0,0.0,Permanent Housing
2025.0,RRH,First To Serve Inc.,TLS Adult SPA 4,Los Angeles,CA,SPA 4                                             ,1,1,062118,Yes,Current,,,0.0,0.0,30.0,0.0,0.0,0.0,0.0,0.0,0.0,0.0,0.0,No,Yes,No,No,No,No,No,No,No,No,No,No,No,No,No,No,No,No,No,No,No,No,No,No,No,Yes,Tenant-based - scattered site,No,No,No,No,No,No,No,No,No,No,No,No,No,No,No,No,No,No,30.0,0.0,,,0.0,30.0,30.0,1.0,4,1,30.0,0.0,Permanent Housing
2025.0,RRH,First To Serve Inc.,TLS Adult SPA 8,Lawndale,CA,SPA 8                                             ,0,2,062118,Yes,Current,,,0.0,0.0,70.0,0.0,0.0,0.0,0.0,0.0,0.0,0.0,0.0,No,Yes,No,No,No,No,No,No,No,No,No,No,No,No,No,No,No,No,No,No,No,No,No,No,No,Yes,Tenant-based - scattered site,No,No,No,No,No,No,No,No,No,No,No,No,No,No,No,No,No,No,70.0,0.0,,,0.0,70.0,70.0,1.0,8,0,70.0,0.0,Permanent Housing
2025.0,ES,"Golden State Recuperative Care, Inc.",Recuperative Care,Los Angeles,CA,SPA 6                                             ,8,2,062118,Yes,Current,,,0.0,0.0,22.0,0.0,0.0,0.0,0.0,0.0,0.0,0.0,0.0,No,Yes,No,No,No,No,No,No,No,No,No,No,No,No,No,No,No,No,No,No,No,No,No,No,No,Yes,Site-based - single site,No,No,No,No,No,No,No,No,No,No,No,No,No,No,No,No,No,No,22.0,0.0,,,0.0,8.0,22.0,0.3636363636363636,6,8,8.0,14.0,Shelter
2025.0,ES,Harbor Care Foundation,Recuperative Care,Mission HIlls,CA,SPA 2                                             ,7,3,062118,Yes,Current,,,0.0,0.0,20.0,0.0,0.0,0.0,0.0,0.0,0.0,0.0,0.0,No,Yes,No,No,No,No,No,No,No,No,No,No,No,No,No,No,No,No,No,No,No,No,No,No,No,Yes,Site-based - single site,No,No,No,No,No,No,No,No,No,No,No,No,No,No,No,No,No,No,20.0,0.0,,,0.0,14.0,20.0,0.7,2,7,14.0,6.0,Shelter
2025.0,ES,Harbor Interfaith Services,"A Bridge Home SPA 8 ""Entry/Exit",San Pedro,CA,SPA 8                                             ,15,4,062118,Yes,Current,,,0.0,0.0,100.0,0.0,0.0,0.0,0.0,0.0,0.0,0.0,0.0,No,Yes,No,No,No,No,No,No,No,No,No,No,No,No,No,No,No,No,No,No,No,No,No,No,No,Yes,Site-based - single site,No,No,No,No,No,No,No,No,No,No,No,No,No,No,No,No,No,No,100.0,0.0,,,0.0,92.0,100.0,0.92,8,15,92.0,8.0,Shelter
2025.0,PSH,Harbor Interfaith Services,CA1491 HIS CoC SPA 8,San Pedro,CA,SPA 8                                             ,15,4,062118,Yes,Current,,,0.0,0.0,50.0,0.0,0.0,0.0,0.0,0.0,0.0,50.0,0.0,No,No,No,No,No,No,No,No,No,No,No,No,No,No,No,No,No,No,No,No,No,No,No,No,No,No,Tenant-based - scattered site,No,No,No,No,No,No,No,No,No,No,No,No,No,No,No,No,No,No,50.0,0.0,,,0.0,47.0,50.0,0.94,8,15,47.0,3.0,Permanent Housing
2025.0,RRH,Harbor Interfaith Services,CDC Bringing Families Home SPA 8,San Pedro,CA,SPA 8                                             ,15,4,062118,Yes,Current,,,78.0,22.0,9.0,0.0,0.0,0.0,0.0,0.0,0.0,0.0,0.0,No,Yes,No,No,No,No,No,No,No,No,No,No,No,No,No,No,No,No,No,No,No,No,No,No,No,Yes,Tenant-based - scattered site,No,No,No,No,No,No,No,No,No,No,No,No,No,No,No,No,No,No,87.0,0.0,,,0.0,87.0,87.0,1.0,8,15,87.0,0.0,Permanent Housing
2025.0,TH,Harbor Interfaith Services,CES Transitional Housing SPA 8,San Pedro,CA,SPA 8                                             ,15,4,062118,Yes,Current,,,8.0,4.0,0.0,0.0,0.0,8.0,0.0,0.0,0.0,0.0,0.0,No,Yes,No,No,No,No,No,No,No,No,No,No,No,No,No,No,No,No,No,No,No,No,No,No,No,Yes,Site-based - single site,No,No,No,No,No,No,No,No,No,No,No,No,No,No,No,No,No,No,8.0,0.0,,,0.0,5.0,8.0,0.625,8,15,5.0,3.0,Shelter
2025.0,ES,Harbor Interfaith Services,DHS Interim Housing,San Pedro,CA,SPA 8                                             ,15,4,062118,No,Current,,,0.0,0.0,40.0,0.0,0.0,0.0,0.0,0.0,0.0,0.0,0.0,No,Yes,No,No,No,No,No,No,No,No,No,No,No,No,No,No,No,No,No,No,No,No,No,No,No,Yes,Site-based - single site,No,No,No,No,No,No,No,No,No,No,No,No,No,No,No,No,No,No,40.0,0.0,,,0.0,40.0,40.0,1.0,8,15,40.0,0.0,Shelter
2025.0,ES,Harbor Interfaith Services,ESG-CV Torrance Pallet Emergency Shelter Program,Torrance,CA,SPA 8                                             ,0,4,063744,Yes,Current,,,0.0,0.0,40.0,0.0,0.0,0.0,0.0,0.0,0.0,0.0,0.0,No,No,No,No,No,No,No,No,No,No,No,No,No,No,No,No,No,No,No,No,No,No,No,No,No,No,Site-based - single site,Yes,No,No,Yes,No,No,No,No,No,No,No,No,No,No,No,No,No,No,40.0,0.0,,,0.0,32.0,40.0,0.8,8,0,32.0,8.0,Shelter
2025.0,ES,Harbor Interfaith Services,"HIS FSC Crisis Housing ""Entry/Exit",San Pedro,CA,SPA 8                                             ,15,4,062118,Yes,Current,,,40.0,20.0,0.0,0.0,0.0,0.0,0.0,0.0,0.0,0.0,0.0,No,Yes,No,No,No,No,No,No,No,No,No,No,No,No,No,No,No,No,No,No,No,No,No,No,No,Yes,Site-based - single site,No,No,No,No,No,No,No,No,No,No,No,No,No,No,No,No,No,No,40.0,0.0,,,0.0,36.0,40.0,0.9,8,15,36.0,4.0,Shelter
2025.0,ES,Harbor Interfaith Services,HIS FSC Crisis Housing Motel/Hotel Vouchers,San Pedro,CA,SPA 8                                             ,15,4,062118,Yes,Current,,,71.0,23.0,0.0,0.0,0.0,0.0,0.0,0.0,0.0,0.0,0.0,No,Yes,No,No,No,No,No,No,No,No,No,No,No,No,No,No,No,No,No,No,No,No,No,No,No,Yes,Tenant-based - scattered site,No,No,No,No,No,No,No,No,No,No,No,No,No,No,No,No,No,No,71.0,0.0,,,0.0,71.0,71.0,1.0,8,15,71.0,0.0,Shelter
2025.0,ES,Harbor Interfaith Services,Inside Safe Hotel/Motel Voucher Program,Wilmington,CA,SPA 8                                             ,15,4,062118,Yes,Current,,,3.0,1.0,110.0,0.0,0.0,0.0,0.0,0.0,0.0,0.0,0.0,No,Yes,No,No,No,No,No,No,No,No,No,No,No,No,No,No,No,No,No,No,No,No,No,No,No,Yes,Site-based - clustered / multiple sites,No,No,No,No,No,No,No,No,No,No,No,No,No,No,No,No,No,No,113.0,0.0,,,0.0,106.0,113.0,0.9380530973451328,8,15,106.0,7.0,Shelter
2025.0,ES,Harbor Interfaith Services,Redondo Beach Pallet Shelter,Redondo Beach,CA,SPA 8                                             ,0,2,062970,No,Current,,,0.0,0.0,20.0,0.0,0.0,0.0,0.0,0.0,0.0,0.0,0.0,No,Yes,No,No,No,No,No,No,No,No,No,No,No,No,No,No,No,No,No,No,No,No,No,No,No,Yes,Site-based - single site,No,No,No,No,No,No,No,No,No,No,No,No,No,No,No,No,No,No,20.0,0.0,,,0.0,20.0,20.0,1.0,8,0,20.0,0.0,Shelter
2025.0,RRH,Harbor Interfaith Services,TLS Adult SPA 8,San Pedro,CA,SPA 8                                             ,15,4,062118,Yes,Current,,,0.0,0.0,34.0,0.0,0.0,0.0,0.0,0.0,0.0,0.0,0.0,No,Yes,No,No,No,No,No,No,No,No,No,No,No,No,No,No,No,No,No,No,No,No,No,No,No,Yes,Tenant-based - scattered site,No,No,No,No,No,No,No,No,No,No,No,No,No,No,No,No,No,No,34.0,0.0,,,0.0,34.0,34.0,1.0,8,15,34.0,0.0,Permanent Housing
2025.0,RRH,Harbor Interfaith Services,TLS FSC SPA 8,San Pedro,CA,SPA 8                                             ,15,4,062118,Yes,Current,,,400.0,119.0,13.0,0.0,0.0,0.0,0.0,0.0,0.0,0.0,0.0,No,Yes,No,No,No,No,No,No,No,No,No,No,No,No,No,No,No,No,No,No,No,No,No,No,No,Yes,Tenant-based - scattered site,No,No,No,No,No,No,No,No,No,No,No,No,No,No,No,No,No,No,413.0,0.0,,,0.0,413.0,413.0,1.0,8,15,413.0,0.0,Permanent Housing
2025.0,RRH,Harbor Interfaith Services,TLS Youth SPA 8,San Pedro,CA,SPA 8                                             ,15,4,062118,Yes,Current,,,0.0,0.0,4.0,0.0,0.0,0.0,0.0,0.0,4.0,0.0,0.0,No,Yes,No,No,No,No,No,No,No,No,No,No,No,No,No,No,No,No,No,No,No,No,No,No,No,Yes,Tenant-based - scattered site,No,No,No,No,No,No,No,No,No,No,No,No,No,No,No,No,No,No,4.0,0.0,,,0.0,4.0,4.0,1.0,8,15,4.0,0.0,Permanent Housing
2025.0,RRH,Harbor Interfaith Services,TLS Youth St Margaret Center SPA 8,Inglewood,CA,SPA 8                                             ,0,2,061740,Yes,Current,,,0.0,0.0,3.0,0.0,0.0,0.0,0.0,0.0,3.0,0.0,0.0,No,Yes,No,No,No,No,No,No,No,No,No,No,No,No,No,No,No,No,No,No,No,No,No,No,No,Yes,Tenant-based - scattered site,No,No,No,No,No,No,No,No,No,No,No,No,No,No,No,No,No,No,3.0,0.0,,,0.0,3.0,3.0,1.0,8,0,3.0,0.0,Permanent Housing
2025.0,TH,Harbor Interfaith Services,You Can Have It A.L.L. (Accelerated Learning and Living),San Pedro,CA,SPA 8                                             ,15,4,062118,No,Current,,,30.0,15.0,0.0,0.0,0.0,0.0,0.0,0.0,0.0,0.0,0.0,No,No,No,No,No,No,No,No,No,No,No,No,No,No,No,No,No,No,No,No,No,No,No,No,No,No,Site-based - single site,No,No,No,No,No,No,No,No,No,No,No,No,No,No,No,No,No,No,30.0,0.0,,,0.0,27.0,30.0,0.9,8,15,27.0,3.0,Shelter
2025.0,ES,Health Right 360,Prototypes Interim Housing,Los Angeles,CA,SPA 4                                             ,0,1,062118,Yes,Current,,,0.0,0.0,42.0,0.0,0.0,0.0,0.0,0.0,0.0,0.0,0.0,No,Yes,No,No,No,No,No,No,No,No,No,No,No,No,No,No,No,No,No,No,No,No,No,No,No,Yes,Site-based - single site,No,No,No,No,No,No,No,No,No,No,No,No,No,No,No,No,No,No,42.0,0.0,,,0.0,21.0,42.0,0.5,4,0,21.0,21.0,Shelter
2025.0,TH,Helping Hands Outreach Organization,Transitional Housing,Los Angeles,CA,SPA 6                                             ,15,2,062118,Yes,Current,,,0.0,0.0,11.0,0.0,0.0,0.0,0.0,0.0,0.0,0.0,0.0,No,Yes,No,No,No,No,No,No,No,No,No,No,No,No,No,No,No,No,No,No,No,No,No,No,No,Yes,Site-based - single site,No,No,No,No,No,No,No,No,No,No,No,No,No,No,No,No,No,No,11.0,0.0,,,0.0,8.0,11.0,0.7272727272727273,6,15,8.0,3.0,Shelter
2025.0,ES,Helpline Youth Counseling,Pathway Home,East Los Angeles CDP,CA,SPA 7                                             ,0,1,064074,Yes,Current,,,0.0,0.0,25.0,0.0,0.0,0.0,0.0,0.0,0.0,0.0,0.0,No,Yes,No,No,No,No,No,No,No,No,No,No,No,No,No,No,No,No,No,No,No,No,No,No,No,Yes,Site-based - clustered / multiple sites,No,No,No,No,No,No,No,No,No,No,No,No,No,No,No,No,No,No,25.0,0.0,,,0.0,32.0,25.0,1.28,7,0,32.0,0.0,Shelter
2025.0,RRH,Helpline Youth Counseling,TLS Adult SPA 4,Los Angeles,CA,SPA 4                                             ,14,1,062118,Yes,Current,,,0.0,0.0,57.0,0.0,0.0,0.0,0.0,0.0,57.0,0.0,0.0,No,Yes,No,No,No,No,No,No,No,No,No,No,No,No,No,No,No,No,No,No,No,No,No,No,No,Yes,Tenant-based - scattered site,No,No,No,No,No,No,No,No,No,No,No,No,No,No,No,No,No,No,57.0,0.0,,,0.0,57.0,57.0,1.0,4,14,57.0,0.0,Permanent Housing
2025.0,PSH,Heritage Clinic,Heritage Clinic ERF (SRAP),Los Angeles,CA,SPA 4                                             ,10,2,062118,Yes,Current,,,0.0,0.0,40.0,0.0,0.0,0.0,0.0,0.0,0.0,0.0,0.0,No,Yes,No,No,No,No,No,No,No,No,No,No,No,No,No,No,No,No,No,No,No,No,No,No,No,Yes,Tenant-based - scattered site,No,No,No,No,No,No,No,No,No,No,No,No,No,No,No,No,No,No,40.0,0.0,,,0.0,58.0,40.0,1.45,4,10,58.0,0.0,Permanent Housing
2025.0,PSH,Heritage Clinic,Heritage Clinic Scattered 3 (ARPA),Los Angeles,CA,SPA 4                                             ,10,2,062118,Yes,Current,,,0.0,0.0,60.0,0.0,0.0,0.0,0.0,0.0,0.0,0.0,0.0,No,Yes,No,No,No,No,No,No,No,No,No,No,No,No,No,No,No,No,No,No,No,No,No,No,No,Yes,Tenant-based - scattered site,No,No,No,No,No,No,No,No,No,No,No,No,No,No,No,No,No,No,60.0,0.0,,,0.0,22.0,60.0,0.3666666666666666,4,10,22.0,38.0,Permanent Housing
2025.0,PSH,Hillview Mental Health Center,CA0392 Shelter Plus Care SRA,Pacoima,CA,SPA 2                                             ,7,3,062118,Yes,Current,,,0.0,0.0,56.0,0.0,0.0,0.0,0.0,0.0,0.0,0.0,0.0,No,No,No,No,No,No,No,No,No,No,No,No,No,No,No,No,No,No,No,No,No,No,No,No,No,No,Site-based - single site,No,No,No,No,No,No,No,No,No,No,No,No,No,No,No,No,No,No,56.0,0.0,,,0.0,16.0,56.0,0.2857142857142857,2,7,16.0,40.0,Permanent Housing
2025.0,ES,"HOLA Recuperative Care, Inc.",HOLA Recuperative Care,Palmadale,CA,SPA 1                                             ,0,5,062658,Yes,Current,,,0.0,0.0,73.0,0.0,0.0,0.0,0.0,0.0,0.0,0.0,0.0,No,Yes,No,No,No,No,No,No,No,No,No,No,No,No,No,No,No,No,No,No,No,No,No,No,No,Yes,Site-based - single site,No,No,No,No,No,No,No,No,No,No,No,No,No,No,No,No,No,No,73.0,0.0,,,0.0,59.0,73.0,0.8082191780821918,1,0,59.0,14.0,Shelter
2025.0,ES,"Holliday's Helping Hands, Inc.",DHS Recuperative Care Torrance,Torrance,CA,SPA 8                                             ,0,4,063744,Yes,Current,,,106.0,53.0,0.0,0.0,0.0,0.0,0.0,0.0,0.0,0.0,0.0,No,Yes,No,No,No,No,No,No,No,No,No,No,No,No,No,No,No,No,No,No,No,No,No,No,No,Yes,Site-based - single site,No,No,No,No,No,No,No,No,No,No,No,No,No,No,No,No,No,No,106.0,0.0,,,0.0,90.0,106.0,0.85,8,0,90.0,16.0,Shelter
2025.0,ES,"Holliday's Helping Hands, Inc.",DHS Recuperative Care Women and Children,Los Angeles,CA,SPA 6                                             ,8,2,062118,Yes,Current,,,0.0,0.0,20.0,0.0,0.0,0.0,0.0,0.0,0.0,0.0,0.0,No,Yes,No,No,No,No,No,No,No,No,No,No,No,No,No,No,No,No,No,No,No,No,No,No,No,Yes,Site-based - single site,No,No,No,No,No,No,No,No,No,No,No,No,No,No,No,No,No,No,20.0,0.0,,,0.0,29.0,20.0,1.45,6,8,29.0,0.0,Shelter
2025.0,ES,Home at Last Community Development Corporation,"Bridge Housing City Roadmap Broadway Matrix ""Entry/Exit",Los Angeles,CA,SPA 6                                             ,8,2,062118,Yes,Current,,,0.0,0.0,150.0,0.0,0.0,0.0,0.0,0.0,0.0,0.0,0.0,No,Yes,No,No,No,No,No,No,No,No,No,No,No,No,No,No,No,No,No,No,No,No,No,No,No,Yes,Site-based - single site,No,No,No,No,No,No,No,No,No,No,No,No,No,No,No,No,No,No,150.0,0.0,,,0.0,146.0,150.0,0.9733333333333334,6,8,146.0,4.0,Shelter
2025.0,ES,Home at Last Community Development Corporation,"Bridge Housing City Roadmap Central LIV ""Entry/Exit",Los Angeles,CA,SPA 6                                             ,9,2,062118,Yes,Current,,,0.0,0.0,25.0,0.0,0.0,0.0,0.0,0.0,0.0,0.0,0.0,No,Yes,No,No,No,No,No,No,No,No,No,No,No,No,No,No,No,No,No,No,No,No,No,No,No,Yes,Site-based - single site,No,No,No,No,No,No,No,No,No,No,No,No,No,No,No,No,No,No,25.0,0.0,,,0.0,24.0,25.0,0.96,6,9,24.0,1.0,Shelter
2025.0,ES,Home at Last Community Development Corporation,"Bridge Housing City Roadmap Valley Haven ""Entry/Exit",Van Nuys,CA,SPA 2                                             ,6,3,062118,Yes,Current,,,0.0,0.0,145.0,0.0,0.0,0.0,0.0,0.0,0.0,0.0,0.0,No,Yes,No,No,No,No,No,No,No,No,No,No,No,No,No,No,No,No,No,No,No,No,No,No,No,Yes,Site-based - single site,No,No,No,No,No,No,No,No,No,No,No,No,No,No,No,No,No,No,145.0,0.0,,,0.0,134.0,145.0,0.9241379310344828,2,6,134.0,11.0,Shelter
2025.0,ES,Home at Last Community Development Corporation,"CES Bridge Housing Program Youth ""Entry/Exit",Los Angeles,CA,SPA 6                                             ,9,2,062118,Yes,Current,,,0.0,0.0,45.0,0.0,0.0,0.0,0.0,0.0,45.0,0.0,0.0,No,Yes,No,No,No,No,No,No,No,No,No,No,No,No,No,No,No,No,No,No,No,No,No,No,No,Yes,Site-based - single site,No,No,No,No,No,No,No,No,No,No,No,No,No,No,No,No,No,No,45.0,0.0,,,0.0,25.0,45.0,0.5555555555555556,6,9,25.0,20.0,Shelter
2025.0,ES,Home at Last Community Development Corporation,"CES Crisis Housing Program Youth ""Entry/Exit",Los Angeles,CA,SPA 6                                             ,9,2,062118,Yes,Current,,,0.0,0.0,45.0,0.0,0.0,0.0,0.0,0.0,45.0,0.0,0.0,No,Yes,No,No,No,No,No,No,No,No,No,No,No,No,No,No,No,No,No,No,No,No,No,No,No,Yes,Site-based - single site,No,No,No,No,No,No,No,No,No,No,No,No,No,No,No,No,No,No,45.0,0.0,,,0.0,36.0,45.0,0.8,6,9,36.0,9.0,Shelter
2025.0,ES,Home at Last Community Development Corporation,HAL - The Lotus,Los Angeles,CA,SPA 4                                             ,14,1,062118,Yes,Current,,,0.0,0.0,120.0,0.0,0.0,0.0,0.0,0.0,0.0,0.0,0.0,No,Yes,No,No,No,No,No,No,No,No,No,No,No,No,No,No,No,No,No,No,No,No,No,No,No,Yes,Site-based - single site,No,No,No,No,No,No,No,No,No,No,No,No,No,No,No,No,No,No,120.0,0.0,,,0.0,139.0,120.0,1.1583333333333334,4,14,139.0,0.0,Shelter
2025.0,RRH,Home at Last Community Development Corporation,TLS Adult SPA 4,Los Angeles,CA,SPA 4                                             ,10,2,062118,Yes,Current,,,0.0,0.0,51.0,0.0,0.0,0.0,0.0,0.0,0.0,0.0,0.0,No,Yes,No,No,No,No,No,No,No,No,No,No,No,No,No,No,No,No,No,No,No,No,No,No,No,Yes,Tenant-based - scattered site,No,No,No,No,No,No,No,No,No,No,No,No,No,No,No,No,No,No,51.0,0.0,,,0.0,51.0,51.0,1.0,4,10,51.0,0.0,Permanent Housing
2025.0,PSH,Homeless Health Care Los Angeles,CA1159 HACoLA,Los Angeles,CA,SPA 4                                             ,13,1,062118,Yes,Current,,,16.0,8.0,8.0,0.0,0.0,0.0,16.0,0.0,0.0,8.0,0.0,No,No,No,No,No,No,No,No,No,No,No,No,No,No,No,No,No,No,No,No,No,No,No,No,No,No,Tenant-based - scattered site,No,No,No,No,No,No,No,No,No,No,No,No,No,No,No,No,No,No,24.0,0.0,,,0.0,15.0,24.0,0.625,4,13,15.0,9.0,Permanent Housing
2025.0,PSH,Homeless Health Care Los Angeles,HHCLA Hart (DHS),Los Angeles,CA,SPA 4                                             ,14,1,062118,Yes,Current,,,0.0,0.0,9.0,0.0,0.0,0.0,0.0,0.0,0.0,0.0,0.0,No,Yes,No,No,No,No,No,No,No,No,No,No,No,No,No,No,No,No,No,No,No,No,No,No,No,Yes,Site-based - single site,No,No,No,No,No,No,No,No,No,No,No,No,No,No,No,No,No,No,9.0,0.0,,,0.0,13.0,9.0,1.4444444444444444,4,14,13.0,0.0,Permanent Housing
2025.0,PSH,Homeless Health Care Los Angeles,HHCLA Mariposa Lily DMH (D7),Los Angeles,CA,SPA 6                                             ,1,2,062118,Yes,Current,,,0.0,0.0,20.0,0.0,0.0,0.0,0.0,0.0,0.0,0.0,0.0,No,Yes,No,No,No,No,No,No,No,No,No,No,No,No,No,No,No,No,No,No,No,No,No,No,No,Yes,Site-based - single site,No,No,No,No,No,No,No,No,No,No,No,No,No,No,No,No,No,No,20.0,0.0,,,0.0,21.0,20.0,1.05,6,1,21.0,0.0,Permanent Housing
2025.0,PSH,Homeless Health Care Los Angeles,HHCLA Scattered 1 (D7),Los Angeles,CA,SPA 4                                             ,13,1,062118,Yes,Current,,,0.0,0.0,225.0,0.0,0.0,0.0,0.0,0.0,0.0,0.0,0.0,No,Yes,No,No,No,No,No,No,No,No,No,No,No,No,No,No,No,No,No,No,No,No,No,No,No,Yes,Tenant-based - scattered site,No,No,No,No,No,No,No,No,No,No,No,No,No,No,No,No,No,No,225.0,0.0,,,0.0,208.0,225.0,0.9244444444444444,4,13,208.0,17.0,Permanent Housing
2025.0,PSH,Homeless Health Care Los Angeles,Housing for Health,Los Angeles,CA,SPA 4                                             ,13,1,062118,Yes,Current,,,6.0,3.0,277.0,0.0,0.0,0.0,0.0,0.0,0.0,0.0,0.0,No,No,No,No,No,No,No,No,No,No,No,No,No,No,No,No,No,No,No,No,No,No,No,No,No,No,Site-based - single site,No,No,No,No,No,No,No,No,No,No,No,No,No,No,No,No,No,No,283.0,0.0,,,0.0,194.0,283.0,0.6855123674911661,4,13,194.0,89.0,Permanent Housing
2025.0,PSH,Homes for Life Foundation,CA0345 Birch Grove Homes - Supportive Services,Norwalk,CA,SPA 7                                             ,0,4,062490,Yes,Current,,,0.0,0.0,34.0,0.0,0.0,0.0,0.0,0.0,0.0,0.0,0.0,No,Yes,No,No,No,No,No,No,No,No,No,No,No,No,No,No,No,No,No,No,No,No,No,No,No,Yes,Site-based - single site,No,No,No,No,No,No,No,No,No,No,No,No,No,No,No,No,No,No,34.0,0.0,,,0.0,27.0,34.0,0.7941176470588235,7,0,27.0,7.0,Permanent Housing
2025.0,PSH,Homes for Life Foundation,CA0364 Denker House - Supportive Services,Culver City,CA,SPA 5                                             ,5,3,069037,Yes,Current,,,0.0,0.0,22.0,0.0,0.0,0.0,0.0,0.0,0.0,0.0,0.0,No,Yes,No,No,No,No,No,No,No,No,No,No,No,No,No,No,No,No,No,No,No,No,No,No,No,Yes,Site-based - clustered / multiple sites,No,No,No,No,No,No,No,No,No,No,No,No,No,No,No,No,No,No,22.0,0.0,,,0.0,20.0,22.0,0.9090909090909092,5,5,20.0,2.0,Permanent Housing
2025.0,PSH,Homes for Life Foundation,CA1048 Vanowen Apartments - Consolidated,Van Nuys,CA,SPA 2                                             ,6,3,062118,Yes,Current,,,0.0,0.0,59.0,0.0,0.0,0.0,0.0,0.0,0.0,59.0,0.0,No,Yes,No,No,No,No,No,No,No,No,No,No,No,No,No,No,No,No,No,No,No,No,No,No,No,Yes,Site-based - single site,No,No,No,No,No,No,No,No,No,No,No,No,No,No,No,No,No,No,59.0,0.0,,,0.0,59.0,59.0,1.0,2,6,59.0,0.0,Permanent Housing
2025.0,PSH,Homes for Life Foundation,CA1218 HACoLA Shelter Plus Care,Los Angeles,CA,SPA 8                                             ,0,2,069037,Yes,Current,,,0.0,0.0,6.0,0.0,0.0,0.0,0.0,0.0,0.0,0.0,0.0,No,No,No,No,No,No,No,No,No,No,No,No,No,No,No,No,No,No,No,No,No,No,No,No,No,No,Tenant-based - scattered site,No,No,No,No,No,No,No,No,No,No,No,No,No,No,No,No,No,No,6.0,0.0,,,0.0,5.0,6.0,0.8333333333333334,8,0,5.0,1.0,Permanent Housing
2025.0,ES,Hope of the Valley Rescue Mission,"A Bridge Home Raymer CD2 ""Entry/Exit",North Hollywood,CA,SPA 2                                             ,2,3,062118,Yes,Current,,,0.0,0.0,85.0,0.0,0.0,0.0,0.0,0.0,0.0,0.0,0.0,No,Yes,No,No,No,No,No,No,No,No,No,No,No,No,No,No,No,No,No,No,No,No,No,No,No,Yes,Site-based - single site,No,No,No,No,No,No,No,No,No,No,No,No,No,No,No,No,No,No,85.0,0.0,,,0.0,82.0,85.0,0.9647058823529412,2,2,82.0,3.0,Shelter
2025.0,ES,Hope of the Valley Rescue Mission,"A Bridge Home Van Nuys CD2 ""Entry/Exit",Van Nuys,CA,SPA 2                                             ,2,3,062118,Yes,Current,,,0.0,0.0,100.0,0.0,0.0,0.0,0.0,0.0,0.0,0.0,0.0,No,Yes,No,No,No,No,No,No,No,No,No,No,No,No,No,No,No,No,No,No,No,No,No,No,No,Yes,Site-based - single site,No,No,No,No,No,No,No,No,No,No,No,No,No,No,No,No,No,No,100.0,0.0,,,0.0,99.0,100.0,0.99,2,2,99.0,1.0,Shelter
2025.0,ES,Hope of the Valley Rescue Mission,"B7 Bridge Housing Program SPA 2 ""Entry/Exit",Pacoima,CA,SPA 2                                             ,7,3,062118,Yes,Current,,,0.0,0.0,28.0,0.0,0.0,0.0,0.0,0.0,0.0,0.0,0.0,No,Yes,No,No,No,No,No,No,No,No,No,No,No,No,No,No,No,No,No,No,No,No,No,No,No,Yes,Site-based - single site,No,No,No,No,No,No,No,No,No,No,No,No,No,No,No,No,No,No,28.0,0.0,,,0.0,25.0,28.0,0.8928571428571429,2,7,25.0,3.0,Shelter
2025.0,ES,Hope of the Valley Rescue Mission,"Bridge Housing City Roadmap Trebek Center CD 12 ""Entry/Exit",Sun Valley,CA,SPA 2                                             ,12,3,062118,Yes,Current,,,0.0,0.0,107.0,0.0,0.0,0.0,0.0,0.0,0.0,0.0,0.0,No,Yes,No,No,No,No,No,No,No,No,No,No,No,No,No,No,No,No,No,No,No,No,No,No,No,Yes,Site-based - single site,No,No,No,No,No,No,No,No,No,No,No,No,No,No,No,No,No,No,107.0,0.0,,,0.0,105.0,107.0,0.9813084112149532,2,12,105.0,2.0,Shelter
2025.0,ES,Hope of the Valley Rescue Mission,"FSC PHK 2.0 Alvarado Hotel SPA 4 ""Entry/Exit",Los Angeles,CA,SPA 4                                             ,1,1,062118,Yes,Current,,,149.0,43.0,0.0,0.0,0.0,0.0,0.0,0.0,0.0,0.0,0.0,No,Yes,No,No,No,No,No,No,No,No,No,No,No,No,No,No,No,No,No,No,No,No,No,No,No,Yes,Site-based - single site,No,No,No,No,No,No,No,No,No,No,No,No,No,No,No,No,No,No,149.0,0.0,,,0.0,149.0,149.0,1.0,4,1,149.0,0.0,Shelter
2025.0,ES,Hope of the Valley Rescue Mission,"FSC PHK 2.0 The Sierras SPA 1 ""Entry/Exit",Lancaster,CA,SPA 1                                             ,0,5,061914,Yes,Current,,,114.0,38.0,0.0,0.0,0.0,0.0,0.0,0.0,0.0,0.0,0.0,No,Yes,No,No,No,No,No,No,No,No,No,No,No,No,No,No,No,No,No,No,No,No,No,No,No,Yes,Site-based - clustered / multiple sites,No,No,No,No,No,No,No,No,No,No,No,No,No,No,No,No,No,No,114.0,0.0,,,0.0,113.0,114.0,0.9912280701754386,1,0,113.0,1.0,Shelter
2025.0,ES,Hope of the Valley Rescue Mission,"FSC PHK 2.0 The Woodlands SPA 2 ""Entry/Exit",Woodland Hills,CA,SPA 2                                             ,3,3,062118,Yes,Current,,,400.0,100.0,0.0,0.0,0.0,0.0,0.0,0.0,0.0,0.0,0.0,No,Yes,No,No,No,No,No,No,No,No,No,No,No,No,No,No,No,No,No,No,No,No,No,No,No,Yes,Site-based - single site,No,No,No,No,No,No,No,No,No,No,No,No,No,No,No,No,No,No,400.0,0.0,,,0.0,336.0,400.0,0.84,2,3,336.0,64.0,Shelter
2025.0,ES,Hope of the Valley Rescue Mission,"House of Hope ""Entry/Exit",Pacoima,CA,SPA 2                                             ,6,3,069037,Yes,Current,,,0.0,0.0,12.0,0.0,0.0,0.0,0.0,0.0,0.0,0.0,0.0,No,Yes,No,No,No,No,No,No,No,No,No,No,No,No,No,No,No,No,No,No,No,No,No,No,No,Yes,Site-based - single site,No,No,No,No,No,No,No,No,No,No,No,No,No,No,No,No,No,No,12.0,0.0,,,0.0,14.0,12.0,1.1666666666666667,2,6,14.0,0.0,Shelter
2025.0,ES,Hope of the Valley Rescue Mission,Inside Safe Hotel/Motel Voucher Program,Canoga Park,CA,SPA 2                                             ,3,3,062118,Yes,Current,,,0.0,0.0,187.0,0.0,0.0,0.0,0.0,0.0,0.0,0.0,0.0,No,Yes,No,No,No,No,No,No,No,No,No,No,No,No,No,No,No,No,No,No,No,No,No,No,No,Yes,Site-based - clustered / multiple sites,No,No,No,No,No,No,No,No,No,No,No,No,No,No,No,No,No,No,187.0,0.0,,,0.0,209.0,187.0,1.1176470588235294,2,3,209.0,0.0,Shelter
2025.0,ES,Hope of the Valley Rescue Mission,Pathway Home,Lancaster,CA,SPA 1                                             ,0,5,062118,Yes,Current,,,0.0,0.0,67.0,0.0,0.0,0.0,0.0,0.0,0.0,0.0,0.0,No,Yes,No,No,No,No,No,No,No,No,No,No,No,No,No,No,No,No,No,No,No,No,No,No,No,Yes,Site-based - clustered / multiple sites,No,No,No,No,No,No,No,No,No,No,No,No,No,No,No,No,No,No,67.0,0.0,,,0.0,82.0,67.0,1.2238805970149254,1,0,82.0,0.0,Shelter
2025.0,ES,Hope of the Valley Rescue Mission,"Tiny Home Village Alexandria Park ""Entry/Exit",North Hollywood,CA,SPA 2                                             ,2,3,062118,Yes,Current,,,0.0,0.0,198.0,0.0,0.0,0.0,0.0,0.0,0.0,0.0,0.0,No,Yes,No,No,No,No,No,No,No,No,No,No,No,No,No,No,No,No,No,No,No,No,No,No,No,Yes,Site-based - single site,No,No,No,No,No,No,No,No,No,No,No,No,No,No,No,No,No,No,198.0,0.0,,,0.0,189.0,198.0,0.9545454545454546,2,2,189.0,9.0,Shelter
2025.0,ES,Hope of the Valley Rescue Mission,"Tiny Home Village Arroyo Seco ""Entry/Exit",Los Angeles,CA,SPA 4                                             ,1,1,062118,Yes,Current,,,0.0,0.0,224.0,0.0,0.0,0.0,0.0,0.0,0.0,0.0,0.0,No,Yes,No,No,No,No,No,No,No,No,No,No,No,No,No,No,No,No,No,No,No,No,No,No,No,Yes,Site-based - single site,No,No,No,No,No,No,No,No,No,No,No,No,No,No,No,No,No,No,224.0,0.0,,,0.0,139.0,224.0,0.6205357142857143,4,1,139.0,85.0,Shelter
2025.0,ES,Hope of the Valley Rescue Mission,"Tiny Home Village Chandler ""Entry/Exit",North Hollywood,CA,SPA 2                                             ,2,5,062118,Yes,Current,,,0.0,0.0,78.0,0.0,0.0,0.0,0.0,0.0,0.0,0.0,0.0,No,Yes,No,No,No,No,No,No,No,No,No,No,No,No,No,No,No,No,No,No,No,No,No,No,No,Yes,Site-based - single site,No,No,No,No,No,No,No,No,No,No,No,No,No,No,No,No,No,No,78.0,0.0,,,0.0,67.0,78.0,0.8589743589743589,2,2,67.0,11.0,Shelter
2025.0,ES,Hope of the Valley Rescue Mission,"Tiny Home Village Echo Park Lake ""Entry/Exit",Los Angeles,CA,SPA 4                                             ,13,1,062118,Yes,Current,,,0.0,0.0,38.0,0.0,0.0,0.0,0.0,0.0,0.0,0.0,0.0,No,Yes,No,No,No,No,No,No,No,No,No,No,No,No,No,No,No,No,No,No,No,No,No,No,No,Yes,Site-based - single site,No,No,No,No,No,No,No,No,No,No,No,No,No,No,No,No,No,No,38.0,0.0,,,0.0,48.0,38.0,1.263157894736842,4,13,48.0,0.0,Shelter
2025.0,ES,Hope of the Valley Rescue Mission,"Tiny Home Village Topham ""Entry/Exit",Tarzana,CA,SPA 2                                             ,3,3,062118,Yes,Current,,,0.0,0.0,148.0,0.0,0.0,0.0,0.0,0.0,0.0,0.0,0.0,No,Yes,No,No,No,No,No,No,No,No,No,No,No,No,No,No,No,No,No,No,No,No,No,No,No,Yes,Site-based - single site,No,No,No,No,No,No,No,No,No,No,No,No,No,No,No,No,No,No,148.0,0.0,,,0.0,91.0,148.0,0.6148648648648649,2,3,91.0,57.0,Shelter
2025.0,ES,Hope of the Valley Rescue Mission,"Tiny Home Village Vanowen ""Entry/Exit",Reseda,CA,SPA 2                                             ,3,3,062118,Yes,Current,,,0.0,0.0,101.0,0.0,0.0,0.0,0.0,0.0,0.0,0.0,0.0,No,Yes,No,No,No,No,No,No,No,No,No,No,No,No,No,No,No,No,No,No,No,No,No,No,No,Yes,Site-based - single site,No,No,No,No,No,No,No,No,No,No,No,No,No,No,No,No,No,No,101.0,0.0,,,0.0,59.0,101.0,0.5841584158415841,2,3,59.0,42.0,Shelter
2025.0,ES,Hope of the Valley Rescue Mission,"Tiny Home Village Whitsett West ""Entry/Exit",North Hollywood,CA,SPA 2                                             ,2,3,062118,Yes,Current,,,0.0,0.0,154.0,0.0,0.0,0.0,0.0,0.0,0.0,0.0,0.0,No,Yes,No,No,No,No,No,No,No,No,No,No,No,No,No,No,No,No,No,No,No,No,No,No,No,Yes,Site-based - single site,No,No,No,No,No,No,No,No,No,No,No,No,No,No,No,No,No,No,154.0,0.0,,,0.0,140.0,154.0,0.9090909090909092,2,2,140.0,14.0,Shelter
2025.0,RRH,Hope of the Valley Rescue Mission,TLS Adult SPA 2,Van Nuys,CA,SPA 2                                             ,6,3,062118,Yes,Current,,,0.0,0.0,92.0,0.0,0.0,0.0,0.0,0.0,0.0,0.0,0.0,No,Yes,No,No,No,No,No,No,No,No,No,No,No,No,No,No,No,No,No,No,No,No,No,No,No,Yes,Tenant-based - scattered site,No,No,No,No,No,No,No,No,No,No,No,No,No,No,No,No,No,No,92.0,0.0,,,0.0,92.0,92.0,1.0,2,6,92.0,0.0,Permanent Housing
2025.0,PSH,Hope Through Housing Foundation,Pomona Veterans Park,Pomona,CA,SPA 3                                             ,0,1,062850,Yes,Current,,,0.0,0.0,30.0,0.0,0.0,0.0,0.0,30.0,0.0,30.0,0.0,No,Yes,Yes,No,No,No,No,No,No,No,No,No,No,No,No,No,No,No,No,No,No,No,No,No,No,Yes,Site-based - single site,No,No,No,No,No,No,No,No,No,No,No,No,No,No,No,No,No,No,30.0,0.0,,,0.0,29.0,30.0,0.9666666666666668,3,0,29.0,1.0,Permanent Housing
2025.0,ES,Horizon Recuperative Care,Vermont Recuperative Care,Los Angeles,CA,SPA 6                                             ,8,2,062118,Yes,Current,,,0.0,0.0,30.0,0.0,0.0,0.0,0.0,0.0,0.0,0.0,0.0,No,No,No,No,No,No,No,No,No,No,No,No,No,No,No,No,No,No,No,No,No,No,No,No,No,No,Site-based - single site,No,No,No,No,No,No,No,No,No,No,No,No,No,No,No,No,No,No,30.0,0.0,,,0.0,30.0,30.0,1.0,6,8,30.0,0.0,Shelter
2025.0,ES,"House Of Hope Foundation, Inc",Recovery Bridge Housing SAPC,San Pedro,CA,SPA 8                                             ,15,4,062118,No,Current,,,0.0,0.0,6.0,0.0,0.0,0.0,0.0,0.0,0.0,0.0,0.0,No,Yes,No,No,No,No,No,No,No,No,No,No,No,No,No,No,No,No,No,No,No,No,No,No,No,Yes,Site-based - single site,No,No,No,No,No,No,No,No,No,No,No,No,No,No,No,No,No,No,6.0,0.0,,,0.0,6.0,6.0,1.0,8,15,6.0,0.0,Shelter
2025.0,ES,"House Of Hope Foundation, Inc",SAPC Interim Housing 9th St,San Pedro,CA,SPA 8                                             ,15,4,062118,No,Current,,,0.0,0.0,3.0,0.0,0.0,0.0,0.0,0.0,0.0,0.0,0.0,No,Yes,No,No,No,No,No,No,No,No,No,No,No,No,No,No,No,No,No,No,No,No,No,No,No,Yes,Site-based - single site,No,No,No,No,No,No,No,No,No,No,No,No,No,No,No,No,No,No,3.0,0.0,,,0.0,3.0,3.0,1.0,8,15,3.0,0.0,Shelter
2025.0,ES,"House Of Hope Foundation, Inc",SAPC Interim Housing Palos Verdes,San Pedro,CA,SPA 8                                             ,15,4,062118,No,Current,,,0.0,0.0,16.0,0.0,0.0,0.0,0.0,0.0,0.0,0.0,0.0,No,Yes,No,No,No,No,No,No,No,No,No,No,No,No,No,No,No,No,No,No,No,No,No,No,No,Yes,Site-based - single site,No,No,No,No,No,No,No,No,No,No,No,No,No,No,No,No,No,No,16.0,0.0,,,0.0,16.0,16.0,1.0,8,15,16.0,0.0,Shelter
2025.0,PSH,Housing Authority of the City of Los Angeles (HACLA),DHS Downtown Womens Center Bonus,Los Angeles,CA,SPA 4                                             ,14,1,062118,Yes,Current,,,0.0,0.0,33.0,0.0,0.0,0.0,0.0,0.0,0.0,0.0,0.0,No,No,No,No,No,No,No,No,No,No,No,No,No,No,No,No,No,No,No,No,No,No,No,No,No,No,Site-based - single site,No,No,No,No,No,No,No,No,No,No,No,No,No,No,No,No,No,No,33.0,0.0,,,0.0,29.0,33.0,0.8787878787878788,4,14,29.0,4.0,Permanent Housing
2025.0,PSH,Housing Authority of the City of Los Angeles (HACLA),DHS Homeless Healthcare LA Bonus,Los Angeles,CA,SPA 4                                             ,13,1,062118,Yes,Current,,,0.0,0.0,31.0,0.0,0.0,0.0,0.0,0.0,0.0,31.0,0.0,No,No,No,No,No,No,No,No,No,No,No,No,No,No,No,No,No,No,No,No,No,No,No,No,No,No,Tenant-based - scattered site,No,No,No,No,No,No,No,No,No,No,No,No,No,No,No,No,No,No,31.0,0.0,,,0.0,27.0,31.0,0.8709677419354839,4,13,27.0,4.0,Permanent Housing
2025.0,PSH,Housing Authority of the City of Los Angeles (HACLA),DHS LA Family Housing Bonus,North Hollywood,CA,SPA 2                                             ,6,3,062118,Yes,Current,,,0.0,0.0,23.0,0.0,0.0,0.0,0.0,0.0,0.0,23.0,0.0,No,No,No,No,No,No,No,No,No,No,No,No,No,No,No,No,No,No,No,No,No,No,No,No,No,No,Tenant-based - scattered site,No,No,No,No,No,No,No,No,No,No,No,No,No,No,No,No,No,No,23.0,0.0,,,0.0,15.0,23.0,0.6521739130434783,2,6,15.0,8.0,Permanent Housing
2025.0,PSH,Housing Authority of the City of Los Angeles (HACLA),DHS LAMP Bonus,Los Angeles,CA,SPA 4                                             ,14,1,062118,Yes,Current,,,0.0,0.0,25.0,0.0,0.0,0.0,0.0,0.0,0.0,25.0,0.0,No,No,No,No,No,No,No,No,No,No,No,No,No,No,No,No,No,No,No,No,No,No,No,No,No,No,Site-based - single site,No,No,No,No,No,No,No,No,No,No,No,No,No,No,No,No,No,No,25.0,0.0,,,0.0,25.0,25.0,1.0,4,14,25.0,0.0,Permanent Housing
2025.0,PSH,Housing Authority of the City of Los Angeles (HACLA),DHS Mental Health America Bonus,Los Angeles,CA,SPA 4                                             ,1,2,062118,Yes,Current,,,0.0,0.0,35.0,0.0,0.0,0.0,0.0,0.0,0.0,35.0,0.0,No,No,No,No,No,No,No,No,No,No,No,No,No,No,No,No,No,No,No,No,No,No,No,No,No,No,Tenant-based - scattered site,No,No,No,No,No,No,No,No,No,No,No,No,No,No,No,No,No,No,35.0,0.0,,,0.0,14.0,35.0,0.4,4,1,14.0,21.0,Permanent Housing
2025.0,PSH,Housing Authority of the City of Los Angeles (HACLA),DHS OPCC Bonus,Los Angeles,CA,SPA 4                                             ,14,1,062118,Yes,Current,,,0.0,0.0,42.0,0.0,0.0,0.0,0.0,0.0,0.0,42.0,0.0,No,No,No,No,No,No,No,No,No,No,No,No,No,No,No,No,No,No,No,No,No,No,No,No,No,No,Tenant-based - scattered site,No,No,No,No,No,No,No,No,No,No,No,No,No,No,No,No,No,No,42.0,0.0,,,0.0,27.0,42.0,0.6428571428571429,4,14,27.0,15.0,Permanent Housing
2025.0,PSH,Housing Authority of the City of Los Angeles (HACLA),DHS PATH Bonus,Los Angeles,CA,SPA 4                                             ,13,1,062118,Yes,Current,,,0.0,0.0,5.0,0.0,0.0,0.0,0.0,0.0,0.0,0.0,0.0,No,No,No,No,No,No,No,No,No,No,No,No,No,No,No,No,No,No,No,No,No,No,No,No,No,No,Tenant-based - scattered site,No,No,No,No,No,No,No,No,No,No,No,No,No,No,No,No,No,No,5.0,0.0,,,0.0,5.0,5.0,1.0,4,13,5.0,0.0,Permanent Housing
2025.0,PSH,Housing Authority of the City of Los Angeles (HACLA),DHS SSG HOPICS Bonus,Los Angeles,CA,SPA 6                                             ,9,2,062118,Yes,Current,,,0.0,0.0,33.0,0.0,0.0,0.0,0.0,0.0,0.0,0.0,0.0,No,No,No,No,No,No,No,No,No,No,No,No,No,No,No,No,No,No,No,No,No,No,No,No,No,No,Tenant-based - scattered site,No,No,No,No,No,No,No,No,No,No,No,No,No,No,No,No,No,No,33.0,0.0,,,0.0,18.0,33.0,0.5454545454545454,6,9,18.0,15.0,Permanent Housing
2025.0,PSH,Housing Authority of the City of Los Angeles (HACLA),DHS St Joseph Bonus,Venice,CA,SPA 5                                             ,11,3,062118,Yes,Current,,,0.0,0.0,34.0,0.0,0.0,0.0,0.0,0.0,0.0,34.0,0.0,No,No,No,No,No,No,No,No,No,No,No,No,No,No,No,No,No,No,No,No,No,No,No,No,No,No,Tenant-based - scattered site,No,No,No,No,No,No,No,No,No,No,No,No,No,No,No,No,No,No,34.0,0.0,,,0.0,25.0,34.0,0.7352941176470589,5,11,25.0,9.0,Permanent Housing
2025.0,PSH,Housing Authority of the City of Los Angeles (HACLA),DHS Step Up on Second Bonus,Santa Monica,CA,SPA 5                                             ,0,3,063384,Yes,Current,,,0.0,0.0,37.0,0.0,0.0,0.0,0.0,0.0,0.0,0.0,0.0,No,No,No,No,No,No,No,No,No,No,No,No,No,No,No,No,No,No,No,No,No,No,No,No,No,No,Tenant-based - scattered site,No,No,No,No,No,No,No,No,No,No,No,No,No,No,No,No,No,No,37.0,0.0,,,0.0,19.0,37.0,0.5135135135135135,5,0,19.0,18.0,Permanent Housing
2025.0,PSH,Housing Authority of the City of Los Angeles (HACLA),DHS The Center In Hollywood Bonus,Los Angeles,CA,SPA 4                                             ,1,1,062118,Yes,Current,,,0.0,0.0,45.0,0.0,0.0,0.0,0.0,0.0,0.0,45.0,0.0,No,No,No,No,No,No,No,No,No,No,No,No,No,No,No,No,No,No,No,No,No,No,No,No,No,No,Tenant-based - scattered site,No,No,No,No,No,No,No,No,No,No,No,No,No,No,No,No,No,No,45.0,0.0,,,0.0,18.0,45.0,0.4,4,1,18.0,27.0,Permanent Housing
2025.0,PSH,Housing Authority of the City of Los Angeles (HACLA),DHS WLCAC Bonus,Los Angeles,CA,SPA 6                                             ,15,2,062118,Yes,Current,,,0.0,0.0,10.0,0.0,0.0,0.0,0.0,0.0,0.0,0.0,0.0,No,No,No,No,No,No,No,No,No,No,No,No,No,No,No,No,No,No,No,No,No,No,No,No,No,No,Site-based - single site,No,No,No,No,No,No,No,No,No,No,No,No,No,No,No,No,No,No,10.0,0.0,,,0.0,2.0,10.0,0.2,6,15,2.0,8.0,Permanent Housing
2025.0,PSH,Housing Authority of the City of Los Angeles (HACLA),DMH Downtown Womens Center Bonus,Los Angeles,CA,SPA 4                                             ,14,1,062118,Yes,Current,,,10.0,2.0,35.0,0.0,0.0,0.0,0.0,0.0,0.0,0.0,0.0,No,No,No,No,No,No,No,No,No,No,No,No,No,No,No,No,No,No,No,No,No,No,No,No,No,No,Site-based - single site,No,No,No,No,No,No,No,No,No,No,No,No,No,No,No,No,No,No,45.0,0.0,,,0.0,32.0,45.0,0.7111111111111111,4,14,32.0,13.0,Permanent Housing
2025.0,PSH,Housing Authority of the City of Los Angeles (HACLA),DMH Exodus Recovery Bonus,Culver City,CA,SPA 5                                             ,5,3,069037,Yes,Current,,,2.0,1.0,12.0,0.0,0.0,0.0,0.0,0.0,0.0,0.0,0.0,No,No,No,No,No,No,No,No,No,No,No,No,No,No,No,No,No,No,No,No,No,No,No,No,No,No,Tenant-based - scattered site,No,No,No,No,No,No,No,No,No,No,No,No,No,No,No,No,No,No,14.0,0.0,,,0.0,17.0,14.0,1.2142857142857142,5,5,17.0,0.0,Permanent Housing
2025.0,PSH,Housing Authority of the City of Los Angeles (HACLA),DMH Heritage Clinic Bonus,Los Angeles,CA,SPA 4                                             ,1,1,062118,Yes,Current,,,0.0,0.0,1.0,0.0,0.0,0.0,0.0,0.0,0.0,0.0,0.0,No,No,No,No,No,No,No,No,No,No,No,No,No,No,No,No,No,No,No,No,No,No,No,No,No,No,Tenant-based - scattered site,No,No,No,No,No,No,No,No,No,No,No,No,No,No,No,No,No,No,1.0,0.0,,,0.0,1.0,1.0,1.0,4,1,1.0,0.0,Permanent Housing
2025.0,PSH,Housing Authority of the City of Los Angeles (HACLA),DMH Homeless Healthcare LA Bonus,Los Angeles,CA,SPA 4                                             ,13,1,062118,Yes,Current,,,4.0,1.0,27.0,0.0,0.0,0.0,0.0,0.0,0.0,0.0,0.0,No,No,No,No,No,No,No,No,No,No,No,No,No,No,No,No,No,No,No,No,No,No,No,No,No,No,Tenant-based - scattered site,Yes,No,No,No,No,No,No,Yes,No,No,No,No,No,No,No,No,No,No,31.0,0.0,,,0.0,42.0,31.0,1.3548387096774193,4,13,42.0,0.0,Permanent Housing
2025.0,PSH,Housing Authority of the City of Los Angeles (HACLA),DMH Housing Works Bonus,Los Angeles,CA,SPA 4                                             ,13,3,062118,Yes,Current,,,0.0,0.0,2.0,0.0,0.0,0.0,0.0,0.0,0.0,0.0,0.0,No,No,No,No,No,No,No,No,No,No,No,No,No,No,No,No,No,No,No,No,No,No,No,No,No,No,Tenant-based - scattered site,No,No,No,No,No,No,No,No,No,No,No,No,No,No,No,No,No,No,2.0,0.0,,,0.0,2.0,2.0,1.0,4,13,2.0,0.0,Permanent Housing
2025.0,PSH,Housing Authority of the City of Los Angeles (HACLA),DMH LA Family Housing Bonus,North Hollywood,CA,SPA 2                                             ,6,3,062118,Yes,Current,,,3.0,1.0,22.0,0.0,0.0,0.0,0.0,0.0,0.0,0.0,0.0,No,No,No,No,No,No,No,No,No,No,No,No,No,No,No,No,No,No,No,No,No,No,No,No,No,No,Tenant-based - scattered site,No,No,No,No,No,No,No,No,No,No,No,No,No,No,No,No,No,No,25.0,0.0,,,0.0,20.0,25.0,0.8,2,6,20.0,5.0,Permanent Housing
2025.0,PSH,Housing Authority of the City of Los Angeles (HACLA),DMH LAMP Bonus,Los Angeles,CA,SPA 4                                             ,14,1,062118,Yes,Current,,,6.0,2.0,18.0,0.0,0.0,0.0,0.0,0.0,0.0,0.0,0.0,No,No,No,No,No,No,No,No,No,No,No,No,No,No,No,No,No,No,No,No,No,No,No,No,No,No,Tenant-based - scattered site,No,No,No,No,No,No,No,No,No,No,No,No,No,No,No,No,No,No,24.0,0.0,,,0.0,23.0,24.0,0.9583333333333334,4,14,23.0,1.0,Permanent Housing
2025.0,PSH,Housing Authority of the City of Los Angeles (HACLA),DMH Mental Health America Bonus,Los Angeles,CA,SPA 4                                             ,1,2,062118,Yes,Current,,,2.0,1.0,14.0,0.0,0.0,0.0,0.0,0.0,0.0,0.0,0.0,No,No,No,No,No,No,No,No,No,No,No,No,No,No,No,No,No,No,No,No,No,No,No,No,No,No,Tenant-based - scattered site,No,No,No,No,No,No,No,No,No,No,No,No,No,No,No,No,No,No,16.0,0.0,,,0.0,13.0,16.0,0.8125,4,1,13.0,3.0,Permanent Housing
2025.0,PSH,Housing Authority of the City of Los Angeles (HACLA),DMH OPCC Bonus,Los Angeles,CA,SPA 4                                             ,14,1,062118,Yes,Current,,,0.0,0.0,22.0,0.0,0.0,0.0,0.0,0.0,0.0,0.0,0.0,No,No,No,No,No,No,No,No,No,No,No,No,No,No,No,No,No,No,No,No,No,No,No,No,No,No,Tenant-based - scattered site,No,No,No,No,No,No,No,No,No,No,No,No,No,No,No,No,No,No,22.0,0.0,,,0.0,26.0,22.0,1.181818181818182,4,14,26.0,0.0,Permanent Housing
2025.0,PSH,Housing Authority of the City of Los Angeles (HACLA),DMH SCHARP Bonus,Lynwood,CA,SPA 6                                             ,0,4,062148,Yes,Current,,,0.0,0.0,19.0,0.0,0.0,0.0,0.0,0.0,0.0,0.0,0.0,No,No,No,No,No,No,No,No,No,No,No,No,No,No,No,No,No,No,No,No,No,No,No,No,No,No,Tenant-based - scattered site,No,No,No,No,No,No,No,No,No,No,No,No,No,No,No,No,No,No,19.0,0.0,,,0.0,14.0,19.0,0.7368421052631579,6,0,14.0,5.0,Permanent Housing
2025.0,PSH,Housing Authority of the City of Los Angeles (HACLA),DMH SSG HOPICS Bonus,Los Angeles,CA,SPA 6                                             ,9,2,062118,Yes,Current,,,18.0,7.0,30.0,0.0,0.0,0.0,0.0,0.0,0.0,0.0,0.0,No,No,No,No,No,No,No,No,No,No,No,No,No,No,No,No,No,No,No,No,No,No,No,No,No,No,Tenant-based - scattered site,No,No,No,No,No,No,No,No,No,No,No,No,No,No,No,No,No,No,48.0,0.0,,,0.0,36.0,48.0,0.75,6,9,36.0,12.0,Permanent Housing
2025.0,PSH,Housing Authority of the City of Los Angeles (HACLA),DMH St Joseph Bonus,Venice,CA,SPA 5                                             ,11,3,062118,Yes,Current,,,0.0,0.0,22.0,7.0,0.0,0.0,0.0,0.0,0.0,0.0,0.0,No,No,No,No,No,No,No,No,No,No,No,No,No,No,No,No,No,No,No,No,No,No,No,No,No,No,Tenant-based - scattered site,No,No,No,No,No,No,No,No,No,No,No,No,No,No,No,No,No,No,29.0,0.0,,,0.0,24.0,29.0,0.8275862068965517,5,11,24.0,5.0,Permanent Housing
2025.0,PSH,Housing Authority of the City of Los Angeles (HACLA),DMH Step Up on Second Bonus,Santa Monica,CA,SPA 5                                             ,0,3,063384,Yes,Current,,,22.0,7.0,46.0,0.0,0.0,0.0,0.0,0.0,0.0,0.0,0.0,No,No,No,No,No,No,No,No,No,No,No,No,No,No,No,No,No,No,No,No,No,No,No,No,No,No,Tenant-based - scattered site,No,No,No,No,No,No,No,No,No,No,No,No,No,No,No,No,No,No,68.0,0.0,,,0.0,73.0,68.0,1.0735294117647058,5,0,73.0,0.0,Permanent Housing
2025.0,PSH,Housing Authority of the City of Los Angeles (HACLA),DMH The Center In Hollywood Bonus,Los Angeles,CA,SPA 4                                             ,1,1,062118,Yes,Current,,,0.0,0.0,15.0,0.0,0.0,0.0,0.0,0.0,0.0,0.0,0.0,No,No,No,No,No,No,No,No,No,No,No,No,No,No,No,No,No,No,No,No,No,No,No,No,No,No,Tenant-based - scattered site,Yes,No,No,No,No,No,No,Yes,No,No,No,No,No,No,No,No,No,No,15.0,0.0,,,0.0,12.0,15.0,0.8,4,1,12.0,3.0,Permanent Housing
2025.0,PSH,Housing Authority of the City of Los Angeles (HACLA),DMH The Good Seed Bonus,Los Angeles,CA,SPA 6                                             ,10,2,062118,Yes,Current,,,4.0,1.0,10.0,0.0,0.0,0.0,0.0,0.0,0.0,0.0,0.0,No,No,No,No,No,No,No,No,No,No,No,No,No,No,No,No,No,No,No,No,No,No,No,No,No,No,Tenant-based - scattered site,Yes,No,No,No,No,No,No,Yes,No,No,No,No,No,No,No,No,No,No,14.0,0.0,,,0.0,8.0,14.0,0.5714285714285714,6,10,8.0,6.0,Permanent Housing
2025.0,PSH,Housing Authority of the City of Los Angeles (HACLA),DMH Union Station Bonus,Los Angeles,CA,SPA 4                                             ,1,2,062118,Yes,Current,,,0.0,0.0,2.0,0.0,0.0,0.0,0.0,0.0,0.0,0.0,0.0,No,No,No,No,No,No,No,No,No,No,No,No,No,No,No,No,No,No,No,No,No,No,No,No,No,No,Tenant-based - scattered site,No,No,No,No,No,No,No,No,No,No,No,No,No,No,No,No,No,No,2.0,0.0,,,0.0,1.0,2.0,0.5,4,1,1.0,1.0,Permanent Housing
2025.0,PSH,Housing Works,CA0860 City of West Hollywood,West Hollywood,CA,SPA 4                                             ,0,3,069037,Yes,Current,,,0.0,0.0,20.0,0.0,0.0,0.0,0.0,0.0,0.0,20.0,0.0,No,No,No,No,No,No,No,No,No,No,No,No,No,No,No,No,No,No,No,No,No,No,No,No,No,No,Site-based - single site,No,No,No,No,No,No,No,No,No,No,No,No,No,No,No,No,No,No,20.0,0.0,,,0.0,19.0,20.0,0.95,4,0,19.0,1.0,Permanent Housing
2025.0,PSH,Housing Works,CA0994 Housing Works Home First,Los Angeles,CA,SPA 4                                             ,0,5,062118,Yes,Current,,,0.0,0.0,59.0,0.0,0.0,0.0,0.0,0.0,0.0,59.0,0.0,No,Yes,No,No,No,No,No,No,No,No,No,No,No,No,No,No,No,No,No,No,No,No,No,No,No,Yes,Tenant-based - scattered site,No,No,No,No,No,No,No,No,No,No,No,No,No,No,No,No,No,No,59.0,0.0,,,0.0,55.0,59.0,0.9322033898305084,4,0,55.0,4.0,Permanent Housing
2025.0,PSH,Housing Works,HW Gramercy Sr. (H4HC),Los Angeles,CA,SPA 4                                             ,10,2,062118,Yes,Current,,,0.0,0.0,9.0,0.0,0.0,0.0,0.0,0.0,0.0,0.0,0.0,No,Yes,No,No,No,No,No,No,No,No,No,No,No,No,No,No,No,No,No,No,No,No,No,No,No,Yes,Site-based - single site,No,No,No,No,No,No,No,No,No,No,No,No,No,No,No,No,No,No,9.0,0.0,,,0.0,10.0,9.0,1.1111111111111112,4,10,10.0,0.0,Permanent Housing
2025.0,PSH,Housing Works,HW Gramercy Sr. DMH (H4HC),Los Angeles,CA,SPA 4                                             ,10,2,062118,Yes,Current,,,0.0,0.0,8.0,0.0,0.0,0.0,0.0,0.0,0.0,0.0,0.0,No,Yes,No,No,No,No,No,No,No,No,No,No,No,No,No,No,No,No,No,No,No,No,No,No,No,Yes,Site-based - single site,No,No,No,No,No,No,No,No,No,No,No,No,No,No,No,No,No,No,8.0,0.0,,,0.0,10.0,8.0,1.25,4,10,10.0,0.0,Permanent Housing
2025.0,PSH,Housing Works,HW Gramercy Sr. TBV Unsubsidized (D7),Los Angeles,CA,SPA 4                                             ,10,2,062118,Yes,Current,,,0.0,0.0,13.0,0.0,0.0,0.0,0.0,0.0,0.0,0.0,0.0,No,Yes,No,No,No,No,No,No,No,No,No,No,No,No,No,No,No,No,No,No,No,No,No,No,No,Yes,Site-based - single site,No,No,No,No,No,No,No,No,No,No,No,No,No,No,No,No,No,No,13.0,0.0,,,0.0,14.0,13.0,1.0769230769230769,4,10,14.0,0.0,Permanent Housing
2025.0,PSH,Housing Works,HW Palm Vista DMH (D7),Winnetka,CA,SPA 2                                             ,3,3,062118,Yes,Current,,,0.0,0.0,28.0,0.0,0.0,0.0,0.0,0.0,0.0,0.0,0.0,No,Yes,No,No,No,No,No,No,No,No,No,No,No,No,No,No,No,No,No,No,No,No,No,No,No,Yes,Site-based - single site,No,No,No,No,No,No,No,No,No,No,No,No,No,No,No,No,No,No,28.0,0.0,,,0.0,28.0,28.0,1.0,2,3,28.0,0.0,Permanent Housing
2025.0,PSH,Housing Works,HW T. Bailey Manor (D7),Los Angeles,CA,SPA 4                                             ,1,1,062118,Yes,Current,,,0.0,0.0,10.0,0.0,0.0,0.0,0.0,0.0,0.0,0.0,0.0,No,Yes,No,No,No,No,No,No,No,No,No,No,No,No,No,No,No,No,No,No,No,No,No,No,No,Yes,Site-based - single site,No,No,No,No,No,No,No,No,No,No,No,No,No,No,No,No,No,No,10.0,0.0,,,0.0,11.0,10.0,1.1,4,1,11.0,0.0,Permanent Housing
2025.0,RRH,Illumination Foundation,CDC Bringing Families Home SPA 7,Santa Fe Springs,CA,SPA 7                                             ,0,4,069037,Yes,Current,,,19.0,6.0,0.0,0.0,0.0,0.0,0.0,0.0,0.0,0.0,0.0,No,Yes,No,No,No,No,No,No,No,No,No,No,No,No,No,No,No,No,No,No,No,No,No,No,No,Yes,Tenant-based - scattered site,No,No,No,No,No,No,No,No,No,No,No,No,No,No,No,No,No,No,19.0,0.0,,,0.0,19.0,19.0,1.0,7,0,19.0,0.0,Permanent Housing
2025.0,ES,Illumination Foundation,DHS Interim Housing Whittier,Whittier,CA,SPA 7                                             ,0,4,064074,Yes,Current,,,0.0,0.0,139.0,0.0,0.0,0.0,0.0,0.0,0.0,0.0,0.0,No,Yes,No,No,No,No,No,No,No,No,No,No,No,No,No,No,No,No,No,No,No,No,No,No,No,Yes,Site-based - single site,No,No,No,No,No,No,No,No,No,No,No,No,No,No,No,No,No,No,139.0,0.0,,,0.0,76.0,139.0,0.5467625899280576,7,0,76.0,63.0,Shelter
2025.0,PSH,Illumination Foundation,IF Scattered 1 (D7),Los Angeles,CA,SPA 4                                             ,14,1,062118,Yes,Current,,,0.0,0.0,14.0,0.0,0.0,0.0,0.0,0.0,0.0,0.0,0.0,No,No,No,No,No,No,No,No,No,No,No,No,No,No,No,No,No,No,No,No,No,No,No,No,No,No,Tenant-based - scattered site,No,No,No,No,No,No,No,No,No,No,No,No,No,No,No,No,No,No,14.0,0.0,,,0.0,14.0,14.0,1.0,4,14,14.0,0.0,Permanent Housing
2025.0,RRH,Illumination Foundation,TLS Adult SPA 4,Los Angeles,CA,SPA 4                                             ,1,1,062118,Yes,Current,,,0.0,0.0,24.0,0.0,0.0,0.0,0.0,0.0,0.0,0.0,0.0,No,Yes,No,No,No,No,No,No,No,No,No,No,No,No,No,No,No,No,No,No,No,No,No,No,No,Yes,Tenant-based - scattered site,No,No,No,No,No,No,No,No,No,No,No,No,No,No,No,No,No,No,24.0,0.0,,,0.0,24.0,24.0,1.0,4,1,24.0,0.0,Permanent Housing
2025.0,RRH,Integrated Recovery Network,RRH HJC SPA 4,Los Angeles,CA,SPA 4                                             ,1,1,062118,Yes,Current,,,0.0,0.0,14.0,0.0,0.0,0.0,0.0,0.0,0.0,0.0,0.0,No,Yes,No,No,No,No,No,No,No,No,No,No,No,No,No,No,No,No,No,No,No,No,No,No,No,Yes,Tenant-based - scattered site,No,No,No,No,No,No,No,No,No,No,No,No,No,No,No,No,No,No,14.0,0.0,,,0.0,14.0,14.0,1.0,4,1,14.0,0.0,Permanent Housing
2025.0,PSH,Jenesse Center Inc.,Jenesse Solaris Apts. DHS/DMH (D7),Los Angeles,CA,SPA 4                                             ,10,2,062118,Yes,Current,,,0.0,0.0,42.0,0.0,0.0,0.0,0.0,0.0,0.0,0.0,0.0,No,Yes,No,No,No,No,No,No,No,No,No,No,No,No,No,No,No,No,No,No,No,No,No,No,No,Yes,Site-based - single site,No,No,No,No,No,No,No,No,No,No,No,No,No,No,No,No,No,No,42.0,0.0,,,0.0,24.0,42.0,0.5714285714285714,4,10,24.0,18.0,Permanent Housing
2025.0,ES,Jewish Family Services of Los Angeles,CES Home Safe Motel Vouchers SPA 4,Los Angeles,CA,SPA 4                                             ,10,2,062118,Yes,Current,,,0.0,0.0,1.0,0.0,0.0,0.0,0.0,0.0,0.0,0.0,0.0,No,Yes,No,No,No,No,No,No,No,No,No,No,No,No,No,No,No,No,No,No,No,No,No,No,No,Yes,Tenant-based - scattered site,No,No,No,No,No,No,No,No,No,No,No,No,No,No,No,No,No,No,1.0,0.0,,,0.0,1.0,1.0,1.0,4,10,1.0,0.0,Shelter
2025.0,ES,"Jovenes, Inc.",Bridge Housing Cerritos,Norwalk,CA,SPA 7                                             ,0,4,062490,Yes,Current,,,0.0,0.0,16.0,0.0,0.0,0.0,0.0,0.0,0.0,0.0,0.0,No,Yes,No,No,No,No,No,No,No,No,No,No,No,No,No,No,No,No,No,No,No,No,No,No,No,Yes,Site-based - clustered / multiple sites,No,No,No,No,No,No,No,No,No,No,No,No,No,No,No,No,No,No,16.0,0.0,,,0.0,10.0,16.0,0.625,7,0,10.0,6.0,Shelter
2025.0,ES,"Jovenes, Inc.",Bridge Housing CPP,Pomona,CA,SPA 3                                             ,0,1,062850,Yes,Current,,,0.0,0.0,14.0,0.0,0.0,0.0,0.0,0.0,0.0,0.0,0.0,No,Yes,No,No,No,No,No,No,No,No,No,No,No,No,No,No,No,No,No,No,No,No,No,No,No,Yes,Site-based - clustered / multiple sites,No,No,No,No,No,No,No,No,No,No,No,No,No,No,No,No,No,No,14.0,0.0,,,0.0,13.0,14.0,0.9285714285714286,3,0,13.0,1.0,Shelter
2025.0,ES,"Jovenes, Inc.",Bridge Housing CSUN,Northridge,CA,SPA 2                                             ,12,3,062118,Yes,Current,,,0.0,0.0,16.0,0.0,0.0,0.0,0.0,0.0,0.0,0.0,0.0,No,Yes,No,No,No,No,No,No,No,No,No,No,No,No,No,No,No,No,No,No,No,No,No,No,No,Yes,Site-based - clustered / multiple sites,No,No,No,No,No,No,No,No,No,No,No,No,No,No,No,No,No,No,16.0,0.0,,,0.0,12.0,16.0,0.75,2,12,12.0,4.0,Shelter
2025.0,ES,"Jovenes, Inc.",Bridge Housing LACCD,Los Angeles,CA,SPA 4                                             ,0,1,062118,Yes,Current,,,0.0,0.0,18.0,0.0,0.0,0.0,0.0,0.0,0.0,0.0,0.0,No,Yes,No,No,No,No,No,No,No,No,No,No,No,No,No,No,No,No,No,No,No,No,No,No,No,Yes,Site-based - clustered / multiple sites,No,No,No,No,No,No,No,No,No,No,No,No,No,No,No,No,No,No,18.0,0.0,,,0.0,16.0,18.0,0.8888888888888888,4,0,16.0,2.0,Shelter
2025.0,ES,"Jovenes, Inc.",Bridge Housing LASC,Los Angeles,CA,SPA 6                                             ,8,2,062118,Yes,Current,,,0.0,0.0,10.0,0.0,0.0,0.0,0.0,0.0,0.0,0.0,0.0,No,Yes,No,No,No,No,No,No,No,No,No,No,No,No,No,No,No,No,No,No,No,No,No,No,No,Yes,Site-based - clustered / multiple sites,No,No,No,No,No,No,No,No,No,No,No,No,No,No,No,No,No,No,10.0,0.0,,,0.0,9.0,10.0,0.9,6,8,9.0,1.0,Shelter
2025.0,ES,"Jovenes, Inc.",Bridge Housing Mt. SAC,West Covina,CA,SPA 3                                             ,0,1,064002,Yes,Current,,,2.0,1.0,6.0,0.0,0.0,0.0,0.0,0.0,0.0,0.0,0.0,No,Yes,No,No,No,No,No,No,No,No,No,No,No,No,No,No,No,No,No,No,No,No,No,No,No,Yes,Site-based - clustered / multiple sites,No,No,No,No,No,No,No,No,No,No,No,No,No,No,No,No,No,No,8.0,0.0,,,0.0,12.0,8.0,1.5,3,0,12.0,0.0,Shelter
2025.0,RRH,"Jovenes, Inc.",Cerritos Rapid Re-Housing,Norwalk,CA,SPA 7                                             ,0,4,062490,Yes,Current,,,0.0,0.0,9.0,0.0,0.0,0.0,0.0,0.0,0.0,0.0,0.0,No,Yes,No,No,No,No,No,No,No,No,No,No,No,No,No,No,No,No,No,No,No,No,No,No,No,Yes,Tenant-based - scattered site,No,No,No,No,No,No,No,No,No,No,No,No,No,No,No,No,No,No,9.0,0.0,,,0.0,9.0,9.0,1.0,7,0,9.0,0.0,Permanent Housing
2025.0,ES,"Jovenes, Inc.","CES Bridge Housing Cerritos College Success Initiative ""Entry/Exit",Norwalk,CA,SPA 7                                             ,0,4,062490,Yes,Current,,,0.0,0.0,12.0,0.0,0.0,0.0,0.0,0.0,12.0,0.0,0.0,No,Yes,No,No,No,No,No,No,No,No,No,No,No,No,No,No,No,No,No,No,No,No,No,No,No,Yes,Site-based - single site,No,No,No,No,No,No,No,No,No,No,No,No,No,No,No,No,No,No,12.0,0.0,,,0.0,9.0,12.0,0.75,7,0,9.0,3.0,Shelter
2025.0,ES,"Jovenes, Inc.","CES Bridge Housing Program La Posada Youth ""Entry/Exit",Los Angeles,CA,SPA 4                                             ,14,1,062118,Yes,Current,,,0.0,0.0,4.0,0.0,0.0,0.0,0.0,0.0,4.0,0.0,0.0,No,Yes,No,No,No,No,No,No,No,No,No,No,No,No,No,No,No,No,No,No,No,No,No,No,No,Yes,Site-based - single site,No,No,No,No,No,No,No,No,No,No,No,No,No,No,No,No,No,No,4.0,0.0,,,0.0,4.0,4.0,1.0,4,14,4.0,0.0,Shelter
2025.0,ES,"Jovenes, Inc.","CES Crisis Housing Program La Posada Youth ""Entry/Exit",Los Angeles,CA,SPA 4                                             ,14,1,062118,Yes,Current,,,0.0,0.0,8.0,0.0,0.0,0.0,0.0,0.0,8.0,0.0,0.0,No,Yes,No,No,No,No,No,No,No,No,No,No,No,No,No,No,No,No,No,No,No,No,No,No,No,Yes,Site-based - single site,No,No,No,No,No,No,No,No,No,No,No,No,No,No,No,No,No,No,8.0,0.0,,,0.0,9.0,8.0,1.125,4,14,9.0,0.0,Shelter
2025.0,TH,"Jovenes, Inc.",CES Transitional Housing Youth SPA 4 (New),Los Angeles,CA,SPA 4                                             ,1,1,062118,Yes,Current,,,0.0,0.0,23.0,0.0,0.0,0.0,0.0,0.0,23.0,0.0,0.0,No,Yes,No,No,No,No,No,No,No,No,No,No,No,No,No,No,No,No,No,No,No,No,No,No,No,Yes,Tenant-based - scattered site,No,No,No,No,No,No,No,No,No,No,No,No,No,No,No,No,No,No,23.0,0.0,,,0.0,21.0,23.0,0.9130434782608696,4,1,21.0,2.0,Shelter
2025.0,TH,"Jovenes, Inc.",CES Transitional Housing Youth SPA 7 (New),Bellflower,CA,SPA 7                                             ,0,4,060288,Yes,Current,,,0.0,0.0,23.0,0.0,0.0,0.0,0.0,0.0,23.0,0.0,0.0,No,Yes,No,No,No,No,No,No,No,No,No,No,No,No,No,No,No,No,No,No,No,No,No,No,No,Yes,Site-based - single site,No,No,No,No,No,No,No,No,No,No,No,No,No,No,No,No,No,No,23.0,0.0,,,0.0,21.0,23.0,0.9130434782608696,7,0,21.0,2.0,Shelter
2025.0,RRH,"Jovenes, Inc.",CPP Rapid Re-Housing,Pomona,CA,SPA 3                                             ,0,1,062850,Yes,Current,,,0.0,0.0,2.0,0.0,0.0,0.0,0.0,0.0,0.0,0.0,0.0,No,Yes,No,No,No,No,No,No,No,No,No,No,No,No,No,No,No,No,No,No,No,No,No,No,No,Yes,Tenant-based - scattered site,No,No,No,No,No,No,No,No,No,No,No,No,No,No,No,No,No,No,2.0,0.0,,,0.0,2.0,2.0,1.0,3,0,2.0,0.0,Permanent Housing
2025.0,RRH,"Jovenes, Inc.",CSUN Rapid Re-Housing,Northridge,CA,SPA 2                                             ,12,3,062118,Yes,Current,,,0.0,0.0,6.0,0.0,0.0,0.0,0.0,0.0,0.0,0.0,0.0,No,Yes,No,No,No,No,No,No,No,No,No,No,No,No,No,No,No,No,No,No,No,No,No,No,No,Yes,Tenant-based - scattered site,No,No,No,No,No,No,No,No,No,No,No,No,No,No,No,No,No,No,6.0,0.0,,,0.0,6.0,6.0,1.0,2,12,6.0,0.0,Permanent Housing
2025.0,TH,"Jovenes, Inc.",Host Homes Transitional Housing,Norwalk,CA,SPA 7                                             ,0,4,062490,Yes,Current,,,0.0,0.0,15.0,0.0,0.0,0.0,0.0,0.0,15.0,0.0,0.0,No,Yes,No,No,No,No,No,No,No,No,No,No,No,No,No,No,No,No,No,No,No,No,No,No,No,Yes,Tenant-based - scattered site,No,No,No,No,No,No,No,No,No,No,No,No,No,No,No,No,No,No,15.0,0.0,,,0.0,2.0,15.0,0.1333333333333333,7,0,2.0,13.0,Shelter
2025.0,PSH,"Jovenes, Inc.",Jovenes The Nook Apartments DMH TAY (D7),Whittier,CA,SPA 7                                             ,0,4,064074,Yes,Current,,,0.0,0.0,26.0,0.0,0.0,0.0,0.0,0.0,26.0,0.0,0.0,No,Yes,No,No,No,No,No,No,No,No,No,No,No,No,No,No,No,No,No,No,No,No,No,No,No,Yes,Site-based - single site,No,No,No,No,No,No,No,No,No,No,No,No,No,No,No,No,No,No,26.0,0.0,,,0.0,26.0,26.0,1.0,7,0,26.0,0.0,Permanent Housing
2025.0,RRH,"Jovenes, Inc.",LASC Rapid Re-Housing,Los Angeles,CA,SPA 6                                             ,8,2,062118,Yes,Current,,,0.0,0.0,7.0,0.0,0.0,0.0,0.0,0.0,0.0,0.0,0.0,No,Yes,No,No,No,No,No,No,No,No,No,No,No,No,No,No,No,No,No,No,No,No,No,No,No,Yes,Tenant-based - scattered site,No,No,No,No,No,No,No,No,No,No,No,No,No,No,No,No,No,No,7.0,0.0,,,0.0,7.0,7.0,1.0,6,8,7.0,0.0,Permanent Housing
2025.0,ES,"Jovenes, Inc.","Los Padrinos Emergency Shelter Women TAY ""Entry/Exit",Los Angeles,CA,SPA 4                                             ,0,1,062118,Yes,Current,,,0.0,0.0,20.0,0.0,0.0,0.0,0.0,0.0,20.0,0.0,0.0,No,Yes,No,No,No,No,No,No,No,No,No,No,No,No,No,No,No,No,No,No,No,No,No,No,No,Yes,Site-based - single site,No,No,No,No,No,No,No,No,No,No,No,No,No,No,No,No,No,No,20.0,0.0,,,0.0,8.0,20.0,0.4,4,0,8.0,12.0,Shelter
2025.0,RRH,"Jovenes, Inc.",Mt SAC Rapid Re-Housing,West Covina,CA,SPA 3                                             ,0,1,064002,Yes,Current,,,0.0,0.0,2.0,0.0,0.0,0.0,0.0,0.0,0.0,0.0,0.0,No,Yes,No,No,No,No,No,No,No,No,No,No,No,No,No,No,No,No,No,No,No,No,No,No,No,Yes,Tenant-based - scattered site,No,No,No,No,No,No,No,No,No,No,No,No,No,No,No,No,No,No,2.0,0.0,,,0.0,2.0,2.0,1.0,3,0,2.0,0.0,Permanent Housing
2025.0,PSH,"Jovenes, Inc.",PBV Cielito Lindo II,Los Angeles,CA,SPA 4                                             ,14,1,062118,No,Current,,,7.0,2.0,13.0,0.0,0.0,0.0,0.0,0.0,0.0,0.0,0.0,No,No,No,No,No,No,No,No,No,No,No,No,No,No,No,No,No,No,No,No,No,No,No,No,No,No,Site-based - single site,No,No,No,No,No,No,No,No,No,No,No,No,No,No,No,No,No,No,20.0,0.0,,,0.0,13.0,20.0,0.65,4,14,13.0,7.0,Permanent Housing
2025.0,PSH,"Jovenes, Inc.",Progress Place Apartments,Los Angeles,CA,SPA 4                                             ,14,1,062118,No,Current,,,0.0,0.0,12.0,0.0,0.0,0.0,0.0,0.0,12.0,0.0,0.0,No,No,No,No,No,No,No,No,No,No,No,No,No,No,No,No,No,No,No,No,No,No,No,No,No,No,Site-based - single site,No,No,No,No,No,No,No,No,No,No,No,No,No,No,No,No,No,No,12.0,0.0,,,0.0,12.0,12.0,1.0,4,14,12.0,0.0,Permanent Housing
2025.0,RRH,"Jovenes, Inc.",TLS Youth SPA 4,Los Angeles,CA,SPA 4                                             ,14,1,062118,Yes,Current,,,0.0,0.0,14.0,0.0,0.0,0.0,0.0,0.0,14.0,0.0,0.0,No,Yes,No,No,No,No,No,No,No,No,No,No,No,No,No,No,No,No,No,No,No,No,No,No,No,Yes,Tenant-based - scattered site,No,No,No,No,No,No,No,No,No,No,No,No,No,No,No,No,No,No,14.0,0.0,,,0.0,14.0,14.0,1.0,4,14,14.0,0.0,Permanent Housing
2025.0,RRH,"Jovenes, Inc.",TLS Youth SPA 7,Norwalk,CA,SPA 7                                             ,0,4,062490,Yes,Current,,,0.0,0.0,15.0,0.0,0.0,0.0,0.0,0.0,15.0,0.0,0.0,No,Yes,No,No,No,No,No,No,No,No,No,No,No,No,No,No,No,No,No,No,No,No,No,No,No,Yes,Tenant-based - scattered site,No,No,No,No,No,No,No,No,No,No,No,No,No,No,No,No,No,No,15.0,0.0,,,0.0,15.0,15.0,1.0,7,0,15.0,0.0,Permanent Housing
2025.0,RRH,"Jovenes, Inc.",YHDP TLS,Norwalk,CA,SPA 7                                             ,0,4,062490,Yes,Current,,,0.0,0.0,17.0,0.0,0.0,0.0,0.0,0.0,0.0,0.0,0.0,No,Yes,No,No,No,No,No,No,No,No,No,No,No,No,No,No,No,No,No,No,No,No,No,No,No,Yes,Tenant-based - scattered site,Yes,No,No,No,No,No,No,No,No,No,No,No,No,No,Yes,No,No,No,17.0,0.0,,,0.0,17.0,17.0,1.0,7,0,17.0,0.0,Permanent Housing
2025.0,TH,Just Us 4 Youth,YHDP TH-Joint Component,Pomona,CA,SPA 3                                             ,0,1,062850,Yes,Current,,,0.0,0.0,14.0,0.0,0.0,0.0,0.0,0.0,14.0,0.0,0.0,No,Yes,No,No,No,No,No,No,No,No,No,No,No,No,No,No,No,No,No,No,No,No,No,No,No,Yes,Site-based - single site,Yes,No,No,No,No,No,No,No,No,No,Yes,No,No,No,Yes,No,No,No,14.0,0.0,,,0.0,9.0,14.0,0.6428571428571429,3,0,9.0,5.0,Shelter
2025.0,RRH,JVS SoCal,SSVF RRH,South El Monte,CA,SPA 7                                             ,0,1,061152,Yes,Current,,,65.0,16.0,64.0,0.0,65.0,0.0,0.0,64.0,0.0,0.0,0.0,No,Yes,No,Yes,No,No,No,No,No,No,No,No,No,No,No,No,No,No,No,No,No,No,No,No,No,No,Tenant-based - scattered site,No,No,No,No,No,No,No,No,No,No,No,No,No,No,No,No,No,No,129.0,0.0,,,0.0,129.0,129.0,1.0,7,0,129.0,0.0,Permanent Housing
2025.0,ES,"JWCH Institute, Inc.","Bridge Housing Roadmap New Beginnings/Cypress Park  ""Entry/Exit",Los Angeles,CA,SPA 4                                             ,1,1,062118,Yes,Current,,,0.0,0.0,95.0,0.0,0.0,0.0,0.0,0.0,0.0,0.0,0.0,No,Yes,No,No,No,No,No,No,No,No,No,No,No,No,No,No,No,No,No,No,No,No,No,No,No,Yes,Site-based - single site,No,No,No,No,No,No,No,No,No,No,No,No,No,No,No,No,No,No,95.0,0.0,,,0.0,92.0,95.0,0.968421052631579,4,1,92.0,3.0,Shelter
2025.0,ES,"JWCH Institute, Inc.","Cecil Safe Landing ""Entry/Exit",Los Angeles,CA,SPA 4                                             ,14,1,062118,Yes,Current,,,0.0,0.0,25.0,0.0,0.0,0.0,0.0,0.0,0.0,0.0,0.0,No,Yes,No,No,No,No,No,No,No,No,No,No,No,No,No,No,No,No,No,No,No,No,No,No,No,Yes,Site-based - single site,No,No,No,No,No,No,No,No,No,No,No,No,No,No,No,No,No,No,25.0,0.0,,,0.0,25.0,25.0,1.0,4,14,25.0,0.0,Shelter
2025.0,ES,"JWCH Institute, Inc.",DHS Interim Housing MLK,Los Angeles,CA,SPA 6                                             ,0,2,062118,No,Current,,,0.0,0.0,100.0,0.0,0.0,0.0,0.0,0.0,0.0,0.0,0.0,No,Yes,No,No,No,No,No,No,No,No,No,No,No,No,No,No,No,No,No,No,No,No,No,No,No,Yes,Site-based - single site,No,No,No,No,No,No,No,No,No,No,No,No,No,No,No,No,No,No,100.0,0.0,,,0.0,87.0,100.0,0.87,6,0,87.0,13.0,Shelter
2025.0,ES,"JWCH Institute, Inc.",DHS Interim Housing San Pedro,Los Angeles,CA,SPA 4                                             ,14,1,062118,No,Current,,,0.0,0.0,50.0,0.0,0.0,0.0,0.0,0.0,0.0,0.0,0.0,No,Yes,No,No,No,No,No,No,No,No,No,No,No,No,No,No,No,No,No,No,No,No,No,No,No,Yes,Site-based - single site,No,No,No,No,No,No,No,No,No,No,No,No,No,No,No,No,No,No,50.0,0.0,,,0.0,50.0,50.0,1.0,4,14,50.0,0.0,Shelter
2025.0,ES,"JWCH Institute, Inc.",JWCH Enhanced Services Program PRC,Los Angeles,CA,SPA 4                                             ,14,1,062118,Yes,Current,,,0.0,0.0,50.0,0.0,0.0,0.0,0.0,0.0,0.0,0.0,0.0,No,Yes,No,No,No,No,No,No,No,No,No,No,No,No,No,No,No,No,No,No,No,No,No,No,No,Yes,Site-based - single site,No,No,No,No,No,No,No,No,No,No,No,No,No,No,No,No,No,No,50.0,0.0,,,0.0,35.0,50.0,0.7,4,14,35.0,15.0,Shelter
2025.0,ES,"JWCH Institute, Inc.",San Julian Oasis Recuperative Care Program,Los Angeles,CA,SPA 4                                             ,14,1,062118,Yes,Current,,,0.0,0.0,40.0,0.0,0.0,0.0,0.0,0.0,0.0,0.0,0.0,No,Yes,No,No,No,No,No,No,No,No,No,No,No,No,No,No,No,No,No,No,No,No,No,No,No,Yes,Site-based - single site,No,No,No,No,No,No,No,No,No,No,No,No,No,No,No,No,No,No,40.0,0.0,,,0.0,33.0,40.0,0.825,4,14,33.0,7.0,Shelter
2025.0,PSH,Kingdom Service Provider LLC,Danny's Home for Heroes,Quartz Hills,CA,SPA 1                                             ,0,5,069037,Yes,Current,,,0.0,0.0,35.0,0.0,0.0,0.0,0.0,35.0,0.0,0.0,0.0,No,Yes,No,No,No,No,No,No,No,No,No,No,No,No,No,No,No,No,No,No,No,No,No,No,No,Yes,Site-based - single site,No,No,No,No,No,No,No,No,No,No,No,No,No,No,No,No,No,No,35.0,0.0,,,0.0,24.0,35.0,0.6857142857142857,1,0,24.0,11.0,Permanent Housing
2025.0,RRH,"Korean Youth and Community Center, Inc.",City Recovery Re-Housing SPA 6,Los Angeles,CA,SPA 6                                             ,10,2,062118,Yes,Current,,,0.0,0.0,1.0,0.0,0.0,0.0,0.0,0.0,0.0,0.0,0.0,No,Yes,No,No,No,No,No,No,No,No,No,No,No,No,No,No,No,No,No,No,No,No,No,No,No,Yes,Tenant-based - scattered site,No,No,No,No,No,No,No,No,No,No,No,No,No,No,No,No,No,No,1.0,0.0,,,0.0,1.0,1.0,1.0,6,10,1.0,0.0,Permanent Housing
2025.0,PSH,"Korean Youth and Community Center, Inc.",KYCC Ambrose Sr. DMH (D7),Los Angeles,CA,SPA 4                                             ,13,1,062118,Yes,Current,,,0.0,0.0,31.0,0.0,0.0,0.0,0.0,0.0,0.0,0.0,0.0,No,Yes,No,No,No,No,No,No,No,No,No,No,No,No,No,No,No,No,No,No,No,No,No,No,No,Yes,Site-based - single site,No,No,No,No,No,No,No,No,No,No,No,No,No,No,No,No,No,No,31.0,0.0,,,0.0,29.0,31.0,0.935483870967742,4,13,29.0,2.0,Permanent Housing
2025.0,PSH,"Korean Youth and Community Center, Inc.",KYCC Serenity Sr. DMH (D7),Los Angeles,CA,SPA 6                                             ,10,2,062118,Yes,Current,,,0.0,0.0,54.0,0.0,0.0,0.0,0.0,0.0,0.0,0.0,0.0,No,Yes,No,No,No,No,No,No,No,No,No,No,No,No,No,No,No,No,No,No,No,No,No,No,No,Yes,Site-based - single site,No,No,No,No,No,No,No,No,No,No,No,No,No,No,No,No,No,No,54.0,0.0,,,0.0,49.0,54.0,0.9074074074074074,6,10,49.0,5.0,Permanent Housing
2025.0,RRH,"Korean Youth and Community Center, Inc.",TLS Adult SPA 6,Los Angeles,CA,SPA 6                                             ,10,2,062118,Yes,Current,,,12.0,3.0,36.0,0.0,0.0,0.0,0.0,0.0,36.0,0.0,0.0,No,Yes,No,No,No,No,No,No,No,No,No,No,No,No,No,No,No,No,No,No,No,No,No,No,No,Yes,Tenant-based - scattered site,No,No,No,No,No,No,No,No,No,No,No,No,No,No,No,No,No,No,48.0,0.0,,,0.0,48.0,48.0,1.0,6,10,48.0,0.0,Permanent Housing
2025.0,ES,LA Family Housing Corporation (LAFH),"A Bridge Home Canoga Park ""Entry/Exit",Canoga Park,CA,SPA 2                                             ,3,3,062118,Yes,Current,,,0.0,0.0,75.0,0.0,0.0,0.0,0.0,0.0,0.0,0.0,0.0,No,Yes,No,No,No,No,No,No,No,No,No,No,No,No,No,No,No,No,No,No,No,No,No,No,No,Yes,Site-based - single site,No,No,No,No,No,No,No,No,No,No,No,No,No,No,No,No,No,No,75.0,0.0,,,0.0,81.0,75.0,1.08,2,3,81.0,0.0,Shelter
2025.0,ES,LA Family Housing Corporation (LAFH),"A Bridge Home Sylmar ""Entry/Exit",Sylmar,CA,SPA 2                                             ,7,3,062118,Yes,Current,,,0.0,0.0,85.0,0.0,0.0,0.0,0.0,0.0,0.0,0.0,0.0,No,Yes,No,No,No,No,No,No,No,No,No,No,No,No,No,No,No,No,No,No,No,No,No,No,No,Yes,Site-based - single site,No,No,No,No,No,No,No,No,No,No,No,No,No,No,No,No,No,No,85.0,0.0,,,0.0,79.0,85.0,0.9294117647058824,2,7,79.0,6.0,Shelter
2025.0,ES,LA Family Housing Corporation (LAFH),"Bridge Housing City Roadmap The Taper ""Entry/Exit",North Hollywood,CA,SPA 2                                             ,6,3,062118,Yes,Current,,,0.0,0.0,49.0,0.0,0.0,0.0,0.0,0.0,0.0,0.0,0.0,No,Yes,No,No,No,No,No,No,No,No,No,No,No,No,No,No,No,No,No,No,No,No,No,No,No,Yes,Site-based - single site,No,No,No,No,No,No,No,No,No,No,No,No,No,No,No,No,No,No,49.0,0.0,,,0.0,47.0,49.0,0.9591836734693876,2,6,47.0,2.0,Shelter
2025.0,PSH,LA Family Housing Corporation (LAFH),CA1106 Day Street Apartments,Tujunga,CA,SPA 2                                             ,7,5,069037,Yes,Current,,,0.0,0.0,16.0,0.0,0.0,0.0,0.0,0.0,0.0,16.0,0.0,No,No,No,No,No,No,No,No,No,No,No,No,No,No,No,No,No,No,No,No,No,No,No,No,No,No,Site-based - single site,No,No,No,No,No,No,No,No,No,No,No,No,No,No,No,No,No,No,16.0,0.0,,,0.0,15.0,16.0,0.9375,2,7,15.0,1.0,Permanent Housing
2025.0,PSH,LA Family Housing Corporation (LAFH),CA1492 Welcome Home 90 SPA 2,North Hollywood,CA,SPA 2                                             ,6,3,062118,Yes,Current,,,10.0,3.0,86.0,0.0,0.0,0.0,0.0,0.0,0.0,0.0,0.0,No,No,No,No,No,No,No,No,No,No,No,No,No,No,No,No,No,No,No,No,No,No,No,No,No,No,Tenant-based - scattered site,No,No,No,No,No,No,No,No,No,No,No,No,No,No,No,No,No,No,96.0,0.0,,,0.0,99.0,96.0,1.03125,2,6,99.0,0.0,Permanent Housing
2025.0,ES,LA Family Housing Corporation (LAFH),"CES Bridge Housing Program (New) ""Entry/Exit",Los Angeles,CA,SPA 2                                             ,6,3,062118,Yes,Current,,,0.0,0.0,69.0,0.0,0.0,0.0,0.0,0.0,0.0,0.0,0.0,No,Yes,No,No,No,No,No,No,No,No,No,No,No,No,No,No,No,No,No,No,No,No,No,No,No,Yes,Site-based - single site,No,No,No,No,No,No,No,No,No,No,No,No,No,No,No,No,No,No,69.0,0.0,,,0.0,72.0,69.0,1.0434782608695652,2,6,72.0,0.0,Shelter
2025.0,ES,LA Family Housing Corporation (LAFH),"CES Crisis Housing Program Path to Home ""Entry/Exit",Los Angeles,CA,SPA 2                                             ,6,3,062118,Yes,Current,,,0.0,0.0,2.0,0.0,0.0,0.0,0.0,0.0,0.0,0.0,0.0,No,Yes,No,No,No,No,No,No,No,No,No,No,No,No,No,No,No,No,No,No,No,No,No,No,No,Yes,Site-based - single site,No,No,No,No,No,No,No,No,No,No,No,No,No,No,No,No,No,No,2.0,0.0,,,0.0,2.0,2.0,1.0,2,6,2.0,0.0,Shelter
2025.0,ES,LA Family Housing Corporation (LAFH),"CES Enhanced Bridge Housing Older Adults ""Entry/Exit",Los Angeles,CA,SPA 2                                             ,6,3,062118,Yes,Current,,,0.0,0.0,25.0,0.0,0.0,0.0,0.0,0.0,0.0,0.0,0.0,No,Yes,No,No,No,No,No,No,No,No,No,No,No,No,No,No,No,No,No,No,No,No,No,No,No,Yes,Site-based - single site,No,No,No,No,No,No,No,No,No,No,No,No,No,No,No,No,No,No,25.0,0.0,,,0.0,26.0,25.0,1.04,2,6,26.0,0.0,Shelter
2025.0,PSH,LA Family Housing Corporation (LAFH),DHS Crest Apartments,Van Nuys,CA,SPA 2                                             ,2,3,062118,Yes,Current,,,0.0,0.0,63.0,0.0,0.0,0.0,0.0,23.0,0.0,40.0,0.0,No,No,No,No,No,No,No,No,No,No,No,No,No,No,No,No,No,No,No,No,No,No,No,No,No,No,Site-based - single site,No,No,No,No,No,No,No,No,No,No,No,No,No,No,No,No,No,No,63.0,0.0,,,0.0,53.0,63.0,0.8412698412698413,2,2,53.0,10.0,Permanent Housing
2025.0,PSH,LA Family Housing Corporation (LAFH),DHS Day Street Apartments,Tujunga,CA,SPA 2                                             ,7,5,069037,Yes,Current,,,0.0,0.0,29.0,0.0,0.0,0.0,0.0,0.0,0.0,0.0,0.0,No,No,No,No,No,No,No,No,No,No,No,No,No,No,No,No,No,No,No,No,No,No,No,No,No,No,Site-based - single site,No,No,No,No,No,No,No,No,No,No,No,No,No,No,No,No,No,No,29.0,0.0,,,0.0,28.0,29.0,0.9655172413793104,2,7,28.0,1.0,Permanent Housing
2025.0,PSH,LA Family Housing Corporation (LAFH),DHS HJC to ICMS,North Hollywood,CA,SPA 2                                             ,6,3,062118,Yes,Current,,,0.0,0.0,17.0,0.0,0.0,0.0,0.0,0.0,0.0,17.0,0.0,No,No,No,No,No,No,No,No,No,No,No,No,No,No,No,No,No,No,No,No,No,No,No,No,No,No,Tenant-based - scattered site,No,No,No,No,No,No,No,No,No,No,No,No,No,No,No,No,No,No,17.0,0.0,,,0.0,6.0,17.0,0.3529411764705882,2,6,6.0,11.0,Permanent Housing
2025.0,PSH,LA Family Housing Corporation (LAFH),DHS Housing for Health,North Hollywood,CA,SPA 2                                             ,6,3,062118,Yes,Current,,,25.0,7.0,175.0,0.0,0.0,0.0,0.0,0.0,0.0,0.0,0.0,No,No,No,No,No,No,No,No,No,No,No,No,No,No,No,No,No,No,No,No,No,No,No,No,No,No,Tenant-based - scattered site,No,No,No,No,No,No,No,No,No,No,No,No,No,No,No,No,No,No,200.0,0.0,,,0.0,126.0,200.0,0.63,2,6,126.0,74.0,Permanent Housing
2025.0,ES,LA Family Housing Corporation (LAFH),DHS Interim Housing Project,Los Angeles,CA,SPA 2                                             ,6,3,062118,Yes,Current,,,0.0,0.0,24.0,0.0,0.0,0.0,0.0,0.0,0.0,0.0,0.0,No,No,No,No,No,No,No,No,No,No,No,No,No,No,No,No,No,No,No,No,No,No,No,No,No,No,Site-based - single site,No,No,No,No,No,No,No,No,No,No,No,No,No,No,No,No,No,No,24.0,0.0,,,0.0,30.0,24.0,1.25,2,6,30.0,0.0,Shelter
2025.0,ES,LA Family Housing Corporation (LAFH),DHS Metro Street Based Engagement,North Hollywood,CA,SPA 2                                             ,6,3,062118,Yes,Current,,,0.0,0.0,20.0,0.0,0.0,0.0,0.0,0.0,0.0,0.0,0.0,No,Yes,No,No,No,No,No,No,No,No,No,No,No,No,No,No,No,No,No,No,No,No,No,No,No,Yes,Site-based - single site,No,No,No,No,No,No,No,No,No,No,No,No,No,No,No,No,No,No,20.0,0.0,,,0.0,24.0,20.0,1.2,2,6,24.0,0.0,Shelter
2025.0,PSH,LA Family Housing Corporation (LAFH),DHS Palo Verde Apartments,Sun Valley,CA,SPA 2                                             ,6,5,062118,Yes,Current,,,0.0,0.0,59.0,0.0,0.0,0.0,0.0,0.0,0.0,21.0,0.0,No,No,No,No,No,No,No,No,No,No,No,No,No,No,No,No,No,No,No,No,No,No,No,No,No,No,Site-based - single site,No,No,No,No,No,No,No,No,No,No,No,No,No,No,No,No,No,No,59.0,0.0,,,0.0,56.0,59.0,0.9491525423728814,2,6,56.0,3.0,Permanent Housing
2025.0,ES,LA Family Housing Corporation (LAFH),DMH Family Interim Housing,North Hollywood,CA,SPA 2                                             ,6,3,062118,Yes,Current,,,48.0,12.0,0.0,0.0,0.0,0.0,0.0,0.0,0.0,0.0,0.0,No,No,No,No,No,No,No,No,No,No,No,No,No,No,No,No,No,No,No,No,No,No,No,No,No,No,Site-based - single site,No,No,No,No,No,No,No,No,No,No,No,No,No,No,No,No,No,No,48.0,0.0,,,0.0,44.0,48.0,0.9166666666666666,2,6,44.0,4.0,Shelter
2025.0,ES,LA Family Housing Corporation (LAFH),DMH Interim Housing,Los Angeles,CA,SPA 2                                             ,6,3,062118,Yes,Current,,,0.0,0.0,50.0,0.0,0.0,0.0,0.0,0.0,0.0,0.0,0.0,No,No,No,No,No,No,No,No,No,No,No,No,No,No,No,No,No,No,No,No,No,No,No,No,No,No,Site-based - single site,No,No,No,No,No,No,No,No,No,No,No,No,No,No,No,No,No,No,50.0,0.0,,,0.0,50.0,50.0,1.0,2,6,50.0,0.0,Shelter
2025.0,OPH,LA Family Housing Corporation (LAFH),HACLA Section8 Homeless Program,North Hollywood,CA,SPA 2                                             ,6,3,062118,Yes,Current,,,228.0,54.0,0.0,0.0,0.0,0.0,0.0,0.0,0.0,0.0,0.0,No,No,No,No,No,No,No,No,No,No,No,No,No,No,No,No,No,No,No,No,No,No,No,No,No,No,Tenant-based - scattered site,No,No,No,No,No,No,No,No,No,No,No,No,No,No,No,No,No,No,228.0,0.0,,,0.0,160.0,228.0,0.7017,2,6,160.0,68.0,Permanent Housing
2025.0,ES,LA Family Housing Corporation (LAFH),Inside Safe Hotel/Motel Voucher Program,North Hills,CA,SPA 2                                             ,7,3,062118,Yes,Current,,,0.0,0.0,90.0,0.0,0.0,0.0,0.0,0.0,0.0,0.0,0.0,No,Yes,No,No,No,No,No,No,No,No,No,No,No,No,No,No,No,No,No,No,No,No,No,No,No,Yes,Site-based - clustered / multiple sites,No,No,No,No,No,No,No,No,No,No,No,No,No,No,No,No,No,No,90.0,0.0,,,0.0,104.0,90.0,1.1555555555555554,2,7,104.0,0.0,Shelter
2025.0,PSH,LA Family Housing Corporation (LAFH),LAFH Beacon Landing DHS/DMH (D7),San Pedro,CA,SPA 8                                             ,15,4,062118,Yes,Current,,,0.0,0.0,88.0,0.0,0.0,0.0,0.0,0.0,0.0,0.0,0.0,No,Yes,No,No,No,No,No,No,No,No,No,No,No,No,No,No,No,No,No,No,No,No,No,No,No,Yes,Site-based - single site,No,No,No,No,No,No,No,No,No,No,No,No,No,No,No,No,No,No,88.0,0.0,,,0.0,88.0,88.0,1.0,8,15,88.0,0.0,Permanent Housing
2025.0,PSH,LA Family Housing Corporation (LAFH),LAFH Canoga Park Place (PHK PSH),Canoga Park,CA,SPA 2                                             ,3,3,062118,Yes,Current,,,0.0,0.0,51.0,0.0,0.0,0.0,0.0,0.0,0.0,0.0,0.0,No,Yes,No,No,No,No,No,No,No,No,No,No,No,No,No,No,No,No,No,No,No,No,No,No,No,Yes,Site-based - single site,No,No,No,No,No,No,No,No,No,No,No,No,No,No,No,No,No,No,51.0,0.0,,,0.0,46.0,51.0,0.9019607843137256,2,3,46.0,5.0,Permanent Housing
2025.0,PSH,LA Family Housing Corporation (LAFH),LAFH EHV (D7),North Hollywood,CA,SPA 2                                             ,6,3,062118,Yes,Current,,,0.0,0.0,3.0,0.0,0.0,0.0,0.0,0.0,0.0,0.0,0.0,No,Yes,No,No,No,No,No,No,No,No,No,No,No,No,No,No,No,No,No,No,No,No,Yes,No,No,No,Tenant-based - scattered site,No,No,No,No,No,No,No,No,No,No,No,No,No,No,No,No,No,No,3.0,0.0,,,0.0,0.0,3.0,0.0,2,6,0.0,3.0,Permanent Housing
2025.0,PSH,LA Family Housing Corporation (LAFH),LAFH My Angel (D7),North Hills,CA,SPA 2                                             ,6,3,062118,Yes,Current,,,0.0,0.0,3.0,0.0,0.0,0.0,0.0,0.0,0.0,0.0,0.0,No,Yes,No,No,No,No,No,No,No,No,No,No,No,No,No,No,No,No,No,No,No,No,No,No,No,Yes,Site-based - single site,No,No,No,No,No,No,No,No,No,No,No,No,No,No,No,No,No,No,3.0,0.0,,,0.0,3.0,3.0,1.0,2,6,3.0,0.0,Permanent Housing
2025.0,PSH,LA Family Housing Corporation (LAFH),LAFH My Angel Apts. DHS/DMH (D7),North Hills,CA,SPA 2                                             ,6,3,069037,Yes,Current,,,0.0,0.0,29.0,0.0,0.0,0.0,0.0,0.0,0.0,0.0,0.0,No,Yes,No,No,No,No,No,No,No,No,No,No,No,No,No,No,No,No,No,No,No,No,No,No,No,Yes,Site-based - single site,No,No,No,No,No,No,No,No,No,No,No,No,No,No,No,No,No,No,29.0,0.0,,,0.0,27.0,29.0,0.9310344827586208,2,6,27.0,2.0,Permanent Housing
2025.0,PSH,LA Family Housing Corporation (LAFH),LAFH My Angel DMH (D7),North Hills,CA,SPA 2                                             ,6,3,062118,Yes,Current,,,0.0,0.0,26.0,0.0,0.0,0.0,0.0,0.0,0.0,0.0,0.0,No,Yes,No,No,No,No,No,No,No,No,No,No,No,No,No,No,No,No,No,No,No,No,No,No,No,Yes,Site-based - single site,No,No,No,No,No,No,No,No,No,No,No,No,No,No,No,No,No,No,26.0,0.0,,,0.0,27.0,26.0,1.0384615384615383,2,6,27.0,0.0,Permanent Housing
2025.0,PSH,LA Family Housing Corporation (LAFH),LAFH Scattered 1 (D7),North Hollywood,CA,SPA 2                                             ,6,3,062118,Yes,Current,,,0.0,0.0,159.0,0.0,0.0,0.0,0.0,0.0,0.0,0.0,0.0,No,Yes,No,No,No,No,No,No,No,No,No,No,No,No,No,No,No,No,No,No,No,No,No,No,No,Yes,Tenant-based - scattered site,No,No,No,No,No,No,No,No,No,No,No,No,No,No,No,No,No,No,159.0,0.0,,,0.0,138.0,159.0,0.8679245283018868,2,6,138.0,21.0,Permanent Housing
2025.0,PSH,LA Family Housing Corporation (LAFH),LAFH Talisa Apts. (D7),Panorama City,CA,SPA 2                                             ,6,3,069037,Yes,Current,,,55.0,15.0,0.0,0.0,0.0,0.0,0.0,0.0,0.0,0.0,0.0,No,Yes,No,No,No,No,No,No,No,No,No,No,No,No,No,No,No,No,No,No,No,No,No,No,No,Yes,Site-based - single site,No,No,No,No,No,No,No,No,No,No,No,No,No,No,No,No,No,No,55.0,0.0,,,0.0,52.0,55.0,0.9454545454545454,2,6,52.0,3.0,Permanent Housing
2025.0,PSH,LA Family Housing Corporation (LAFH),LAFH Talisa Apts. DMH (D7),Panorama City,CA,SPA 2                                             ,6,3,069037,Yes,Current,,,154.0,29.0,4.0,0.0,0.0,0.0,0.0,0.0,0.0,0.0,0.0,No,Yes,No,No,No,No,No,No,No,No,No,No,No,No,No,No,No,No,No,No,No,No,No,No,No,Yes,Site-based - single site,No,No,No,No,No,No,No,No,No,No,No,No,No,No,No,No,No,No,158.0,0.0,,,0.0,93.0,158.0,0.5886075949367089,2,6,93.0,65.0,Permanent Housing
2025.0,PSH,LA Family Housing Corporation (LAFH),LAFH The Emerald (D7),Lancaster,CA,SPA 1                                             ,0,5,061914,Yes,Current,,,110.0,30.0,9.0,0.0,0.0,0.0,0.0,0.0,0.0,0.0,0.0,No,Yes,No,No,No,No,No,No,No,No,No,No,No,No,No,No,No,No,No,No,No,No,No,No,No,Yes,Site-based - single site,No,No,No,No,No,No,No,No,No,No,No,No,No,No,No,No,No,No,119.0,0.0,,,0.0,119.0,119.0,1.0,1,0,119.0,0.0,Permanent Housing
2025.0,PSH,LA Family Housing Corporation (LAFH),LAFH Western Landing (D7),Harbor City,CA,SPA 8                                             ,15,4,069037,Yes,Current,,,0.0,0.0,80.0,0.0,0.0,0.0,0.0,0.0,0.0,0.0,0.0,No,Yes,No,No,No,No,No,No,No,No,No,No,No,No,No,No,No,No,No,No,No,No,No,No,No,Yes,Site-based - single site,No,No,No,No,No,No,No,No,No,No,No,No,No,No,No,No,No,No,80.0,0.0,,,0.0,75.0,80.0,0.9375,8,15,75.0,5.0,Permanent Housing
2025.0,PSH,LA Family Housing Corporation (LAFH),LAFH Whittier HHH DHS/DMH (D7),Los Angeles,CA,SPA 4                                             ,14,1,062118,Yes,Current,,,0.0,0.0,63.0,0.0,0.0,0.0,0.0,0.0,0.0,0.0,0.0,No,Yes,No,No,No,No,No,No,No,No,No,No,No,No,No,No,No,No,No,No,No,No,No,No,No,Yes,Site-based - single site,No,No,No,No,No,No,No,No,No,No,No,No,No,No,No,No,No,No,63.0,0.0,,,0.0,60.0,63.0,0.9523809523809524,4,14,60.0,3.0,Permanent Housing
2025.0,ES,LA Family Housing Corporation (LAFH),"LFH FSC Crisis Housing Cesar Chavez SPA 4 ""Entry/Exit",Los Angeles,CA,SPA 4                                             ,14,1,062118,Yes,Current,,,78.0,26.0,0.0,0.0,0.0,0.0,0.0,0.0,0.0,0.0,0.0,No,Yes,No,No,No,No,No,No,No,No,No,No,No,No,No,No,No,No,No,No,No,No,No,No,No,Yes,Site-based - single site,No,No,No,No,No,No,No,No,No,No,No,No,No,No,No,No,No,No,78.0,0.0,,,0.0,79.0,78.0,1.0128205128205128,4,14,79.0,0.0,Shelter
2025.0,ES,LA Family Housing Corporation (LAFH),LFH FSC Crisis Housing Motel/Hotel Vouchers,North Hollywood,CA,SPA 2                                             ,6,3,062118,Yes,Current,,,807.0,258.0,0.0,0.0,0.0,0.0,0.0,0.0,0.0,0.0,0.0,No,Yes,No,No,No,No,No,No,No,No,No,No,No,No,No,No,No,No,No,No,No,No,No,No,No,Yes,Tenant-based - scattered site,No,No,No,No,No,No,No,No,No,No,No,No,No,No,No,No,No,No,807.0,0.0,,,0.0,807.0,807.0,1.0,2,6,807.0,0.0,Shelter
2025.0,ES,LA Family Housing Corporation (LAFH),"LFH FSC Crisis Housing SPA 2 ""Entry/Exit",North Hollywood,CA,SPA 2                                             ,6,3,062118,Yes,Current,,,224.0,56.0,0.0,0.0,0.0,0.0,0.0,0.0,0.0,0.0,0.0,No,Yes,No,No,No,No,No,No,No,No,No,No,No,No,No,No,No,No,No,No,No,No,No,No,No,Yes,Site-based - clustered / multiple sites,No,No,No,No,No,No,No,No,No,No,No,No,No,No,No,No,No,No,224.0,0.0,,,0.0,195.0,224.0,0.8705357142857143,2,6,195.0,29.0,Shelter
2025.0,PSH,LA Family Housing Corporation (LAFH),LFH FUP D7,North Hollywood,CA,SPA 2                                             ,6,3,062118,Yes,Current,,,26.0,13.0,0.0,0.0,0.0,0.0,0.0,0.0,0.0,0.0,0.0,No,Yes,No,No,No,No,No,No,No,No,No,No,No,No,No,No,No,No,No,No,No,No,No,No,No,Yes,Tenant-based - scattered site,No,No,No,No,No,No,No,No,No,No,No,No,No,No,No,No,No,No,26.0,0.0,,,0.0,17.0,26.0,0.6538461538461539,2,6,17.0,9.0,Permanent Housing
2025.0,ES,LA Family Housing Corporation (LAFH),"PHK CITY Encinitas ""Entry/Exit",Sylmar,CA,SPA 2                                             ,7,3,062118,Yes,Current,,,0.0,0.0,86.0,0.0,0.0,0.0,0.0,0.0,0.0,0.0,0.0,No,Yes,No,No,No,No,No,No,No,No,No,No,No,No,No,No,No,No,No,No,No,No,No,No,No,Yes,Site-based - single site,No,No,No,No,No,No,No,No,No,No,No,No,No,No,No,No,No,No,86.0,0.0,,,0.0,102.0,86.0,1.186046511627907,2,7,102.0,0.0,Shelter
2025.0,PSH,LA Family Housing Corporation (LAFH),Silva Crossing (D7),Sylmar,CA,SPA 2                                             ,7,3,062118,Yes,Current,,,0.0,0.0,28.0,0.0,0.0,0.0,0.0,0.0,0.0,0.0,0.0,No,Yes,No,No,No,No,No,No,No,No,No,No,No,No,No,No,No,No,No,No,No,No,No,No,No,Yes,Site-based - single site,No,No,No,No,No,No,No,No,No,No,No,No,No,No,No,No,No,No,28.0,0.0,,,0.0,31.0,28.0,1.1071428571428572,2,7,31.0,0.0,Permanent Housing
2025.0,PSH,LA Family Housing Corporation (LAFH),Silva Crossing DMH (D7),Sylmar,CA,SPA 2                                             ,7,3,062118,Yes,Current,,,0.0,0.0,27.0,0.0,0.0,0.0,0.0,0.0,0.0,0.0,0.0,No,Yes,No,No,No,No,No,No,No,No,No,No,No,No,No,No,No,No,No,No,No,No,No,No,No,Yes,Site-based - single site,No,No,No,No,No,No,No,No,No,No,No,No,No,No,No,No,No,No,27.0,0.0,,,0.0,28.0,27.0,1.037037037037037,2,7,28.0,0.0,Permanent Housing
2025.0,PSH,LA Family Housing Corporation (LAFH),The Emerald - General Affordable,Lancaster,CA,SPA 1                                             ,0,5,061914,Yes,Current,,,0.0,0.0,36.0,0.0,0.0,0.0,0.0,0.0,0.0,0.0,0.0,No,No,No,No,No,No,No,No,No,No,No,No,No,No,No,No,No,No,No,No,No,No,No,No,No,No,Site-based - single site,No,No,No,No,No,No,No,No,No,No,No,No,No,No,No,No,No,No,36.0,0.0,,,0.0,66.0,36.0,1.8333333333333333,1,0,66.0,0.0,Permanent Housing
2025.0,PSH,LA Family Housing Corporation (LAFH),The Fiesta PSH,Los Angeles,CA,SPA 2                                             ,6,3,062118,Yes,Current,,,0.0,0.0,49.0,0.0,0.0,0.0,0.0,0.0,0.0,28.0,0.0,No,No,No,No,No,No,No,No,No,No,No,No,No,No,No,No,No,No,No,No,No,No,No,No,No,No,Site-based - single site,No,No,No,No,No,No,No,No,No,No,No,No,No,No,No,No,No,No,49.0,0.0,,,0.0,48.0,49.0,0.979591836734694,2,6,48.0,1.0,Permanent Housing
2025.0,RRH,LA Family Housing Corporation (LAFH),TLS Adult SPA 2,North Hollywood,CA,SPA 2                                             ,6,3,062118,Yes,Current,,,0.0,0.0,463.0,0.0,0.0,0.0,0.0,0.0,0.0,0.0,0.0,No,Yes,No,No,No,No,No,No,No,No,No,No,No,No,No,No,No,No,No,No,No,No,No,No,No,Yes,Tenant-based - scattered site,Yes,No,No,No,No,No,No,No,Yes,No,No,No,No,No,No,No,No,No,463.0,0.0,,,0.0,463.0,463.0,1.0,2,6,463.0,0.0,Permanent Housing
2025.0,RRH,LA Family Housing Corporation (LAFH),TLS FSC SPA 2,North Hollywood,CA,SPA 2                                             ,6,3,062118,Yes,Current,,,1211.0,332.0,18.0,0.0,0.0,0.0,0.0,0.0,0.0,0.0,0.0,No,Yes,No,No,No,No,No,No,No,No,No,No,No,No,No,No,No,No,No,No,No,No,No,No,No,Yes,Tenant-based - scattered site,Yes,No,No,No,No,No,No,No,Yes,No,No,No,No,No,No,No,No,No,1229.0,0.0,,,0.0,1229.0,1229.0,1.0,2,6,1229.0,0.0,Permanent Housing
2025.0,RRH,LA Global Care,TLS Adult SPA 4,Los Angeles,CA,SPA 4                                             ,14,1,062118,Yes,Current,,,0.0,0.0,13.0,0.0,0.0,0.0,0.0,0.0,0.0,0.0,0.0,No,Yes,No,No,No,No,No,No,No,No,No,No,No,No,No,No,No,No,No,No,No,No,No,No,No,Yes,Tenant-based - scattered site,No,No,No,No,No,No,No,No,No,No,No,No,No,No,No,No,No,No,13.0,0.0,,,0.0,13.0,13.0,1.0,4,14,13.0,0.0,Permanent Housing
2025.0,RRH,LA Global Care,TLS Adult SPA 6,Los Angeles,CA,SPA 6                                             ,9,2,062118,Yes,Current,,,0.0,0.0,32.0,0.0,0.0,0.0,0.0,0.0,0.0,0.0,0.0,No,Yes,No,No,No,No,No,No,No,No,No,No,No,No,No,No,No,No,No,No,No,No,No,No,No,Yes,Tenant-based - scattered site,No,No,No,No,No,No,No,No,No,No,No,No,No,No,No,No,No,No,32.0,0.0,,,0.0,32.0,32.0,1.0,6,9,32.0,0.0,Permanent Housing
2025.0,PSH,Libertana Home Health,DHS - Libertana Scattered 1,Van Nuys,CA,SPA 2                                             ,4,3,069037,Yes,Current,,,0.0,0.0,2.0,0.0,0.0,0.0,0.0,0.0,0.0,0.0,0.0,No,No,No,No,No,No,No,No,No,No,No,No,No,No,No,No,No,No,No,No,No,No,No,No,No,No,Tenant-based - scattered site,Yes,No,No,No,No,No,No,Yes,No,No,No,No,No,No,No,No,No,No,2.0,0.0,,,0.0,0.0,2.0,0.0,2,4,0.0,2.0,Permanent Housing
2025.0,PSH,Life Steps,LifeSTEPS Montecito Terraces (MHSA),Panorama City,CA,SPA 2                                             ,6,3,069037,Yes,Current,,,0.0,0.0,8.0,0.0,0.0,0.0,0.0,0.0,0.0,0.0,0.0,No,Yes,No,No,No,No,No,No,No,No,No,No,No,No,No,No,No,No,No,No,No,No,No,No,No,Yes,Site-based - single site,No,No,No,No,No,No,No,No,No,No,No,No,No,No,No,No,No,No,8.0,0.0,,,0.0,11.0,8.0,1.375,2,6,11.0,0.0,Permanent Housing
2025.0,PSH,Life Steps,LifeSTEPS Point on La Brea DMH (D7),Los Angeles,CA,SPA 8                                             ,5,3,069037,Yes,Current,,,0.0,0.0,28.0,0.0,0.0,0.0,0.0,0.0,0.0,0.0,0.0,No,Yes,No,No,No,No,No,No,No,No,No,No,No,No,No,No,No,No,No,No,No,No,No,No,No,Yes,Site-based - single site,No,No,No,No,No,No,No,No,No,No,No,No,No,No,No,No,No,No,28.0,0.0,,,0.0,26.0,28.0,0.9285714285714286,8,5,26.0,2.0,Permanent Housing
2025.0,PSH,LINC Housing Corporation,LINC Equa DMH (D7),La Puente,CA,SPA 7                                             ,0,1,061152,Yes,Current,,,0.0,0.0,31.0,0.0,0.0,0.0,0.0,0.0,0.0,0.0,0.0,No,Yes,No,No,No,No,No,No,No,No,No,No,No,No,No,No,No,No,No,No,No,No,No,No,No,Yes,Site-based - single site,No,No,No,No,No,No,No,No,No,No,No,No,No,No,No,No,No,No,31.0,0.0,,,0.0,32.0,31.0,1.032258064516129,7,0,32.0,0.0,Permanent Housing
2025.0,PSH,LINC Housing Corporation,LINC HiFi Collective DMH (D7),Los Angeles,CA,SPA 4                                             ,13,1,062118,Yes,Current,,,0.0,0.0,31.0,0.0,0.0,0.0,0.0,0.0,0.0,0.0,0.0,No,Yes,No,No,No,No,No,No,No,No,No,No,No,No,No,No,No,No,No,No,No,No,No,No,No,Yes,Site-based - single site,No,No,No,No,No,No,No,No,No,No,No,No,No,No,No,No,No,No,31.0,0.0,,,0.0,31.0,31.0,1.0,4,13,31.0,0.0,Permanent Housing
2025.0,PSH,LINC Housing Corporation,LINC Nightingale (D7),Los Angeles,CA,SPA 6                                             ,0,2,062118,Yes,Current,,,0.0,0.0,29.0,0.0,0.0,0.0,0.0,0.0,0.0,0.0,0.0,No,Yes,No,No,No,No,No,No,No,No,No,No,No,No,No,No,No,No,No,No,No,No,No,No,No,Yes,Site-based - single site,No,No,No,No,No,No,No,No,No,No,No,No,No,No,No,No,No,No,29.0,0.0,,,0.0,30.0,29.0,1.0344827586206895,6,0,30.0,0.0,Permanent Housing
2025.0,ES,Los Angeles Center for Alcohol and Drug Abuse (LA CADA),Azusa Resource Center,Azusa,CA,SPA 3                                             ,0,1,069037,Yes,Current,,,0.0,0.0,25.0,0.0,0.0,0.0,0.0,0.0,0.0,0.0,0.0,No,Yes,No,No,No,No,No,No,No,No,No,No,No,No,No,No,No,No,No,No,No,No,No,No,No,Yes,Site-based - single site,No,No,No,No,No,No,No,No,No,No,No,No,No,No,No,No,No,No,25.0,0.0,,,0.0,25.0,25.0,1.0,3,0,25.0,0.0,Shelter
2025.0,ES,Los Angeles Center for Alcohol and Drug Abuse (LA CADA),Bridge of Hope Community Housing,Hawthorne,CA,SPA 8                                             ,0,2,061596,Yes,Current,,,0.0,0.0,12.0,0.0,0.0,0.0,0.0,0.0,0.0,0.0,0.0,No,Yes,No,No,No,No,No,No,No,No,No,No,No,No,No,No,No,No,No,No,No,No,No,No,No,Yes,Site-based - single site,No,No,No,No,No,No,No,No,No,No,No,No,No,No,No,No,No,No,12.0,0.0,,,0.0,9.0,12.0,0.75,8,0,9.0,3.0,Shelter
2025.0,ES,Los Angeles Center for Alcohol and Drug Abuse (LA CADA),Emergency Housing First Street,Alhambra,CA,SPA 3                                             ,0,1,060030,Yes,Current,,,0.0,0.0,24.0,0.0,0.0,0.0,0.0,0.0,0.0,0.0,0.0,No,Yes,No,No,No,No,No,No,No,No,No,No,No,No,No,No,No,No,No,No,No,No,No,No,No,Yes,Site-based - single site,No,No,No,No,No,No,No,No,No,No,No,No,No,No,No,No,No,No,24.0,0.0,,,0.0,24.0,24.0,1.0,3,0,24.0,0.0,Shelter
2025.0,ES,Los Angeles Center for Alcohol and Drug Abuse (LA CADA),Recovery Bridge Housing Alhambra House,Alhambra,CA,SPA 3                                             ,0,1,060030,Yes,Current,,,0.0,0.0,26.0,0.0,0.0,0.0,0.0,0.0,0.0,0.0,0.0,No,Yes,No,No,No,No,No,No,No,No,No,No,No,No,No,No,No,No,No,No,No,No,No,No,No,Yes,Site-based - single site,No,No,No,No,No,No,No,No,No,No,No,No,No,No,No,No,No,No,26.0,0.0,,,0.0,27.0,26.0,1.0384615384615383,3,0,27.0,0.0,Shelter
2025.0,ES,Los Angeles Center for Alcohol and Drug Abuse (LA CADA),Recovery Bridge Housing Casa Del Corazon,Santa Fe Springs,CA,SPA 7                                             ,0,4,069037,Yes,Current,,,0.0,0.0,60.0,0.0,0.0,0.0,0.0,0.0,0.0,0.0,0.0,No,No,No,No,No,No,No,No,No,No,No,No,No,No,No,No,No,No,No,No,No,No,No,No,No,No,Site-based - single site,No,No,No,No,No,No,No,No,No,No,No,No,No,No,No,No,No,No,60.0,0.0,,,0.0,60.0,60.0,1.0,7,0,60.0,0.0,Shelter
2025.0,ES,Los Angeles Center for Alcohol and Drug Abuse (LA CADA),Recovery Bridge Housing LA Mission,Los Angeles,CA,SPA 4                                             ,14,1,062118,Yes,Current,,,0.0,0.0,57.0,0.0,0.0,0.0,0.0,0.0,0.0,0.0,0.0,No,Yes,No,No,No,No,No,No,No,No,No,No,No,No,No,No,No,No,No,No,No,No,No,No,No,Yes,Site-based - single site,No,No,No,No,No,No,No,No,No,No,No,No,No,No,No,No,No,No,57.0,0.0,,,0.0,57.0,57.0,1.0,4,14,57.0,0.0,Shelter
2025.0,ES,Los Angeles Center for Alcohol and Drug Abuse (LA CADA),Recovery Bridge Housing Start House,Altadena,CA,SPA 3                                             ,0,5,069037,Yes,Current,,,0.0,0.0,24.0,0.0,0.0,0.0,0.0,0.0,0.0,0.0,0.0,No,No,No,No,No,No,No,No,No,No,No,No,No,No,No,No,No,No,No,No,No,No,No,No,No,No,Site-based - single site,No,No,No,No,No,No,No,No,No,No,No,No,No,No,No,No,No,No,24.0,0.0,,,0.0,28.0,24.0,1.1666666666666667,3,0,28.0,0.0,Shelter
2025.0,ES,Los Angeles Center for Alcohol and Drug Abuse (LA CADA),Residential Treatment Center Allen House,Santa Fe Springs,CA,SPA 7                                             ,0,4,069037,Yes,Current,,,0.0,0.0,105.0,0.0,0.0,0.0,0.0,0.0,0.0,0.0,0.0,No,Yes,No,No,No,No,No,No,No,No,No,No,No,No,No,No,No,No,No,No,No,No,No,No,No,Yes,Site-based - single site,No,No,No,No,No,No,No,No,No,No,No,No,No,No,No,No,No,No,105.0,0.0,,,0.0,87.0,105.0,0.8285714285714286,7,0,87.0,18.0,Shelter
2025.0,ES,Los Angeles Center for Alcohol and Drug Abuse (LA CADA),Residential Treatment Facility Alice's House,Whittier,CA,SPA 7                                             ,0,4,064074,Yes,Current,,,0.0,0.0,35.0,0.0,0.0,0.0,0.0,0.0,0.0,0.0,0.0,No,No,No,No,No,No,No,No,No,No,No,No,No,No,No,No,No,No,No,No,No,No,No,No,No,No,Site-based - single site,No,No,No,No,No,No,No,No,No,No,No,No,No,No,No,No,No,No,35.0,0.0,,,0.0,37.0,35.0,1.0571428571428572,7,0,37.0,0.0,Shelter
2025.0,ES,Los Angeles Center for Alcohol and Drug Abuse (LA CADA),Residential Treatment Facility Nuestra Casa,South Gate,CA,SPA 7                                             ,0,4,062118,Yes,Current,,,0.0,0.0,42.0,0.0,0.0,0.0,0.0,0.0,0.0,0.0,0.0,No,Yes,No,No,No,No,No,No,No,No,No,No,No,No,No,No,No,No,No,No,No,No,No,No,No,Yes,Site-based - single site,No,No,No,No,No,No,No,No,No,No,No,No,No,No,No,No,No,No,42.0,0.0,,,0.0,35.0,42.0,0.8333333333333334,7,0,35.0,7.0,Shelter
2025.0,ES,Los Angeles Center for Alcohol and Drug Abuse (LA CADA),Tiny Home Village Montebello,Montebello,CA,SPA 7                                             ,0,1,062328,Yes,Current,,,0.0,0.0,30.0,0.0,0.0,0.0,0.0,0.0,0.0,0.0,0.0,No,Yes,No,No,No,No,No,No,No,No,No,No,No,No,No,No,No,No,No,No,No,No,No,No,No,Yes,Site-based - single site,No,No,No,No,No,No,No,No,No,No,No,No,No,No,No,No,No,No,30.0,0.0,,,0.0,28.0,30.0,0.9333333333333332,7,0,28.0,2.0,Shelter
2025.0,PSH,Los Angeles County Department of Health Services (DHS),CA0421 Consolidated DMVA (DHS/TPC),Los Angeles,CA,SPA 4                                             ,14,1,062118,Yes,Current,,,0.0,0.0,69.0,0.0,0.0,0.0,0.0,69.0,0.0,0.0,0.0,No,No,No,No,No,No,No,No,No,No,No,No,No,No,No,No,No,No,No,No,No,No,No,No,No,No,Tenant-based - scattered site,Yes,No,No,No,No,No,No,Yes,No,No,No,No,No,No,No,No,No,No,69.0,0.0,,,0.0,36.0,69.0,0.5217391304347826,4,14,36.0,33.0,Permanent Housing
2025.0,PSH,Los Angeles County Department of Health Services (DHS),CA1219 LAC Dept of Health Services,Los Angeles,CA,SPA 4                                             ,14,1,062118,Yes,Current,,,43.0,12.0,7.0,0.0,0.0,0.0,0.0,0.0,0.0,0.0,0.0,No,No,No,No,No,No,No,No,No,No,No,No,No,No,No,No,No,No,No,No,No,No,No,No,No,No,Tenant-based - scattered site,No,No,No,No,No,No,No,No,No,No,No,No,No,No,No,No,No,No,50.0,0.0,,,0.0,49.0,50.0,0.98,4,14,49.0,1.0,Permanent Housing
2025.0,RRH,Los Angeles County Department of Mental Health (DMH),BHBH Rapid Re-Housing,Los Angeles,CA,SPA 4                                             ,10,2,062118,Yes,Current,,,0.0,0.0,0.0,0.0,0.0,0.0,0.0,0.0,0.0,0.0,0.0,No,Yes,No,No,No,No,No,No,No,No,No,No,No,No,No,No,No,No,No,No,No,No,No,No,No,Yes,Tenant-based - scattered site,No,No,No,No,No,No,No,No,No,No,No,No,No,No,No,No,No,No,0.0,0.0,,,0.0,0.0,0.0,0.0,4,10,0.0,0.0,Permanent Housing
2025.0,PSH,Los Angeles County Department of Mental Health (DMH),CA0324 Good Samaritan Bonus,Los Angeles,CA,SPA 4                                             ,3,3,062118,Yes,Current,,,0.0,0.0,119.0,0.0,0.0,0.0,0.0,0.0,0.0,0.0,0.0,No,No,No,No,No,No,No,No,No,No,No,No,No,No,No,No,No,No,No,No,No,No,No,No,No,No,Tenant-based - scattered site,No,No,No,No,No,No,No,No,No,No,No,No,No,No,No,No,No,No,119.0,0.0,,,0.0,108.0,119.0,0.907563025210084,4,3,108.0,11.0,Permanent Housing
2025.0,PSH,Los Angeles County Department of Mental Health (DMH),CA0365 DMH 1,Los Angeles,CA,SPA 4                                             ,10,2,062118,Yes,Current,,,177.0,32.0,182.0,0.0,0.0,0.0,0.0,0.0,0.0,0.0,0.0,No,No,No,No,No,No,No,No,No,No,No,No,No,No,No,No,No,No,No,No,No,No,No,No,No,No,Tenant-based - scattered site,No,No,No,No,No,No,No,No,No,No,No,No,No,No,No,No,No,No,359.0,0.0,,,0.0,314.0,359.0,0.8746518105849582,4,10,314.0,45.0,Permanent Housing
2025.0,PSH,Los Angeles County Department of Mental Health (DMH),CA0393 DMH,Los Angeles,CA,SPA 4                                             ,10,2,062118,Yes,Current,,,93.0,28.0,38.0,0.0,0.0,0.0,0.0,0.0,0.0,0.0,0.0,No,No,No,No,No,No,No,No,No,No,No,No,No,No,No,No,No,No,No,No,No,No,No,No,No,No,Tenant-based - scattered site,No,No,No,No,No,No,No,No,No,No,No,No,No,No,No,No,No,No,131.0,0.0,,,0.0,133.0,131.0,1.015267175572519,4,10,133.0,0.0,Permanent Housing
2025.0,PSH,Los Angeles County Department of Mental Health (DMH),CA0405 Scattered Sites,Los Angeles,CA,SPA 4                                             ,10,2,062118,Yes,Current,,,259.0,83.0,274.0,0.0,0.0,0.0,0.0,0.0,0.0,0.0,0.0,No,No,No,No,No,No,No,No,No,No,No,No,No,No,No,No,No,No,No,No,No,No,No,No,No,No,Tenant-based - scattered site,No,No,No,No,No,No,No,No,No,No,No,No,No,No,No,No,No,No,533.0,0.0,,,0.0,464.0,533.0,0.8705440900562852,4,10,464.0,69.0,Permanent Housing
2025.0,PSH,Los Angeles County Department of Mental Health (DMH),CA1046 DMH 8,Los Angeles,CA,SPA 4                                             ,10,2,062118,Yes,Current,,,63.0,15.0,169.0,0.0,0.0,0.0,0.0,0.0,0.0,0.0,0.0,No,No,No,No,No,No,No,No,No,No,No,No,No,No,No,No,No,No,No,No,No,No,No,No,No,No,Tenant-based - scattered site,No,No,No,No,No,No,No,No,No,No,No,No,No,No,No,No,No,No,232.0,0.0,,,0.0,241.0,232.0,1.0387931034482758,4,10,241.0,0.0,Permanent Housing
2025.0,PSH,Los Angeles County Department of Mental Health (DMH),CA1158 DMH 9,Los Angeles,CA,SPA 4                                             ,10,2,062118,Yes,Current,,,10.0,4.0,21.0,0.0,0.0,0.0,0.0,0.0,0.0,0.0,0.0,No,No,No,No,No,No,No,No,No,No,No,No,No,No,No,No,No,No,No,No,No,No,No,No,No,No,Tenant-based - scattered site,No,No,No,No,No,No,No,No,No,No,No,No,No,No,No,No,No,No,31.0,0.0,,,0.0,26.0,31.0,0.8387096774193549,4,10,26.0,5.0,Permanent Housing
2025.0,PSH,Los Angeles County Department of Mental Health (DMH),CA1337 DMH MIT,Los Angeles,CA,SPA 4                                             ,10,2,062118,Yes,Current,,,32.0,12.0,94.0,0.0,0.0,0.0,0.0,0.0,0.0,0.0,0.0,No,No,No,No,No,No,No,No,No,No,No,No,No,No,No,No,No,No,No,No,No,No,No,No,No,No,Tenant-based - scattered site,No,No,No,No,No,No,No,No,No,No,No,No,No,No,No,No,No,No,126.0,0.0,,,0.0,119.0,126.0,0.9444444444444444,4,10,119.0,7.0,Permanent Housing
2025.0,PSH,Los Angeles County Department of Mental Health (DMH),CA1342 DMH MIT 11,Los Angeles,CA,SPA 4                                             ,10,2,062118,Yes,Current,,,46.0,22.0,71.0,0.0,0.0,0.0,0.0,0.0,0.0,0.0,0.0,No,No,No,No,No,No,No,No,No,No,No,No,No,No,No,No,No,No,No,No,No,No,No,No,No,No,Tenant-based - scattered site,No,No,No,No,No,No,No,No,No,No,No,No,No,No,No,No,No,No,117.0,0.0,,,0.0,116.0,117.0,0.9914529914529916,4,10,116.0,1.0,Permanent Housing
2025.0,PSH,Los Angeles County Department of Mental Health (DMH),CA1596 DMH 12,Los Angeles,CA,SPA 4                                             ,10,2,062118,Yes,Current,,,25.0,9.0,58.0,0.0,0.0,0.0,0.0,0.0,0.0,0.0,0.0,No,No,No,No,No,No,No,No,No,No,No,No,No,No,No,No,No,No,No,No,No,No,No,No,No,No,Tenant-based - scattered site,No,No,No,No,No,No,No,No,No,No,No,No,No,No,No,No,No,No,83.0,0.0,,,0.0,76.0,83.0,0.9156626506024096,4,10,76.0,7.0,Permanent Housing
2025.0,PSH,Los Angeles County Department of Mental Health (DMH),CA1688 DMH 13,Los Angeles,CA,SPA 4                                             ,10,2,062118,Yes,Current,,,40.0,20.0,180.0,0.0,0.0,0.0,0.0,0.0,0.0,0.0,0.0,No,No,No,No,No,No,No,No,No,No,No,No,No,No,No,No,No,No,No,No,No,No,No,No,No,No,Tenant-based - scattered site,No,No,No,No,No,No,No,No,No,No,No,No,No,No,No,No,No,No,220.0,0.0,,,0.0,218.0,220.0,0.990909090909091,4,10,218.0,2.0,Permanent Housing
2025.0,PSH,Los Angeles County Department of Mental Health (DMH),DMH SAM (HFH Internal Only),Los Angeles,CA,SPA 4                                             ,10,2,062118,Yes,Current,,,0.0,0.0,111.0,0.0,0.0,0.0,0.0,0.0,0.0,0.0,0.0,No,Yes,No,No,No,No,No,No,No,No,No,No,No,No,No,No,No,No,No,No,No,No,No,No,No,Yes,Tenant-based - scattered site,No,No,No,No,No,No,No,No,No,No,No,No,No,No,No,No,No,No,111.0,0.0,,,0.0,85.0,111.0,0.7657657657657657,4,10,85.0,26.0,Permanent Housing
2025.0,PSH,Los Angeles County Department of Mental Health (DMH),HACLA Tenant Based Supportive Housing TBSH 2012,Los Angeles,CA,SPA 4                                             ,10,2,062118,Yes,Current,,,19.0,4.0,119.0,0.0,0.0,0.0,19.0,0.0,0.0,119.0,0.0,No,Yes,No,No,No,No,No,No,No,No,No,No,No,No,No,No,No,No,No,No,No,Yes,No,No,No,No,Tenant-based - scattered site,No,No,No,No,No,No,No,No,No,No,No,No,No,No,No,No,No,No,138.0,0.0,,,0.0,105.0,138.0,0.7608695652173914,4,10,105.0,33.0,Permanent Housing
2025.0,PSH,Los Angeles County Department of Mental Health (DMH),HACLA Tenant Based Supportive Housing TBSH 2017,Los Angeles,CA,SPA 4                                             ,10,2,062118,Yes,Current,,,80.0,32.0,125.0,0.0,0.0,0.0,80.0,0.0,0.0,125.0,0.0,No,Yes,No,No,No,No,No,No,No,No,No,No,No,No,No,No,No,No,No,No,No,Yes,No,No,No,No,Tenant-based - scattered site,No,No,No,No,No,No,No,No,No,No,No,No,No,No,No,No,No,No,205.0,0.0,,,0.0,184.0,205.0,0.8975609756097561,4,10,184.0,21.0,Permanent Housing
2025.0,PSH,Los Angeles County Department of Mental Health (DMH),HACLA Tenant Based Supportive Housing TBSH 2022,Los Angeles,CA,SPA 4                                             ,10,2,062118,Yes,Current,,,47.0,14.0,86.0,0.0,0.0,0.0,0.0,0.0,0.0,0.0,0.0,No,Yes,No,No,No,No,No,No,No,No,No,No,No,No,No,No,No,No,No,No,No,Yes,No,No,No,No,Tenant-based - scattered site,No,No,No,No,No,No,No,No,No,No,No,No,No,No,No,No,No,No,133.0,0.0,,,0.0,88.0,133.0,0.66,4,10,88.0,45.0,Permanent Housing
2025.0,ES,Los Angeles County Department of Public Social Services (DPSS),Cal Works Homeless Assistance Program 04 El Monte,El Monte,CA,SPA 3                                             ,0,1,061152,No,Current,,,94.0,32.0,5.0,0.0,0.0,0.0,0.0,0.0,0.0,0.0,0.0,No,No,No,No,No,No,No,No,No,No,No,No,No,No,No,No,No,No,No,No,No,No,No,No,No,No,Tenant-based - scattered site,No,No,No,No,No,No,No,No,No,No,No,No,No,No,No,No,No,No,99.0,0.0,,,0.0,99.0,99.0,1.0,3,0,99.0,0.0,Shelter
2025.0,ES,Los Angeles County Department of Public Social Services (DPSS),Cal Works Homeless Assistance Program 05 Belvedere,Los Angeles,CA,SPA 7                                             ,0,1,062118,No,Current,,,23.0,8.0,1.0,0.0,0.0,0.0,0.0,0.0,0.0,0.0,0.0,No,No,No,No,No,No,No,No,No,No,No,No,No,No,No,No,No,No,No,No,No,No,No,No,No,No,Tenant-based - scattered site,No,No,No,No,No,No,No,No,No,No,No,No,No,No,No,No,No,No,24.0,0.0,,,0.0,24.0,24.0,1.0,7,0,24.0,0.0,Shelter
2025.0,ES,Los Angeles County Department of Public Social Services (DPSS),Cal Works Homeless Assistance Program 11 East Valley,Van Nuys,CA,SPA 2                                             ,6,3,062118,No,Current,,,97.0,33.0,5.0,0.0,0.0,0.0,0.0,0.0,0.0,0.0,0.0,No,No,No,No,No,No,No,No,No,No,No,No,No,No,No,No,No,No,No,No,No,No,No,No,No,No,Tenant-based - scattered site,No,No,No,No,No,No,No,No,No,No,No,No,No,No,No,No,No,No,102.0,0.0,,,0.0,102.0,102.0,1.0,2,6,102.0,0.0,Shelter
2025.0,ES,Los Angeles County Department of Public Social Services (DPSS),Cal Works Homeless Assistance Program 13 Metro Family,Los Angeles,CA,SPA 6                                             ,9,2,062118,No,Current,,,325.0,111.0,17.0,0.0,0.0,0.0,0.0,0.0,0.0,0.0,0.0,No,No,No,No,No,No,No,No,No,No,No,No,No,No,No,No,No,No,No,No,No,No,No,No,No,No,Tenant-based - scattered site,No,No,No,No,No,No,No,No,No,No,No,No,No,No,No,No,No,No,342.0,0.0,,,0.0,342.0,342.0,1.0,6,9,342.0,0.0,Shelter
2025.0,ES,Los Angeles County Department of Public Social Services (DPSS),Cal Works Homeless Assistance Program 15 Metro East,Los Angeles,CA,SPA 4                                             ,14,1,062118,No,Current,,,38.0,13.0,2.0,0.0,0.0,0.0,0.0,0.0,0.0,0.0,0.0,No,No,No,No,No,No,No,No,No,No,No,No,No,No,No,No,No,No,No,No,No,No,No,No,No,No,Tenant-based - scattered site,No,No,No,No,No,No,No,No,No,No,No,No,No,No,No,No,No,No,40.0,0.0,,,0.0,40.0,40.0,1.0,4,14,40.0,0.0,Shelter
2025.0,ES,Los Angeles County Department of Public Social Services (DPSS),Cal Works Homeless Assistance Program 17 Florence,Los Angeles,CA,SPA 7                                             ,0,2,062118,No,Current,,,314.0,107.0,16.0,0.0,0.0,0.0,0.0,0.0,0.0,0.0,0.0,No,No,No,No,No,No,No,No,No,No,No,No,No,No,No,No,No,No,No,No,No,No,No,No,No,No,Tenant-based - scattered site,No,No,No,No,No,No,No,No,No,No,No,No,No,No,No,No,No,No,330.0,0.0,,,0.0,330.0,330.0,1.0,7,0,330.0,0.0,Shelter
2025.0,ES,Los Angeles County Department of Public Social Services (DPSS),Cal Works Homeless Assistance Program 26 Compton,Compton,CA,SPA 6                                             ,0,2,060804,No,Current,,,137.0,47.0,7.0,0.0,0.0,0.0,0.0,0.0,0.0,0.0,0.0,No,No,No,No,No,No,No,No,No,No,No,No,No,No,No,No,No,No,No,No,No,No,No,No,No,No,Tenant-based - scattered site,No,No,No,No,No,No,No,No,No,No,No,No,No,No,No,No,No,No,144.0,0.0,,,0.0,144.0,144.0,1.0,6,0,144.0,0.0,Shelter
2025.0,ES,Los Angeles County Department of Public Social Services (DPSS),Cal Works Homeless Assistance Program 27 S Central,Los Angeles,CA,SPA 6                                             ,8,2,062118,No,Current,,,366.0,125.0,20.0,0.0,0.0,0.0,0.0,0.0,0.0,0.0,0.0,No,No,No,No,No,No,No,No,No,No,No,No,No,No,No,No,No,No,No,No,No,No,No,No,No,No,Tenant-based - scattered site,No,No,No,No,No,No,No,No,No,No,No,No,No,No,No,No,No,No,386.0,0.0,,,0.0,386.0,386.0,1.0,6,8,386.0,0.0,Shelter
2025.0,ES,Los Angeles County Department of Public Social Services (DPSS),Cal Works Homeless Assistance Program 31 South Family,Compton,CA,SPA 8                                             ,0,2,060804,No,Current,,,149.0,51.0,7.0,0.0,0.0,0.0,0.0,0.0,0.0,0.0,0.0,No,No,No,No,No,No,No,No,No,No,No,No,No,No,No,No,No,No,No,No,No,No,No,No,No,No,Tenant-based - scattered site,No,No,No,No,No,No,No,No,No,No,No,No,No,No,No,No,No,No,156.0,0.0,,,0.0,156.0,156.0,1.0,8,0,156.0,0.0,Shelter
2025.0,ES,Los Angeles County Department of Public Social Services (DPSS),Cal Works Homeless Assistance Program 34 Lancaster,Lancaster,CA,SPA 1                                             ,0,5,061914,No,Current,,,436.0,149.0,23.0,0.0,0.0,0.0,0.0,0.0,0.0,0.0,0.0,No,No,No,No,No,No,No,No,No,No,No,No,No,No,No,No,No,No,No,No,No,No,No,No,No,No,Tenant-based - scattered site,No,No,No,No,No,No,No,No,No,No,No,No,No,No,No,No,No,No,459.0,0.0,,,0.0,459.0,459.0,1.0,1,0,459.0,0.0,Shelter
2025.0,ES,Los Angeles County Department of Public Social Services (DPSS),Cal Works Homeless Assistance Program 36 Pomona,Pomona,CA,SPA 3                                             ,0,1,062850,No,Current,,,202.0,69.0,11.0,0.0,0.0,0.0,0.0,0.0,0.0,0.0,0.0,No,No,No,No,No,No,No,No,No,No,No,No,No,No,No,No,No,No,No,No,No,No,No,No,No,No,Tenant-based - scattered site,No,No,No,No,No,No,No,No,No,No,No,No,No,No,No,No,No,No,213.0,0.0,,,0.0,213.0,213.0,1.0,3,0,213.0,0.0,Shelter
2025.0,ES,Los Angeles County Department of Public Social Services (DPSS),Cal Works Homeless Assistance Program 38 Metro North,Los Angeles,CA,SPA 4                                             ,1,1,062118,No,Current,,,114.0,39.0,6.0,0.0,0.0,0.0,0.0,0.0,0.0,0.0,0.0,No,No,No,No,No,No,No,No,No,No,No,No,No,No,No,No,No,No,No,No,No,No,No,No,No,No,Tenant-based - scattered site,No,No,No,No,No,No,No,No,No,No,No,No,No,No,No,No,No,No,120.0,0.0,,,0.0,120.0,120.0,1.0,4,1,120.0,0.0,Shelter
2025.0,ES,Los Angeles County Department of Public Social Services (DPSS),Cal Works Homeless Assistance Program 40 Norwalk,Norwalk,CA,SPA 7                                             ,0,4,062490,No,Current,,,79.0,27.0,4.0,0.0,0.0,0.0,0.0,0.0,0.0,0.0,0.0,No,No,No,No,No,No,No,No,No,No,No,No,No,No,No,No,No,No,No,No,No,No,No,No,No,No,Tenant-based - scattered site,No,No,No,No,No,No,No,No,No,No,No,No,No,No,No,No,No,No,83.0,0.0,,,0.0,83.0,83.0,1.0,7,0,83.0,0.0,Shelter
2025.0,ES,Los Angeles County Department of Public Social Services (DPSS),Cal Works Homeless Assistance Program 51 Santa Clarita,Canyon Country,CA,SPA 2                                             ,0,5,063356,No,Current,,,18.0,6.0,0.0,0.0,0.0,0.0,0.0,0.0,0.0,0.0,0.0,No,No,No,No,No,No,No,No,No,No,No,No,No,No,No,No,No,No,No,No,No,No,No,No,No,No,Tenant-based - scattered site,No,No,No,No,No,No,No,No,No,No,No,No,No,No,No,No,No,No,18.0,0.0,,,0.0,18.0,18.0,1.0,2,0,18.0,0.0,Shelter
2025.0,ES,Los Angeles County Department of Public Social Services (DPSS),Cal Works Homeless Assistance Program 60 Rancho Park,Los Angeles,CA,SPA 5                                             ,5,3,062118,No,Current,,,152.0,52.0,7.0,0.0,0.0,0.0,0.0,0.0,0.0,0.0,0.0,No,No,No,No,No,No,No,No,No,No,No,No,No,No,No,No,No,No,No,No,No,No,No,No,No,No,Tenant-based - scattered site,No,No,No,No,No,No,No,No,No,No,No,No,No,No,No,No,No,No,159.0,0.0,,,0.0,159.0,159.0,1.0,5,5,159.0,0.0,Shelter
2025.0,ES,Los Angeles County Department of Public Social Services (DPSS),Cal Works Homeless Assistance Program 66 Licoln Heights,Los Angeles,CA,SPA 4                                             ,14,1,062118,No,Current,,,20.0,7.0,1.0,0.0,0.0,0.0,0.0,0.0,0.0,0.0,0.0,No,No,No,No,No,No,No,No,No,No,No,No,No,No,No,No,No,No,No,No,No,No,No,No,No,No,Tenant-based - scattered site,No,No,No,No,No,No,No,No,No,No,No,No,No,No,No,No,No,No,21.0,0.0,,,0.0,21.0,21.0,1.0,4,14,21.0,0.0,Shelter
2025.0,ES,Los Angeles County Department of Public Social Services (DPSS),Cal Works Homeless Assistance Program 82 West Valley,Chatsworth,CA,SPA 2                                             ,12,3,062118,No,Current,,,70.0,24.0,4.0,0.0,0.0,0.0,0.0,0.0,0.0,0.0,0.0,No,No,No,No,No,No,No,No,No,No,No,No,No,No,No,No,No,No,No,No,No,No,No,No,No,No,Tenant-based - scattered site,No,No,No,No,No,No,No,No,No,No,No,No,No,No,No,No,No,No,74.0,0.0,,,0.0,74.0,74.0,1.0,2,12,74.0,0.0,Shelter
2025.0,ES,Los Angeles County Department of Public Social Services (DPSS),Cal Works Homeless Assistance Program Customer Service Centers,La Puente,CA,SPA 3                                             ,0,1,061152,No,Current,,,23.0,8.0,1.0,0.0,0.0,0.0,0.0,0.0,0.0,0.0,0.0,No,Yes,No,No,No,No,No,No,No,No,No,No,No,No,No,No,No,No,No,No,No,No,No,No,No,Yes,Tenant-based - scattered site,No,No,No,No,No,No,No,No,No,No,No,No,No,No,No,No,No,No,24.0,0.0,,,0.0,24.0,24.0,1.0,3,0,24.0,0.0,Shelter
2025.0,RRH,Los Angeles County Development Authority (LACDA),Family Reunification Rapid Re-Housing SPA 1 AVD,Lancaster,CA,SPA 1                                             ,0,5,061914,Yes,Current,,,8.0,3.0,0.0,0.0,0.0,0.0,0.0,0.0,0.0,0.0,0.0,No,No,No,No,No,No,No,No,No,No,No,No,No,No,No,No,No,No,No,No,No,No,No,No,No,No,Tenant-based - scattered site,No,No,No,No,No,No,No,No,No,No,No,No,No,No,No,No,No,No,8.0,0.0,,,0.0,8.0,8.0,1.0,1,0,8.0,0.0,Permanent Housing
2025.0,RRH,Los Angeles County Development Authority (LACDA),Family Reunification Rapid Re-Housing SPA 6 UBH,Los Angeles,CA,SPA 6                                             ,0,2,062118,Yes,Current,,,26.0,7.0,0.0,0.0,0.0,0.0,0.0,0.0,0.0,0.0,0.0,No,No,No,No,No,No,No,No,No,No,No,No,No,No,No,No,No,No,No,No,No,No,No,No,No,No,Tenant-based - scattered site,No,No,No,No,No,No,No,No,No,No,No,No,No,No,No,No,No,No,26.0,0.0,,,0.0,26.0,26.0,1.0,6,0,26.0,0.0,Permanent Housing
2025.0,RRH,Los Angeles County Development Authority (LACDA),Family Reunification Rapid Re-Housing SPA 8 HIS,San Pedro,CA,SPA 8                                             ,15,4,062118,Yes,Current,,,80.0,25.0,4.0,0.0,0.0,0.0,0.0,0.0,0.0,0.0,0.0,No,No,No,No,No,No,No,No,No,No,No,No,No,No,No,No,No,No,No,No,No,No,No,No,No,No,Tenant-based - scattered site,No,No,No,No,No,No,No,No,No,No,No,No,No,No,No,No,No,No,84.0,0.0,,,0.0,84.0,84.0,1.0,8,15,84.0,0.0,Permanent Housing
2025.0,ES,Los Angeles Homeless Services Authority (LAHSA),Broadway Navigation Center,Los Angeles,CA,SPA 6                                             ,9,2,062118,Yes,Current,,,0.0,0.0,84.0,0.0,0.0,0.0,0.0,0.0,0.0,0.0,0.0,No,Yes,No,No,No,No,No,No,No,No,No,No,No,No,No,No,No,No,No,No,No,No,No,No,No,Yes,Site-based - single site,No,No,No,No,No,No,No,No,No,No,No,No,No,No,No,No,No,No,84.0,0.0,,,0.0,58.0,84.0,0.6904761904761905,6,9,58.0,26.0,Shelter
2025.0,ES,Los Angeles House of Ruth,"LHR FSC Crisis Housing ""Entry/Exit",Los Angeles,CA,SPA 4                                             ,14,1,062118,Yes,Current,,,24.0,8.0,0.0,0.0,0.0,0.0,0.0,0.0,0.0,0.0,0.0,No,Yes,No,No,No,No,No,No,No,No,No,No,No,No,No,No,No,No,No,No,No,No,No,No,No,Yes,Site-based - single site,No,No,No,No,No,No,No,No,No,No,No,No,No,No,No,No,No,No,24.0,0.0,,,0.0,27.0,24.0,1.125,4,14,27.0,0.0,Shelter
2025.0,ES,Los Angeles LGBT Center,"CES Bridge Housing Program Youth ""Entry/Exit",Los Angeles,CA,SPA 4                                             ,13,3,062118,Yes,Current,,,0.0,0.0,5.0,0.0,0.0,0.0,0.0,0.0,5.0,0.0,0.0,No,Yes,No,No,No,No,No,No,No,No,No,No,No,No,No,No,No,No,No,No,No,No,No,No,No,Yes,Site-based - single site,No,No,No,No,No,No,No,No,No,No,No,No,No,No,No,No,No,No,5.0,0.0,,,0.0,5.0,5.0,1.0,4,13,5.0,0.0,Shelter
2025.0,ES,Los Angeles LGBT Center,"CES Crisis Housing Program Youth ""Entry/Exit",Los Angeles,CA,SPA 4                                             ,13,3,062118,Yes,Current,,,0.0,0.0,9.0,0.0,0.0,0.0,0.0,0.0,9.0,0.0,0.0,No,Yes,No,No,No,No,No,No,No,No,No,No,No,No,No,No,No,No,No,No,No,No,No,No,No,Yes,Site-based - single site,No,No,No,No,No,No,No,No,No,No,No,No,No,No,No,No,No,No,9.0,0.0,,,0.0,9.0,9.0,1.0,4,13,9.0,0.0,Shelter
2025.0,TH,Los Angeles LGBT Center,CES Transitional Housing Youth (New),Los Angeles,CA,SPA 4                                             ,13,3,062118,Yes,Current,,,0.0,0.0,44.0,0.0,0.0,0.0,0.0,0.0,44.0,0.0,0.0,No,Yes,No,No,No,No,No,No,No,No,No,No,No,No,No,No,No,No,No,No,No,No,No,No,No,Yes,Site-based - single site,No,No,No,No,No,No,No,No,No,No,No,No,No,No,No,No,No,No,44.0,0.0,,,0.0,43.0,44.0,0.9772727272727272,4,13,43.0,1.0,Shelter
2025.0,ES,Los Angeles LGBT Center,DMH Center Youth Enhanced Emergency Shelter Program,Los Angeles,CA,SPA 4                                             ,13,3,062118,No,Current,,,0.0,0.0,20.0,0.0,0.0,0.0,0.0,0.0,20.0,0.0,0.0,No,Yes,No,No,No,No,No,No,No,No,No,No,No,No,No,No,No,No,No,No,No,No,No,No,No,Yes,Site-based - single site,No,No,No,No,No,No,No,No,No,No,No,No,No,No,No,No,No,No,20.0,0.0,,,0.0,19.0,20.0,0.95,4,13,19.0,1.0,Shelter
2025.0,TH,Los Angeles LGBT Center,Host Homes Transitional Housing,Los Angeles,CA,SPA 4                                             ,13,3,062118,Yes,Current,,,0.0,0.0,10.0,0.0,0.0,0.0,0.0,0.0,10.0,0.0,0.0,No,Yes,No,No,No,No,No,No,No,No,No,No,No,No,No,No,No,No,No,No,No,No,No,No,No,Yes,Tenant-based - scattered site,No,No,No,No,No,No,No,No,No,No,No,No,No,No,No,No,No,No,10.0,0.0,,,0.0,5.0,10.0,0.5,4,13,5.0,5.0,Shelter
2025.0,PSH,Los Angeles LGBT Center,PBV McCadden Plaza Senior Housng,Los Angeles,CA,SPA 4                                             ,13,3,062118,No,Current,,,0.0,0.0,25.0,0.0,0.0,0.0,0.0,0.0,0.0,0.0,0.0,No,Yes,No,No,No,No,No,No,No,No,No,No,No,No,No,No,No,No,No,No,No,No,No,No,No,Yes,Site-based - single site,No,No,No,No,No,No,No,No,No,No,No,No,No,No,No,No,No,No,25.0,0.0,,,0.0,24.0,25.0,0.96,4,13,24.0,1.0,Permanent Housing
2025.0,PSH,Los Angeles LGBT Center,PBV McCadden Plaza Youth Housing,Los Angeles,CA,SPA 4                                             ,13,3,062118,No,Current,,,0.0,0.0,25.0,0.0,0.0,0.0,0.0,0.0,25.0,0.0,0.0,No,Yes,No,No,No,No,No,No,No,No,No,No,No,No,No,No,No,No,No,No,No,No,No,No,No,Yes,Site-based - single site,No,No,No,No,No,No,No,No,No,No,No,No,No,No,No,No,No,No,25.0,0.0,,,0.0,23.0,25.0,0.92,4,13,23.0,2.0,Permanent Housing
2025.0,TH,Los Angeles LGBT Center,RHY Transitional Living Program,Los Angeles,CA,SPA 4                                             ,13,3,062118,Yes,Current,,,0.0,0.0,11.0,0.0,0.0,0.0,0.0,0.0,11.0,0.0,0.0,No,Yes,No,No,No,No,No,No,No,No,No,No,No,No,Yes,No,No,No,No,No,No,No,No,No,No,No,Site-based - single site,No,No,No,No,No,No,No,No,No,No,No,No,No,No,No,No,No,No,11.0,0.0,,,0.0,12.0,11.0,1.0909090909090908,4,13,12.0,0.0,Shelter
2025.0,RRH,Los Angeles LGBT Center,TLS Adult SPA 4,Los Angeles,CA,SPA 4                                             ,13,3,062118,Yes,Current,,,0.0,0.0,44.0,0.0,0.0,0.0,0.0,0.0,0.0,0.0,0.0,No,Yes,No,No,No,No,No,No,No,No,No,No,No,No,No,No,No,No,No,No,No,No,No,No,No,Yes,Tenant-based - scattered site,No,No,No,No,No,No,No,No,No,No,No,No,No,No,No,No,No,No,44.0,0.0,,,0.0,44.0,44.0,1.0,4,13,44.0,0.0,Permanent Housing
2025.0,RRH,Los Angeles LGBT Center,TLS Youth SPA 4,Los Angeles,CA,SPA 4                                             ,13,3,062118,Yes,Current,,,0.0,0.0,17.0,0.0,0.0,0.0,0.0,0.0,17.0,0.0,0.0,No,Yes,No,No,No,No,No,No,No,No,No,No,No,No,No,No,No,No,No,No,No,No,No,No,No,Yes,Tenant-based - scattered site,No,No,No,No,No,No,No,No,No,No,No,No,No,No,No,No,No,No,17.0,0.0,,,0.0,17.0,17.0,1.0,4,13,17.0,0.0,Permanent Housing
2025.0,TH,Los Angeles LGBT Center,YHDP TH-Joint Component,Los Angeles,CA,SPA 4                                             ,13,3,062118,Yes,Current,,,0.0,0.0,8.0,0.0,0.0,0.0,0.0,0.0,8.0,0.0,0.0,No,Yes,No,No,No,No,No,No,No,No,No,No,No,No,No,No,No,No,No,No,No,No,No,No,No,Yes,Site-based - single site,Yes,No,No,No,No,No,No,No,No,No,Yes,No,No,No,Yes,No,No,No,8.0,0.0,,,0.0,7.0,8.0,0.875,4,13,7.0,1.0,Shelter
2025.0,RRH,Los Angeles LGBT Center,YHDP TLS-Joint Component,Los Angeles,CA,SPA 4                                             ,13,3,062118,Yes,Current,,,0.0,0.0,14.0,0.0,0.0,0.0,0.0,0.0,0.0,0.0,0.0,No,Yes,No,No,No,No,No,No,No,No,No,No,No,No,No,No,No,No,No,No,No,No,No,No,No,Yes,Tenant-based - scattered site,Yes,No,No,No,No,No,No,No,No,No,Yes,No,No,No,Yes,No,No,No,14.0,0.0,,,0.0,14.0,14.0,1.0,4,13,14.0,0.0,Permanent Housing
2025.0,TH,Los Angeles Mission,Anne Douglas Center for Women,Los Angeles,CA,SPA 4                                             ,14,1,062118,No,Current,,,105.0,35.0,0.0,0.0,0.0,0.0,0.0,0.0,0.0,0.0,0.0,No,No,No,No,No,No,No,No,No,No,No,No,No,No,No,No,No,No,No,No,No,No,No,No,No,No,Site-based - single site,No,No,No,No,No,No,No,No,No,No,No,No,No,No,No,No,No,No,105.0,0.0,,,0.0,22.0,105.0,0.2095238095238095,4,14,22.0,83.0,Shelter
2025.0,TH,Los Angeles Mission,Fresh Start,Los Angeles,CA,SPA 4                                             ,14,1,062118,No,Current,,,0.0,0.0,150.0,0.0,0.0,0.0,0.0,0.0,0.0,0.0,0.0,No,No,No,No,No,No,No,No,No,No,No,No,No,No,No,No,No,No,No,No,No,No,No,No,No,No,Site-based - single site,No,No,No,No,No,No,No,No,No,No,No,No,No,No,No,No,No,No,150.0,0.0,,,0.0,91.0,150.0,0.6066666666666667,4,14,91.0,59.0,Shelter
2025.0,TH,Los Angeles Room and Board,CES Transitional Housing Dunamis,Los Angeles,CA,SPA 4                                             ,14,1,062118,Yes,Current,,,0.0,0.0,40.0,0.0,0.0,0.0,0.0,0.0,0.0,0.0,0.0,No,Yes,No,No,No,No,No,No,No,No,No,No,No,No,No,No,No,No,No,No,No,No,No,No,No,Yes,Site-based - single site,No,No,No,No,No,No,No,No,No,No,No,No,No,No,No,No,No,No,40.0,0.0,,,0.0,37.0,40.0,0.925,4,14,37.0,3.0,Shelter
2025.0,TH,Los Angeles Room and Board,CES Transitional Housing Excelsior,Los Angeles,CA,SPA 4                                             ,13,1,062118,Yes,Current,,,0.0,0.0,29.0,0.0,0.0,0.0,0.0,0.0,0.0,0.0,0.0,No,Yes,No,No,No,No,No,No,No,No,No,No,No,No,No,No,No,No,No,No,No,No,No,No,No,Yes,Site-based - single site,No,No,No,No,No,No,No,No,No,No,No,No,No,No,No,No,No,No,29.0,0.0,,,0.0,28.0,29.0,0.9655172413793104,4,13,28.0,1.0,Shelter
2025.0,TH,Los Angeles Room and Board,Transitional Housing Dunamis - PF,Los Angeles,CA,SPA 4                                             ,14,1,062118,Yes,Current,,,0.0,0.0,15.0,0.0,0.0,0.0,0.0,0.0,0.0,0.0,0.0,No,Yes,No,No,No,No,No,No,No,No,No,No,No,No,No,No,No,No,No,No,No,No,No,No,No,Yes,Site-based - single site,No,No,No,No,No,No,No,No,No,No,No,No,No,No,No,No,No,No,15.0,0.0,,,0.0,4.0,15.0,0.2666666666666666,4,14,4.0,11.0,Shelter
2025.0,TH,Los Angeles Room and Board,Transitional Housing Excelsior - PF,Los Angeles,CA,SPA 4                                             ,13,1,062118,Yes,Current,,,0.0,0.0,2.0,0.0,0.0,0.0,0.0,0.0,0.0,0.0,0.0,No,Yes,No,No,No,No,No,No,No,No,No,No,No,No,No,No,No,No,No,No,No,No,No,No,No,Yes,Site-based - single site,No,No,No,No,No,No,No,No,No,No,No,No,No,No,No,No,No,No,2.0,0.0,,,0.0,2.0,2.0,1.0,4,13,2.0,0.0,Shelter
2025.0,RRH,Los Angeles Trade Technical (LATTC),CCCO/HHIP Rapid Re-Housing,Los Angeles,CA,SPA 4                                             ,9,1,062118,Yes,Current,,,0.0,0.0,2.0,0.0,0.0,0.0,0.0,0.0,0.0,0.0,0.0,No,Yes,No,No,No,No,No,No,No,No,No,No,No,No,No,No,No,No,No,No,No,No,No,No,No,Yes,Tenant-based - scattered site,No,No,No,No,No,No,No,No,No,No,No,No,No,No,No,No,No,No,2.0,0.0,,,0.0,2.0,2.0,1.0,4,9,2.0,0.0,Permanent Housing
2025.0,ES,Los Angeles Youth Network,"CES Crisis Housing Program Youth (New) ""Entry/Exit",Los Angeles,CA,SPA 4                                             ,13,3,062118,Yes,Current,,,0.0,0.0,15.0,0.0,0.0,0.0,0.0,0.0,15.0,0.0,0.0,No,Yes,No,No,No,No,No,No,No,No,No,No,No,No,No,No,No,No,No,No,No,No,No,No,No,Yes,Site-based - clustered / multiple sites,No,No,No,No,No,No,No,No,No,No,No,No,No,No,No,No,No,No,15.0,0.0,,,0.0,7.0,15.0,0.4666666666666667,4,13,7.0,8.0,Shelter
2025.0,ES,Los Angeles Youth Network,"CES Crisis Housing Unaccompanied Minors (New) ""Entry/Exit",Los Angeles,CA,SPA 4                                             ,13,3,062118,Yes,Current,,,0.0,0.0,0.0,6.0,0.0,0.0,0.0,0.0,0.0,0.0,0.0,No,Yes,No,No,No,No,No,No,No,No,No,No,Yes,No,No,No,No,No,No,No,No,No,No,No,No,Yes,Site-based - clustered / multiple sites,No,No,No,No,No,No,No,No,No,No,No,No,No,No,No,No,No,No,6.0,0.0,,,0.0,3.0,6.0,0.5,4,13,3.0,3.0,Shelter
2025.0,TH,Los Angeles Youth Network,CES Measure H Transitional Housing Youth Program,Los Angeles,CA,SPA 4                                             ,13,3,062118,Yes,Current,,,0.0,0.0,10.0,0.0,0.0,0.0,0.0,0.0,10.0,0.0,0.0,No,Yes,No,No,No,No,No,No,No,No,No,No,No,No,No,No,No,No,No,No,No,No,No,No,No,Yes,Site-based - clustered / multiple sites,No,No,No,No,No,No,No,No,No,No,No,No,No,No,No,No,No,No,10.0,0.0,,,0.0,9.0,10.0,0.9,4,13,9.0,1.0,Shelter
2025.0,ES,Los Angeles Youth Network,CES Transitional Housing Youth Program,Los Angeles,CA,SPA 4                                             ,4,5,062118,Yes,Current,,,0.0,0.0,17.0,0.0,0.0,0.0,0.0,0.0,17.0,0.0,0.0,No,Yes,No,No,No,No,No,No,No,No,No,No,Yes,No,No,No,No,No,No,No,No,No,No,No,No,Yes,Site-based - clustered / multiple sites,No,No,No,No,No,No,No,No,No,No,No,No,No,No,No,No,No,No,17.0,0.0,,,0.0,13.0,17.0,0.7647058823529411,4,4,13.0,4.0,Shelter
2025.0,PSH,LTSC Community Development Corporation,CA0373 Far East Building,Los Angeles,CA,SPA 4                                             ,14,1,069037,Yes,Current,,,0.0,0.0,4.0,0.0,0.0,0.0,0.0,0.0,0.0,0.0,0.0,No,Yes,No,No,No,No,No,No,No,No,No,No,No,No,No,No,No,No,No,No,No,No,No,No,No,Yes,Site-based - single site,No,No,No,No,No,No,No,No,No,No,No,No,No,No,No,No,No,No,4.0,0.0,,,0.0,4.0,4.0,1.0,4,14,4.0,0.0,Permanent Housing
2025.0,OPH,LTSC Community Development Corporation,Sec 8 Far East Building,Los Angeles,CA,SPA 4                                             ,14,1,069037,Yes,Current,,,0.0,0.0,4.0,0.0,0.0,0.0,0.0,0.0,0.0,0.0,0.0,No,No,No,No,No,No,No,No,No,No,No,No,No,No,No,No,No,No,No,No,No,No,No,No,No,No,Tenant-based - scattered site,No,No,No,No,No,No,No,No,No,No,No,No,No,No,No,No,No,No,4.0,0.0,,,0.0,4.0,4.0,1.0,4,14,4.0,0.0,Permanent Housing
2025.0,PSH,Lutheran Social Services of Southern California,LSS (HDAP D7),Los Angeles,CA,SPA 4                                             ,14,1,062118,Yes,Current,,,0.0,0.0,36.0,0.0,0.0,0.0,0.0,0.0,0.0,0.0,0.0,No,Yes,No,No,No,No,No,No,No,No,No,No,No,No,No,No,No,No,No,No,No,No,No,No,No,Yes,Tenant-based - scattered site,No,No,No,No,No,No,No,No,No,No,No,No,No,No,No,No,No,No,36.0,0.0,,,0.0,42.0,36.0,1.1666666666666667,4,14,42.0,0.0,Permanent Housing
2025.0,PSH,Lutheran Social Services of Southern California,LSS EHV (HDAP),Los Angeles,CA,SPA 4                                             ,14,1,062118,Yes,Current,,,0.0,0.0,13.0,0.0,0.0,0.0,0.0,0.0,0.0,0.0,0.0,No,Yes,No,No,No,No,No,No,No,No,No,No,No,No,No,No,No,No,No,No,No,No,No,No,No,Yes,Tenant-based - scattered site,No,No,No,No,No,No,No,No,No,No,No,No,No,No,No,No,No,No,13.0,0.0,,,0.0,7.0,13.0,0.5384615384615384,4,14,7.0,6.0,Permanent Housing
2025.0,PSH,Lutheran Social Services of Southern California,LSS Scattered 2 (D7),Los Angeles,CA,SPA 4                                             ,14,1,062118,Yes,Current,,,0.0,0.0,16.0,0.0,0.0,0.0,0.0,0.0,0.0,0.0,0.0,No,Yes,No,No,No,No,No,No,No,No,No,No,No,No,No,No,No,No,No,No,No,No,No,No,No,Yes,Tenant-based - scattered site,No,No,No,No,No,No,No,No,No,No,No,No,No,No,No,No,No,No,16.0,0.0,,,0.0,13.0,16.0,0.8125,4,14,13.0,3.0,Permanent Housing
2025.0,PSH,Lutheran Social Services of Southern California,LSS TBV (HDAP),Los Angeles,CA,SPA 4                                             ,14,1,062118,Yes,Current,,,0.0,0.0,7.0,0.0,0.0,0.0,0.0,0.0,0.0,0.0,0.0,No,Yes,No,No,No,No,No,No,No,No,No,No,No,No,No,No,No,No,No,No,No,No,No,No,No,Yes,Tenant-based - scattered site,No,No,No,No,No,No,No,No,No,No,No,No,No,No,No,No,No,No,7.0,0.0,,,0.0,3.0,7.0,0.4285714285714285,4,14,3.0,4.0,Permanent Housing
2025.0,ES,Measure of Hearts,Measure of Hearts - 233 E 62nd St,Los Angeles,CA,SPA 6                                             ,9,2,062118,Yes,Current,,,0.0,0.0,5.0,0.0,0.0,0.0,0.0,0.0,0.0,0.0,0.0,No,Yes,No,No,No,No,No,No,No,No,No,No,No,No,No,No,No,No,No,No,No,No,No,No,No,Yes,Site-based - single site,No,No,No,No,No,No,No,No,No,No,No,No,No,No,No,No,No,No,5.0,0.0,,,0.0,2.0,5.0,0.4,6,9,2.0,3.0,Shelter
2025.0,ES,Measure of Hearts,Measure of Hearts - 235 E 62nd St,Los Angeles,CA,SPA 6                                             ,9,2,062118,Yes,Current,,,0.0,0.0,5.0,0.0,0.0,0.0,0.0,0.0,0.0,0.0,0.0,No,Yes,No,No,No,No,No,No,No,No,No,No,No,No,No,No,No,No,No,No,No,No,No,No,No,Yes,Site-based - single site,No,No,No,No,No,No,No,No,No,No,No,No,No,No,No,No,No,No,5.0,0.0,,,0.0,5.0,5.0,1.0,6,9,5.0,0.0,Shelter
2025.0,ES,Measure of Hearts,Measure of Hearts - 324 W 46th St,Los Angeles,CA,SPA 6                                             ,9,2,062118,Yes,Current,,,0.0,0.0,5.0,0.0,0.0,0.0,0.0,0.0,0.0,0.0,0.0,No,Yes,No,No,No,No,No,No,No,No,No,No,No,No,No,No,No,No,No,No,No,No,No,No,No,Yes,Site-based - single site,No,No,No,No,No,No,No,No,No,No,No,No,No,No,No,No,No,No,5.0,0.0,,,0.0,4.0,5.0,0.8,6,9,4.0,1.0,Shelter
2025.0,ES,Measure of Hearts,Measure of Hearts - 326 W 46th St,Los Angeles,CA,SPA 6                                             ,9,2,062118,Yes,Current,,,0.0,0.0,5.0,0.0,0.0,0.0,0.0,0.0,0.0,0.0,0.0,No,Yes,No,No,No,No,No,No,No,No,No,No,No,No,No,No,No,No,No,No,No,No,No,No,No,Yes,Site-based - single site,No,No,No,No,No,No,No,No,No,No,No,No,No,No,No,No,No,No,5.0,0.0,,,0.0,6.0,5.0,1.2,6,9,6.0,0.0,Shelter
2025.0,ES,Measure of Hearts,Measure of Hearts - 5838 Bonsallo Ave,Los Angeles,CA,SPA 6                                             ,9,2,062118,Yes,Current,,,0.0,0.0,5.0,0.0,0.0,0.0,0.0,0.0,0.0,0.0,0.0,No,Yes,No,No,No,No,No,No,No,No,No,No,No,No,No,No,No,No,No,No,No,No,No,No,No,Yes,Site-based - single site,No,No,No,No,No,No,No,No,No,No,No,No,No,No,No,No,No,No,5.0,0.0,,,0.0,4.0,5.0,0.8,6,9,4.0,1.0,Shelter
2025.0,ES,Measure of Hearts,Measure of Hearts  5840 Bonsallo Ave,Los Angeles,CA,SPA 6                                             ,9,2,062118,Yes,Current,,,0.0,0.0,5.0,0.0,0.0,0.0,0.0,0.0,0.0,0.0,0.0,No,Yes,No,No,No,No,No,No,No,No,No,No,No,No,No,No,No,No,No,No,No,No,No,No,No,Yes,Site-based - single site,No,No,No,No,No,No,No,No,No,No,No,No,No,No,No,No,No,No,5.0,0.0,,,0.0,4.0,5.0,0.8,6,9,4.0,1.0,Shelter
2025.0,PSH,Mental Health America,CA0420 HACLA Crossroads Village,Los Angeles,CA,SPA 4                                             ,0,2,062118,Yes,Current,,,0.0,0.0,20.0,0.0,0.0,0.0,0.0,0.0,0.0,0.0,0.0,No,No,No,No,No,No,No,No,No,No,No,No,No,No,No,No,No,No,No,No,No,No,No,No,No,No,Site-based - single site,No,No,No,No,No,No,No,No,No,No,No,No,No,No,No,No,No,No,20.0,0.0,,,0.0,15.0,20.0,0.75,4,0,15.0,5.0,Permanent Housing
2025.0,PSH,Mental Health America,CA0742 Mental Health America,Lancaster,CA,SPA 1                                             ,0,5,061914,Yes,Current,,,22.0,5.0,66.0,0.0,0.0,0.0,0.0,0.0,0.0,0.0,0.0,No,No,No,No,No,No,No,No,No,No,No,No,No,No,No,No,No,No,No,No,No,No,No,No,No,No,Site-based - single site,No,No,No,No,No,No,No,No,No,No,No,No,No,No,No,No,No,No,88.0,0.0,,,0.0,84.0,88.0,0.9545454545454546,1,0,84.0,4.0,Permanent Housing
2025.0,PSH,Mental Health America,MHA AV Courson Arts Colony East (D7),Palmdale,CA,SPA 1                                             ,0,5,062658,Yes,Current,,,0.0,0.0,19.0,0.0,0.0,0.0,0.0,0.0,0.0,0.0,0.0,No,Yes,No,No,No,No,No,No,No,No,No,No,No,No,No,No,No,No,No,No,No,No,No,No,No,Yes,Site-based - single site,No,No,No,No,No,No,No,No,No,No,No,No,No,No,No,No,No,No,19.0,0.0,,,0.0,21.0,19.0,1.105263157894737,1,0,21.0,0.0,Permanent Housing
2025.0,PSH,Mental Health America,MHA AV Insite Building (DHS),Lancaster,CA,SPA 1                                             ,0,5,061914,Yes,Current,,,0.0,0.0,18.0,0.0,0.0,0.0,0.0,0.0,0.0,0.0,0.0,No,Yes,No,No,No,No,No,No,No,No,No,No,No,No,No,No,No,No,No,No,No,No,No,No,No,Yes,Site-based - single site,No,No,No,No,No,No,No,No,No,No,No,No,No,No,No,No,No,No,18.0,0.0,,,0.0,16.0,18.0,0.8888888888888888,1,0,16.0,2.0,Permanent Housing
2025.0,PSH,Mental Health America,MHA AV Scattered 1 (D7),Los Angeles,CA,SPA 4                                             ,14,1,062118,Yes,Current,,,0.0,0.0,167.0,0.0,0.0,0.0,0.0,0.0,0.0,0.0,0.0,No,Yes,No,No,No,No,No,No,No,No,No,No,No,No,No,No,No,No,No,No,No,No,No,No,No,Yes,Tenant-based - scattered site,No,No,No,No,No,No,No,No,No,No,No,No,No,No,No,No,No,No,167.0,0.0,,,0.0,149.0,167.0,0.8922155688622755,4,14,149.0,18.0,Permanent Housing
2025.0,PSH,Mental Health America,PBV Courson Arts Colony West,Palmdale,CA,SPA 1                                             ,0,5,061914,No,Current,,,2.0,1.0,8.0,0.0,0.0,0.0,0.0,8.0,0.0,0.0,0.0,No,No,No,No,No,No,No,No,No,No,No,No,No,No,No,No,No,No,No,No,No,No,No,No,No,No,Site-based - single site,No,No,No,No,No,No,No,No,No,No,No,No,No,No,No,No,No,No,10.0,0.0,,,0.0,8.0,10.0,0.8,1,0,8.0,2.0,Permanent Housing
2025.0,RRH,Mental Health America,SSVF RRH,Lancaster,CA,SPA 1                                             ,0,5,061914,Yes,Current,,,37.0,14.0,37.0,0.0,37.0,0.0,0.0,37.0,0.0,0.0,0.0,No,Yes,No,Yes,No,No,No,No,No,No,No,No,No,No,No,No,No,No,No,No,No,No,No,No,No,No,Tenant-based - scattered site,No,No,No,No,No,No,No,No,No,No,No,No,No,No,No,No,No,No,74.0,0.0,,,0.0,74.0,74.0,1.0,1,0,74.0,0.0,Permanent Housing
2025.0,ES,Mercy House,Bellflower Temporary Emergency Shelter,Bellflower,CA,SPA 7                                             ,0,4,060288,Yes,Current,,,0.0,0.0,50.0,0.0,0.0,0.0,0.0,0.0,0.0,0.0,0.0,No,Yes,No,No,No,No,No,No,No,No,No,No,No,No,No,No,No,No,No,No,No,No,No,No,No,Yes,Site-based - single site,No,No,No,No,No,No,No,No,No,No,No,No,No,No,No,No,No,No,50.0,0.0,,,0.0,37.0,50.0,0.74,7,0,37.0,13.0,Shelter
2025.0,PSH,"Mercy Housing, Inc.",VVHP - Veteran Villas at San Antonio,Norwalk,CA,SPA 7                                             ,0,4,062490,Yes,Current,,,0.0,0.0,2.0,0.0,0.0,0.0,0.0,2.0,0.0,0.0,0.0,No,Yes,No,No,No,No,No,No,No,No,No,No,No,No,No,No,No,No,No,No,No,No,No,No,No,Yes,Site-based - single site,No,No,No,No,No,No,No,No,No,No,No,No,No,No,No,No,No,No,2.0,0.0,,,0.0,0.0,2.0,0.0,7,0,0.0,2.0,Permanent Housing
2025.0,PSH,Meta Housing Corp,Metro at Western,Los Angeles,CA,SPA 6                                             ,8,2,062118,No,Current,,,30.0,15.0,17.0,0.0,0.0,0.0,0.0,0.0,0.0,0.0,0.0,No,Yes,No,No,No,No,No,No,No,No,No,No,No,No,No,No,No,No,No,No,No,Yes,No,No,No,No,Site-based - single site,No,No,No,No,No,No,No,No,No,No,No,No,No,No,No,No,No,No,47.0,0.0,,,0.0,47.0,47.0,1.0,6,8,47.0,0.0,Permanent Housing
2025.0,ES,National Health Foundation,"CES Crisis Housing Program ""Entry/Exit",Los Angeles,CA,SPA 4                                             ,1,1,062118,Yes,Current,,,0.0,0.0,7.0,0.0,0.0,0.0,0.0,0.0,0.0,0.0,0.0,No,Yes,No,No,No,No,No,No,No,No,No,No,No,No,No,No,No,No,No,No,No,No,No,No,No,Yes,Site-based - single site,No,No,No,No,No,No,No,No,No,No,No,No,No,No,No,No,No,No,7.0,0.0,,,0.0,3.0,7.0,0.4285714285714285,4,1,3.0,4.0,Shelter
2025.0,ES,National Health Foundation,"CES Enhanced Bridge Housing Older Adults ""Entry/Exit",Los Angeles,CA,SPA 4                                             ,1,1,062118,Yes,Current,,,0.0,0.0,3.0,0.0,0.0,0.0,0.0,0.0,0.0,0.0,0.0,No,Yes,No,No,No,No,No,No,No,No,No,No,No,No,No,No,No,No,No,No,No,No,No,No,No,Yes,Site-based - single site,No,No,No,No,No,No,No,No,No,No,No,No,No,No,No,No,No,No,3.0,0.0,,,0.0,3.0,3.0,1.0,4,1,3.0,0.0,Shelter
2025.0,ES,National Health Foundation,DHS Interim Housing,Los Angeles,CA,SPA 6                                             ,10,2,062118,Yes,Current,,,0.0,0.0,24.0,0.0,0.0,0.0,0.0,0.0,0.0,0.0,0.0,No,No,No,No,No,No,No,No,No,No,No,No,No,No,No,No,No,No,No,No,No,No,No,No,No,No,Site-based - single site,No,No,No,No,No,No,No,No,No,No,No,No,No,No,No,No,No,No,24.0,0.0,,,0.0,20.0,24.0,0.8333333333333334,6,10,20.0,4.0,Shelter
2025.0,ES,National Health Foundation,"PHK CITY Arleta Enhanced Older Adults ""Entry/Exit",Pacoima,CA,SPA 2                                             ,6,3,069037,Yes,Current,,,0.0,0.0,66.0,0.0,0.0,0.0,0.0,0.0,0.0,0.0,0.0,No,Yes,No,No,No,No,No,No,No,No,No,No,No,No,No,No,No,No,No,No,No,No,No,No,No,Yes,Site-based - single site,No,No,No,No,No,No,No,No,No,No,No,No,No,No,No,No,No,No,66.0,0.0,,,0.0,68.0,66.0,1.0303030303030305,2,6,68.0,0.0,Shelter
2025.0,PSH,New Directions for Veterans,Baldwin Rose,El Monte,CA,SPA 3                                             ,0,1,061152,Yes,Current,,,0.0,0.0,22.0,0.0,0.0,0.0,0.0,22.0,0.0,0.0,0.0,No,Yes,Yes,No,No,No,No,No,No,No,No,No,No,No,No,No,No,No,No,No,No,No,No,No,No,Yes,Site-based - single site,No,No,No,No,No,No,No,No,No,No,No,No,No,No,No,No,No,No,22.0,0.0,,,0.0,16.0,22.0,0.7272727272727273,3,0,16.0,6.0,Permanent Housing
2025.0,PSH,New Directions for Veterans,Beswick Guy Gabaldon,Los Angeles,CA,SPA 4                                             ,14,1,062118,Yes,Current,,,0.0,0.0,32.0,0.0,0.0,0.0,0.0,32.0,0.0,0.0,0.0,No,No,No,No,No,No,No,No,No,No,No,No,No,No,No,No,No,No,No,No,No,No,No,No,No,No,Site-based - single site,No,No,No,No,No,No,No,No,No,No,No,No,No,No,No,No,No,No,32.0,0.0,,,0.0,32.0,32.0,1.0,4,14,32.0,0.0,Permanent Housing
2025.0,PSH,New Directions for Veterans,Burbank Bungalows,Los Angeles,CA,SPA 5                                             ,0,3,062118,Yes,Current,,,0.0,0.0,11.0,0.0,0.0,0.0,0.0,11.0,0.0,0.0,0.0,No,No,No,No,No,No,No,No,No,No,No,No,No,No,No,No,No,No,No,No,No,No,No,No,No,No,Tenant-based - scattered site,No,No,No,No,No,No,No,No,No,No,No,No,No,No,No,No,No,No,11.0,0.0,,,0.0,8.0,11.0,0.7272727272727273,5,0,8.0,3.0,Permanent Housing
2025.0,PSH,New Directions for Veterans,CA1107 Shelter Plus Care 3,Los Angeles,CA,SPA 5                                             ,0,3,062118,Yes,Current,,,0.0,0.0,6.0,0.0,0.0,0.0,0.0,0.0,0.0,0.0,0.0,No,No,No,No,No,No,No,No,No,No,No,No,No,No,No,No,No,No,No,No,No,No,No,No,No,No,Tenant-based - scattered site,No,No,No,No,No,No,No,No,No,No,No,No,No,No,No,No,No,No,6.0,0.0,,,0.0,6.0,6.0,1.0,5,0,6.0,0.0,Permanent Housing
2025.0,ES,New Directions for Veterans,"CES Bridge Housing Program ""Entry/Exit",Los Angeles,CA,SPA 5                                             ,0,3,062118,Yes,Current,,,0.0,0.0,5.0,0.0,0.0,0.0,0.0,0.0,0.0,0.0,0.0,No,Yes,No,No,No,No,No,No,No,No,No,No,No,No,No,No,No,No,No,No,No,No,No,No,No,Yes,Site-based - single site,No,No,No,No,No,No,No,No,No,No,No,No,No,No,No,No,No,No,5.0,0.0,,,0.0,1.0,5.0,0.2,5,0,1.0,4.0,Shelter
2025.0,PSH,New Directions for Veterans,El Monte Veterans Village,El Monte,CA,SPA 3                                             ,0,1,061152,Yes,Current,,,0.0,0.0,40.0,0.0,0.0,0.0,0.0,40.0,0.0,0.0,0.0,No,Yes,Yes,No,No,No,No,No,No,No,No,No,No,No,No,No,No,No,No,No,No,No,No,No,No,No,Tenant-based - scattered site,No,No,No,No,No,No,No,No,No,No,No,No,No,No,No,No,No,No,40.0,0.0,,,0.0,40.0,40.0,1.0,3,0,40.0,0.0,Permanent Housing
2025.0,ES,New Directions for Veterans,HCHV 257 Bridge Welcome Center,Los Angeles,CA,SPA 5                                             ,0,3,062118,Yes,Current,,,0.0,0.0,18.0,0.0,0.0,0.0,0.0,18.0,0.0,0.0,0.0,No,Yes,No,No,No,No,No,No,No,No,Yes,No,No,No,No,No,No,No,No,No,No,No,No,No,No,No,Site-based - single site,No,No,No,No,No,No,No,No,No,No,No,No,No,No,No,No,No,No,18.0,0.0,,,0.0,18.0,18.0,1.0,5,0,18.0,0.0,Shelter
2025.0,PSH,New Directions for Veterans,MacArthur Field A,San Pedro,CA,SPA 8                                             ,15,4,069037,Yes,Current,,,0.0,0.0,74.0,0.0,0.0,0.0,0.0,74.0,0.0,0.0,0.0,No,Yes,Yes,No,No,No,No,No,No,No,No,No,No,No,No,No,No,No,No,No,No,No,No,No,No,No,Site-based - single site,No,No,No,No,No,No,No,No,No,No,No,No,No,No,No,No,No,No,74.0,0.0,,,0.0,67.0,74.0,0.9054054054054054,8,15,67.0,7.0,Permanent Housing
2025.0,TH,New Directions for Veterans,NEW - Keaveney House,Los Angeles,CA,SPA 5                                             ,0,3,062118,Yes,Current,,,0.0,0.0,2.0,0.0,0.0,0.0,0.0,0.0,0.0,0.0,0.0,No,No,No,No,No,No,No,No,No,No,No,No,No,No,No,No,No,No,No,No,No,No,No,No,No,No,Site-based - single site,No,No,No,No,No,No,No,No,No,No,No,No,No,No,No,No,No,No,2.0,0.0,,,0.0,2.0,2.0,1.0,5,0,2.0,0.0,Shelter
2025.0,PSH,New Directions for Veterans,NEW - Sepulveda,Los Angeles,CA,SPA 5                                             ,0,3,062118,Yes,Current,,,0.0,0.0,78.0,0.0,0.0,0.0,0.0,78.0,0.0,0.0,0.0,No,No,No,No,No,No,No,No,No,No,No,No,No,No,No,No,No,No,No,No,No,No,No,No,No,No,Site-based - single site,No,No,No,No,No,No,No,No,No,No,No,No,No,No,No,No,No,No,78.0,0.0,,,0.0,78.0,78.0,1.0,5,0,78.0,0.0,Permanent Housing
2025.0,PSH,New Directions for Veterans,New Directions West Adams (Ybarra Village),Los Angeles,CA,SPA 4                                             ,10,2,062118,Yes,Current,,,0.0,0.0,36.0,0.0,0.0,0.0,0.0,36.0,0.0,0.0,0.0,No,Yes,No,No,No,No,No,No,No,No,No,No,No,No,No,No,No,No,No,No,No,No,No,No,No,Yes,Site-based - single site,No,No,No,No,No,No,No,No,No,No,No,No,No,No,No,No,No,No,36.0,0.0,,,0.0,27.0,36.0,0.75,4,10,27.0,9.0,Permanent Housing
2025.0,PSH,New Directions for Veterans,Palo Verde,El Monte,CA,SPA 3                                             ,0,1,061152,Yes,Current,,,0.0,0.0,23.0,0.0,0.0,0.0,0.0,23.0,0.0,0.0,0.0,No,Yes,Yes,No,No,No,No,No,No,No,No,No,No,No,No,No,No,No,No,No,No,No,No,No,No,No,Site-based - single site,No,No,No,No,No,No,No,No,No,No,No,No,No,No,No,No,No,No,23.0,0.0,,,0.0,14.0,23.0,0.6086956521739131,3,0,14.0,9.0,Permanent Housing
2025.0,PSH,New Directions for Veterans,PBV Pico Robertson Senior Community,Los Angeles,CA,SPA 5                                             ,5,3,062118,Yes,Current,,,0.0,0.0,12.0,0.0,0.0,0.0,0.0,12.0,0.0,0.0,0.0,No,Yes,No,No,No,No,No,No,No,No,No,No,No,No,No,No,No,No,No,No,No,No,No,No,No,Yes,Site-based - single site,No,No,No,No,No,No,No,No,No,No,No,No,No,No,No,No,No,No,12.0,0.0,,,0.0,12.0,12.0,1.0,5,5,12.0,0.0,Permanent Housing
2025.0,PSH,New Directions for Veterans,Sepulveda 1 - PSH,Los Angeles,CA,SPA 5                                             ,0,3,062118,Yes,Current,,,0.0,0.0,97.0,0.0,0.0,0.0,0.0,97.0,0.0,0.0,0.0,No,No,No,No,No,No,No,No,No,No,No,No,No,No,No,No,No,No,No,No,No,No,No,No,No,No,Site-based - single site,No,No,No,No,No,No,No,No,No,No,No,No,No,No,No,No,No,No,97.0,0.0,,,0.0,90.0,97.0,0.9278350515463918,5,0,90.0,7.0,Permanent Housing
2025.0,PSH,New Directions for Veterans,Sun Valley Senior Apartments,Los Angeles,CA,SPA 5                                             ,0,3,062118,Yes,Current,,,0.0,0.0,48.0,0.0,0.0,0.0,0.0,48.0,0.0,0.0,0.0,No,No,No,No,No,No,No,No,No,No,No,No,No,No,No,No,No,No,No,No,No,No,No,No,No,No,Site-based - single site,No,No,No,No,No,No,No,No,No,No,No,No,No,No,No,No,No,No,48.0,0.0,,,0.0,45.0,48.0,0.9375,5,0,45.0,3.0,Permanent Housing
2025.0,TH,New Directions for Veterans,VA Clinical Treatment Transitional,Los Angeles,CA,SPA 5                                             ,0,3,062118,Yes,Current,,,0.0,0.0,30.0,0.0,0.0,0.0,0.0,30.0,0.0,0.0,0.0,No,Yes,No,No,No,No,No,Yes,No,No,No,No,No,No,No,No,No,No,No,No,No,No,No,No,No,No,Site-based - single site,No,No,No,No,No,No,No,No,No,No,No,No,No,No,No,No,No,No,30.0,0.0,,,0.0,12.0,30.0,0.4,5,0,12.0,18.0,Shelter
2025.0,SH,New Directions for Veterans,VA Low Demand Transitional,Los Angeles,CA,SPA 5                                             ,0,3,062118,Yes,Current,,,0.0,0.0,60.0,0.0,0.0,0.0,0.0,60.0,0.0,0.0,0.0,No,Yes,No,No,No,Yes,No,No,No,No,No,No,No,No,No,No,No,No,No,No,No,No,No,No,No,No,Site-based - single site,No,No,No,No,No,No,No,No,No,No,No,No,No,No,No,No,No,No,60.0,0.0,,,0.0,50.0,60.0,0.8333333333333334,5,0,50.0,10.0,Shelter
2025.0,PSH,New Directions for Veterans,VASH Whittier Place Apartments Phase II,Los Angeles,CA,SPA 4                                             ,0,1,062118,Yes,Current,,,0.0,0.0,18.0,0.0,0.0,0.0,0.0,18.0,0.0,0.0,0.0,No,Yes,Yes,No,No,No,No,No,No,No,No,No,No,No,No,No,No,No,No,No,No,No,No,No,No,No,Site-based - single site,No,No,No,No,No,No,No,No,No,No,No,No,No,No,No,No,No,No,18.0,0.0,,,0.0,14.0,18.0,0.7777777777777778,4,0,14.0,4.0,Permanent Housing
2025.0,PSH,New Directions for Veterans,Whittier Place Apartments Phase II,Los Angeles,CA,SPA 4                                             ,0,1,062118,Yes,Current,,,0.0,0.0,15.0,0.0,0.0,0.0,0.0,0.0,0.0,0.0,0.0,No,Yes,No,No,No,No,No,No,No,No,No,No,No,No,No,No,No,No,No,No,No,No,No,No,No,Yes,Site-based - single site,No,No,No,No,No,No,No,No,No,No,No,No,No,No,No,No,No,No,15.0,0.0,,,0.0,13.0,15.0,0.8666666666666667,4,0,13.0,2.0,Permanent Housing
2025.0,ES,New Reflections Inc.,"Bridge Housing Roadmap NRI ""Entry/Exit",Los Angeles,CA,SPA 6                                             ,8,2,062118,Yes,Current,,,0.0,0.0,19.0,0.0,0.0,0.0,0.0,0.0,0.0,0.0,0.0,No,Yes,No,No,No,No,No,No,No,No,No,No,No,No,No,No,No,No,No,No,No,No,No,No,No,Yes,Site-based - single site,No,No,No,No,No,No,No,No,No,No,No,No,No,No,No,No,No,No,19.0,0.0,,,0.0,19.0,19.0,1.0,6,8,19.0,0.0,Shelter
2025.0,ES,New Reflections Inc.,Winter Shelter Program Vermont SPA 6,Los Angeles,CA,SPA 6                                             ,8,2,062118,Yes,Current,,,0.0,0.0,0.0,0.0,0.0,0.0,0.0,0.0,0.0,0.0,0.0,No,Yes,No,No,No,No,No,No,No,No,No,No,No,No,No,No,No,No,No,No,No,No,No,No,No,Yes,Site-based - single site,No,No,No,No,No,No,No,No,No,No,No,No,No,No,No,No,No,No,0.0,50.0,2024-11-01,2025-03-31,0.0,58.0,50.0,1.16,6,8,58.0,0.0,Shelter
2025.0,ES,New Reflections Inc.,Winter Shelter Program Western SPA 6,Los Angeles,CA,SPA 6                                             ,8,2,062118,Yes,Current,,,0.0,0.0,0.0,0.0,0.0,0.0,0.0,0.0,0.0,0.0,0.0,No,Yes,No,No,No,No,No,No,No,No,No,No,No,No,No,No,No,No,No,No,No,No,No,No,No,Yes,Site-based - single site,No,No,No,No,No,No,No,No,No,No,No,No,No,No,No,No,No,No,0.0,60.0,2024-11-01,2025-03-31,0.0,57.0,60.0,0.95,6,8,57.0,3.0,Shelter
2025.0,TH,Noahs Foundation Inc.,N.O.A.H's Transitional Living,Los Angeles,CA,SPA 6                                             ,9,2,062118,Yes,Current,,,0.0,0.0,22.0,0.0,0.0,0.0,0.0,0.0,0.0,0.0,0.0,No,Yes,No,No,No,No,No,No,No,No,No,No,No,No,No,No,No,No,No,No,No,No,No,No,No,Yes,Site-based - single site,No,No,No,No,No,No,No,No,No,No,No,No,No,No,No,No,No,No,22.0,0.0,,,0.0,5.0,22.0,0.2272727272727272,6,9,5.0,17.0,Shelter
2025.0,ES,Noho Home Alliance,Encampment to Home (CD4),Van Nuys,CA,SPA 2                                             ,2,3,062118,Yes,Current,,,0.0,0.0,18.0,0.0,0.0,0.0,0.0,0.0,0.0,0.0,0.0,No,Yes,No,No,No,No,No,No,No,No,No,No,No,No,No,No,No,No,No,No,No,No,No,No,No,Yes,Site-based - single site,No,No,No,No,No,No,No,No,No,No,No,No,No,No,No,No,No,No,18.0,0.0,,,0.0,6.0,18.0,0.3333333333333333,2,2,6.0,12.0,Shelter
2025.0,ES,Open Arms Temporary Living,Emergency Housing Independent Living,Los Angeles,CA,SPA 6                                             ,9,2,062118,Yes,Current,,,0.0,0.0,100.0,0.0,0.0,0.0,0.0,0.0,0.0,0.0,0.0,No,No,No,No,No,No,No,No,No,No,No,No,No,No,No,No,No,No,No,No,No,No,No,No,No,No,Site-based - single site,No,No,No,No,No,No,No,No,No,No,No,No,No,No,No,No,No,No,100.0,0.0,,,0.0,59.0,100.0,0.59,6,9,59.0,41.0,Shelter
2025.0,PSH,Pacific Clinics,CA0438 HACLA SPC Scattered Sites,Arcadia,CA,SPA 3                                             ,0,5,069037,Yes,Current,,,0.0,0.0,22.0,0.0,0.0,0.0,0.0,0.0,0.0,0.0,0.0,No,No,No,No,No,No,No,No,No,No,No,No,No,No,No,No,No,No,No,No,No,No,No,No,No,No,Tenant-based - scattered site,No,No,No,No,No,No,No,No,No,No,No,No,No,No,No,No,No,No,22.0,0.0,,,0.0,29.0,22.0,1.318181818181818,3,0,29.0,0.0,Permanent Housing
2025.0,PSH,Pacific Clinics,CA0792 HACoLA SPC Scattered Sites,Arcadia,CA,SPA 3                                             ,0,5,069037,Yes,Current,,,0.0,0.0,36.0,0.0,0.0,0.0,0.0,0.0,0.0,0.0,0.0,No,No,No,No,No,No,No,No,No,No,No,No,No,No,No,No,No,No,No,No,No,No,No,No,No,No,Tenant-based - scattered site,No,No,No,No,No,No,No,No,No,No,No,No,No,No,No,No,No,No,36.0,0.0,,,0.0,32.0,36.0,0.8888888888888888,3,0,32.0,4.0,Permanent Housing
2025.0,PSH,Penny Lane Centers,CA0433 Penny Lane Permanent Housing Program,North Hills,CA,SPA 2                                             ,7,3,062118,Yes,Current,,,12.0,6.0,0.0,0.0,0.0,0.0,0.0,0.0,0.0,0.0,0.0,No,Yes,No,No,No,No,No,No,No,No,No,No,No,No,No,No,No,No,No,No,No,No,No,No,No,Yes,Site-based - single site,No,No,No,No,No,No,No,No,No,No,No,No,No,No,No,No,No,No,12.0,0.0,,,0.0,13.0,12.0,1.0833333333333333,2,7,13.0,0.0,Permanent Housing
2025.0,TH,Penny Lane Centers,Cedar Ridge Transitional Housing,Lancaster,CA,SPA 1                                             ,0,5,061914,Yes,Current,,,0.0,0.0,7.0,0.0,0.0,0.0,0.0,0.0,7.0,0.0,0.0,No,Yes,No,No,No,No,No,No,No,No,No,No,No,No,No,No,No,No,No,No,No,No,No,No,No,Yes,Site-based - single site,No,No,No,No,No,No,No,No,No,No,No,No,No,No,No,No,No,No,7.0,0.0,,,0.0,4.0,7.0,0.5714285714285714,1,0,4.0,3.0,Shelter
2025.0,TH,Penny Lane Centers,CES Transitional Housing Youth (New),North Hills,CA,SPA 2                                             ,6,3,062118,Yes,Current,,,0.0,0.0,48.0,0.0,0.0,0.0,0.0,0.0,48.0,0.0,0.0,No,Yes,No,No,No,No,No,No,No,No,No,No,No,No,No,No,No,No,No,No,No,No,No,No,No,Yes,Site-based - clustered / multiple sites,No,No,No,No,No,No,No,No,No,No,No,No,No,No,No,No,No,No,48.0,0.0,,,0.0,45.0,48.0,0.9375,2,6,45.0,3.0,Shelter
2025.0,PSH,Penny Lane Centers,Mid-Celis Apartments,San Fernando,CA,SPA 2                                             ,0,3,062118,No,Current,,,50.0,13.0,7.0,0.0,0.0,50.0,0.0,0.0,7.0,0.0,0.0,No,No,No,No,No,No,No,No,No,No,No,No,No,No,No,No,No,No,No,No,No,No,No,No,No,No,Site-based - single site,No,No,No,No,No,No,No,No,No,No,No,No,No,No,No,No,No,No,57.0,0.0,,,0.0,61.0,57.0,1.0701754385964912,2,0,61.0,0.0,Permanent Housing
2025.0,PSH,Penny Lane Centers,PBV/VASH Metamorphosis on Foothill,Sylmar,CA,SPA 2                                             ,7,3,062118,No,Current,,,0.0,0.0,47.0,0.0,0.0,0.0,0.0,10.0,0.0,0.0,0.0,No,Yes,Yes,No,No,No,No,No,No,No,No,No,No,No,No,No,No,No,No,No,No,No,No,No,No,Yes,Site-based - single site,No,No,No,No,No,No,No,No,No,No,No,No,No,No,No,No,No,No,47.0,0.0,,,0.0,36.0,47.0,0.7659574468085106,2,7,36.0,11.0,Permanent Housing
2025.0,PSH,Penny Lane Centers,Penny Lane AV Imagine Village (D7),Lancaster,CA,SPA 1                                             ,0,5,061914,Yes,Current,,,36.0,18.0,12.0,0.0,0.0,0.0,0.0,0.0,0.0,0.0,0.0,No,Yes,No,No,No,No,No,No,No,No,No,No,No,No,No,No,No,No,No,No,No,No,No,No,No,Yes,Site-based - single site,No,No,No,No,No,No,No,No,No,No,No,No,No,No,No,No,No,No,48.0,0.0,,,0.0,48.0,48.0,1.0,1,0,48.0,0.0,Permanent Housing
2025.0,PSH,Penny Lane Centers,Penny Lane Moonlight Villas (D7),Pacoima,CA,SPA 2                                             ,7,3,062118,No,Current,,,62.0,17.0,8.0,0.0,0.0,62.0,0.0,0.0,8.0,0.0,0.0,No,Yes,No,No,No,No,No,No,No,No,No,No,No,No,No,No,No,No,No,No,No,No,No,No,No,Yes,Site-based - single site,No,No,No,No,No,No,No,No,No,No,No,No,No,No,No,No,No,No,70.0,0.0,,,0.0,51.0,70.0,0.7285714285714285,2,7,51.0,19.0,Permanent Housing
2025.0,PSH,Penny Lane Centers,Sun Commons,North Hollywood,CA,SPA 2                                             ,2,5,062118,No,Current,,,98.0,24.0,27.0,0.0,0.0,0.0,0.0,0.0,0.0,0.0,0.0,No,Yes,No,No,No,No,No,No,No,No,No,No,No,No,No,No,No,No,No,No,No,No,No,No,No,Yes,Site-based - single site,No,No,No,No,No,No,No,No,No,No,No,No,No,No,No,No,No,No,125.0,0.0,,,0.0,128.0,125.0,1.024,2,2,128.0,0.0,Permanent Housing
2025.0,PSH,People Assisting the Homeless (PATH),83rd Street Housing for Health,Los Angeles,CA,SPA 6                                             ,8,2,062118,Yes,Current,,,0.0,0.0,15.0,0.0,0.0,0.0,0.0,0.0,0.0,0.0,0.0,No,Yes,No,No,No,No,No,No,No,No,No,No,No,No,No,No,No,No,No,No,No,No,No,No,No,Yes,Site-based - single site,No,No,No,No,No,No,No,No,No,No,No,No,No,No,No,No,No,No,15.0,0.0,,,0.0,22.0,15.0,1.4666666666666666,6,8,22.0,0.0,Permanent Housing
2025.0,ES,People Assisting the Homeless (PATH),"A Bridge Home Casa Azul ""Entry/Exit",Los Angeles,CA,SPA 4                                             ,1,1,062118,Yes,Current,,,0.0,0.0,41.0,0.0,0.0,0.0,0.0,0.0,0.0,0.0,0.0,No,Yes,No,No,No,No,No,No,No,No,No,No,No,No,No,No,No,No,No,No,No,No,No,No,No,Yes,Site-based - single site,No,No,No,No,No,No,No,No,No,No,No,No,No,No,No,No,No,No,41.0,0.0,,,0.0,41.0,41.0,1.0,4,1,41.0,0.0,Shelter
2025.0,ES,People Assisting the Homeless (PATH),"A Bridge Home Los Feliz CD4 ""Entry/Exit",Los Angeles,CA,SPA 4                                             ,4,5,062118,Yes,Current,,,0.0,0.0,100.0,0.0,0.0,0.0,0.0,0.0,0.0,0.0,0.0,No,Yes,No,No,No,No,No,No,No,No,No,No,No,No,No,No,No,No,No,No,No,No,No,No,No,Yes,Site-based - single site,No,No,No,No,No,No,No,No,No,No,No,No,No,No,No,No,No,No,100.0,0.0,,,0.0,98.0,100.0,0.98,4,4,98.0,2.0,Shelter
2025.0,ES,People Assisting the Homeless (PATH),"A Bridge Home PAT FSC Crisis Housing Riverside ""Entry/Exit",Los Angeles,CA,SPA 4                                             ,4,5,062118,Yes,Current,,,52.0,26.0,0.0,0.0,0.0,0.0,0.0,0.0,0.0,0.0,0.0,No,Yes,No,No,No,No,No,No,No,No,No,No,No,No,No,No,No,No,No,No,No,No,No,No,No,Yes,Site-based - single site,No,No,No,No,No,No,No,No,No,No,No,No,No,No,No,No,No,No,52.0,0.0,,,0.0,42.0,52.0,0.8076923076923077,4,4,42.0,10.0,Shelter
2025.0,ES,People Assisting the Homeless (PATH),"A Bridge Home PAT FSC Crisis Housing Wallis Aviva ""Entry/Exit",Los Angeles,CA,SPA 4                                             ,4,3,062118,Yes,Current,,,28.0,14.0,0.0,0.0,0.0,0.0,0.0,0.0,0.0,0.0,0.0,No,Yes,No,No,No,No,No,No,No,No,No,No,No,No,No,No,No,No,No,No,No,No,No,No,No,Yes,Site-based - single site,No,No,No,No,No,No,No,No,No,No,No,No,No,No,No,No,No,No,28.0,0.0,,,0.0,27.0,28.0,0.9642857142857144,4,4,27.0,1.0,Shelter
2025.0,ES,People Assisting the Homeless (PATH),"A Bridge Home PAT FSC Crisis Housing Wallis Roadmap ""Entry/Exit",Los Angeles,CA,SPA 4                                             ,4,3,062118,Yes,Current,,,44.0,22.0,0.0,0.0,0.0,0.0,0.0,0.0,0.0,0.0,0.0,No,Yes,No,No,No,No,No,No,No,No,No,No,No,No,No,No,No,No,No,No,No,No,No,No,No,Yes,Site-based - single site,No,No,No,No,No,No,No,No,No,No,No,No,No,No,No,No,No,No,44.0,0.0,,,0.0,40.0,44.0,0.9090909090909092,4,4,40.0,4.0,Shelter
2025.0,ES,People Assisting the Homeless (PATH),"A Bridge Home PAT FSC LA Cienega ""Entry/Exit",Los Angeles,CA,SPA 5                                             ,5,3,062118,Yes,Current,,,36.0,18.0,0.0,0.0,0.0,0.0,0.0,0.0,0.0,0.0,0.0,No,Yes,No,No,No,No,No,No,No,No,No,No,No,No,No,No,No,No,No,No,No,No,No,No,No,Yes,Site-based - single site,No,No,No,No,No,No,No,No,No,No,No,No,No,No,No,No,No,No,36.0,0.0,,,0.0,39.0,36.0,1.0833333333333333,5,5,39.0,0.0,Shelter
2025.0,ES,People Assisting the Homeless (PATH),"A Bridge Home YWCA ""Entry/Exit",Los Angeles,CA,SPA 4                                             ,13,3,062118,Yes,Current,,,0.0,0.0,94.0,0.0,0.0,0.0,0.0,0.0,0.0,0.0,0.0,No,Yes,No,No,No,No,No,No,No,No,No,No,No,No,No,No,No,No,No,No,No,No,No,No,No,Yes,Site-based - single site,No,No,No,No,No,No,No,No,No,No,No,No,No,No,No,No,No,No,94.0,0.0,,,0.0,92.0,94.0,0.9787234042553192,4,13,92.0,2.0,Shelter
2025.0,ES,People Assisting the Homeless (PATH),"A Bridge Home YWCA Youth ""Entry/Exit",Los Angeles,CA,SPA 4                                             ,13,3,062118,Yes,Current,,,0.0,0.0,30.0,0.0,0.0,0.0,0.0,0.0,30.0,0.0,0.0,No,Yes,No,No,No,No,No,No,No,No,No,No,No,No,No,No,No,No,No,No,No,No,No,No,No,Yes,Site-based - single site,No,No,No,No,No,No,No,No,No,No,No,No,No,No,No,No,No,No,30.0,0.0,,,0.0,28.0,30.0,0.9333333333333332,4,13,28.0,2.0,Shelter
2025.0,ES,People Assisting the Homeless (PATH),"Bridge Housing City Roadmap Highland Gardens ""Entry/Exit",Los Angeles,CA,SPA 4                                             ,4,5,062118,Yes,Current,,,0.0,0.0,111.0,0.0,0.0,0.0,0.0,0.0,0.0,0.0,0.0,No,Yes,No,No,No,No,No,No,No,No,No,No,No,No,No,No,No,No,No,No,No,No,No,No,No,Yes,Site-based - single site,No,No,No,No,No,No,No,No,No,No,No,No,No,No,No,No,No,No,111.0,0.0,,,0.0,141.0,111.0,1.2702702702702702,4,4,141.0,0.0,Shelter
2025.0,PSH,People Assisting the Homeless (PATH),CA1343 PATH Gateway Connections,Los Angeles,CA,SPA 4                                             ,13,1,062118,Yes,Current,,,0.0,0.0,38.0,0.0,0.0,0.0,0.0,0.0,0.0,38.0,0.0,No,No,No,No,No,No,No,No,No,No,No,No,No,No,No,No,No,No,No,No,No,No,No,No,No,No,Tenant-based - scattered site,No,No,No,No,No,No,No,No,No,No,No,No,No,No,No,No,No,No,38.0,0.0,,,0.0,35.0,38.0,0.9210526315789472,4,13,35.0,3.0,Permanent Housing
2025.0,PSH,People Assisting the Homeless (PATH),Casa Carmen,Los Angeles,CA,SPA 4                                             ,1,1,062118,Yes,Current,,,0.0,0.0,24.0,0.0,0.0,0.0,0.0,0.0,0.0,0.0,0.0,No,Yes,No,No,No,No,No,No,No,No,No,No,No,No,No,No,No,No,No,No,No,No,No,No,No,Yes,Site-based - single site,No,No,No,No,No,No,No,No,No,No,No,No,No,No,No,No,No,No,24.0,0.0,,,0.0,23.0,24.0,0.9583333333333334,4,1,23.0,1.0,Permanent Housing
2025.0,RRH,People Assisting the Homeless (PATH),CDC Bringing Families Home SPA 4,Los Angeles,CA,SPA 4                                             ,10,2,062118,Yes,Current,,,26.0,6.0,0.0,0.0,0.0,0.0,0.0,0.0,0.0,0.0,0.0,No,Yes,No,No,No,No,No,No,No,No,No,No,No,No,No,No,No,No,No,No,No,No,No,No,No,Yes,Tenant-based - scattered site,No,No,No,No,No,No,No,No,No,No,No,No,No,No,No,No,No,No,26.0,0.0,,,0.0,26.0,26.0,1.0,4,10,26.0,0.0,Permanent Housing
2025.0,ES,People Assisting the Homeless (PATH),"CES Bridge Housing Program (New) ""Entry/Exit",Los Angeles,CA,SPA 4                                             ,13,1,062118,Yes,Current,,,0.0,0.0,49.0,0.0,0.0,0.0,0.0,0.0,0.0,0.0,0.0,No,Yes,No,No,No,No,No,No,No,No,No,No,No,No,No,No,No,No,No,No,No,No,No,No,No,Yes,Site-based - single site,No,No,No,No,No,No,No,No,No,No,No,No,No,No,No,No,No,No,49.0,0.0,,,0.0,39.0,49.0,0.7959183673469388,4,13,39.0,10.0,Shelter
2025.0,ES,People Assisting the Homeless (PATH),"CES Crisis Housing Program Los Angeles ""Entry/Exit",Los Angeles,CA,SPA 4                                             ,13,1,062118,Yes,Current,,,0.0,0.0,39.0,0.0,0.0,0.0,0.0,0.0,0.0,0.0,0.0,No,Yes,No,No,No,No,No,No,No,No,No,No,No,No,No,No,No,No,No,No,No,No,No,No,No,Yes,Site-based - single site,No,No,No,No,No,No,No,No,No,No,No,No,No,No,No,No,No,No,39.0,0.0,,,0.0,38.0,39.0,0.9743589743589745,4,13,38.0,1.0,Shelter
2025.0,PSH,People Assisting the Homeless (PATH),DHS Los Lirios,Los Angeles,CA,SPA 4                                             ,14,1,062118,Yes,Current,,,0.0,0.0,20.0,0.0,0.0,0.0,0.0,0.0,0.0,20.0,0.0,No,Yes,No,No,No,No,No,No,No,No,No,No,No,No,No,No,No,No,No,No,No,No,No,No,No,Yes,Site-based - single site,No,No,No,No,No,No,No,No,No,No,No,No,No,No,No,No,No,No,20.0,0.0,,,0.0,19.0,20.0,0.95,4,14,19.0,1.0,Permanent Housing
2025.0,ES,People Assisting the Homeless (PATH),El Sereno Crisis Housing,Los Angeles,CA,SPA 4                                             ,13,1,062118,Yes,Current,,,61.0,14.0,10.0,0.0,0.0,0.0,0.0,0.0,0.0,0.0,0.0,No,Yes,No,No,No,No,No,No,No,No,No,No,No,No,No,No,No,No,No,No,No,No,No,No,No,Yes,Site-based - single site,No,No,No,No,No,No,No,No,No,No,No,No,No,No,No,No,No,No,71.0,0.0,,,0.0,66.0,71.0,0.9295774647887324,4,13,66.0,5.0,Shelter
2025.0,ES,People Assisting the Homeless (PATH),HCHV PATH Cotner Veteran Care Program,Los Angeles,CA,SPA 5                                             ,5,3,062118,Yes,Current,,,0.0,0.0,30.0,0.0,0.0,0.0,0.0,30.0,0.0,0.0,0.0,No,Yes,No,No,No,No,No,No,No,No,Yes,No,No,No,No,No,No,No,No,No,No,No,No,No,No,No,Site-based - single site,No,No,No,No,No,No,No,No,No,No,No,No,No,No,No,No,No,No,30.0,0.0,,,0.0,29.0,30.0,0.9666666666666668,5,5,29.0,1.0,Shelter
2025.0,PSH,People Assisting the Homeless (PATH),Housing for Health,Los Angeles,CA,SPA 4                                             ,13,1,062118,Yes,Current,,,49.0,11.0,369.0,5.0,0.0,0.0,0.0,0.0,0.0,0.0,0.0,No,No,No,No,No,No,No,No,No,No,No,No,No,No,No,No,No,No,No,No,No,No,No,No,No,No,Tenant-based - scattered site,No,No,No,No,No,No,No,No,No,No,No,No,No,No,No,No,No,No,423.0,0.0,,,0.0,307.0,423.0,0.7257683215130024,4,13,307.0,116.0,Permanent Housing
2025.0,ES,People Assisting the Homeless (PATH),Inside Safe Hotel/Motel Voucher Program,Los Angeles,CA,SPA 4                                             ,1,1,062118,Yes,Current,,,0.0,0.0,198.0,0.0,0.0,0.0,0.0,0.0,0.0,0.0,0.0,No,Yes,No,No,No,No,No,No,No,No,No,No,No,No,No,No,No,No,No,No,No,No,No,No,No,Yes,Site-based - clustered / multiple sites,No,No,No,No,No,No,No,No,No,No,No,No,No,No,No,No,No,No,198.0,0.0,,,0.0,193.0,198.0,0.9747474747474748,4,1,193.0,5.0,Shelter
2025.0,PSH,People Assisting the Homeless (PATH),La Kretz Villas,Los Angeles,CA,SPA 4                                             ,13,1,062118,Yes,Current,,,0.0,0.0,38.0,0.0,0.0,0.0,0.0,0.0,0.0,0.0,0.0,No,No,No,No,No,No,No,No,No,No,No,No,No,No,No,No,No,No,No,No,No,No,No,No,No,No,Site-based - single site,No,No,No,No,No,No,No,No,No,No,No,No,No,No,No,No,No,No,38.0,0.0,,,0.0,36.0,38.0,0.9473684210526316,4,13,36.0,2.0,Permanent Housing
2025.0,PSH,People Assisting the Homeless (PATH),Las Dahlias (3rd and Dangler),Los Angeles,CA,SPA 7                                             ,0,1,062118,Yes,Current,,,0.0,0.0,39.0,0.0,0.0,0.0,0.0,0.0,0.0,0.0,0.0,No,Yes,No,No,No,No,No,No,No,No,No,No,No,No,No,No,No,No,No,No,No,Yes,No,No,No,No,Site-based - single site,No,No,No,No,No,No,No,No,No,No,No,No,No,No,No,No,No,No,39.0,0.0,,,0.0,36.0,39.0,0.9230769230769232,7,0,36.0,3.0,Permanent Housing
2025.0,PSH,People Assisting the Homeless (PATH),NoHo Senior Villas,North Hollywood,CA,SPA 2                                             ,2,5,062118,Yes,Current,,,0.0,0.0,30.0,0.0,0.0,0.0,0.0,0.0,0.0,0.0,0.0,No,No,No,No,No,No,No,No,No,No,No,No,No,No,No,No,No,No,No,No,No,No,No,No,No,No,Site-based - single site,No,No,No,No,No,No,No,No,No,No,No,No,No,No,No,No,No,No,30.0,0.0,,,0.0,28.0,30.0,0.9333333333333332,2,2,28.0,2.0,Permanent Housing
2025.0,ES,People Assisting the Homeless (PATH),PAT FSC Crisis Housing Motel Vouchers,Los Angeles,CA,SPA 4                                             ,10,2,062118,Yes,Current,,,136.0,33.0,1.0,0.0,0.0,0.0,0.0,0.0,0.0,0.0,0.0,No,Yes,No,No,No,No,No,No,No,No,No,No,No,No,No,No,No,No,No,No,No,No,No,No,No,Yes,Tenant-based - scattered site,No,No,No,No,No,No,No,No,No,No,No,No,No,No,No,No,No,No,137.0,0.0,,,0.0,137.0,137.0,1.0,4,10,137.0,0.0,Shelter
2025.0,PSH,People Assisting the Homeless (PATH),PATH (HDAP D7),Los Angeles,CA,SPA 4                                             ,13,1,062118,Yes,Current,,,0.0,0.0,55.0,0.0,0.0,0.0,0.0,0.0,0.0,0.0,0.0,No,Yes,No,No,No,No,No,No,No,No,No,No,No,No,No,No,No,No,No,No,No,No,No,No,No,Yes,Tenant-based - scattered site,No,No,No,No,No,No,No,No,No,No,No,No,No,No,No,No,No,No,55.0,0.0,,,0.0,63.0,55.0,1.1454545454545455,4,13,63.0,0.0,Permanent Housing
2025.0,PSH,People Assisting the Homeless (PATH),PATH 649 Lofts (D7),Los Angeles,CA,SPA 4                                             ,14,1,062118,Yes,Current,,,0.0,0.0,22.0,0.0,0.0,0.0,0.0,0.0,0.0,0.0,0.0,No,Yes,No,No,No,No,No,No,No,No,No,No,No,No,No,No,No,No,No,No,No,No,No,No,No,Yes,Site-based - single site,No,No,No,No,No,No,No,No,No,No,No,No,No,No,No,No,No,No,22.0,0.0,,,0.0,22.0,22.0,1.0,4,14,22.0,0.0,Permanent Housing
2025.0,PSH,People Assisting the Homeless (PATH),PATH Autumn Court PHK (D7),Los Angeles,CA,SPA 4                                             ,13,3,062118,Yes,Current,,,0.0,0.0,67.0,0.0,0.0,0.0,0.0,0.0,0.0,0.0,0.0,No,Yes,No,No,No,No,No,No,No,No,No,No,No,No,No,No,No,No,No,No,No,Yes,No,No,No,Yes,Site-based - single site,No,No,No,No,No,No,No,No,No,No,No,No,No,No,No,No,No,No,67.0,0.0,,,0.0,51.0,67.0,0.7611940298507462,4,13,51.0,16.0,Permanent Housing
2025.0,ES,People Assisting the Homeless (PATH),PATH Cares,Los Angeles,CA,SPA 4                                             ,13,1,062118,Yes,Current,,,0.0,0.0,48.0,0.0,0.0,0.0,0.0,0.0,0.0,0.0,0.0,No,Yes,No,No,No,No,No,No,No,No,No,No,No,No,No,No,No,No,No,No,No,No,No,No,No,Yes,Site-based - single site,No,No,No,No,No,No,No,No,No,No,No,No,No,No,No,No,No,No,48.0,0.0,,,0.0,48.0,48.0,1.0,4,13,48.0,0.0,Shelter
2025.0,PSH,People Assisting the Homeless (PATH),PATH ERF (SRAP),Los Angeles,CA,SPA 4                                             ,13,1,062118,Yes,Current,,,0.0,0.0,16.0,0.0,0.0,0.0,0.0,0.0,0.0,0.0,0.0,No,Yes,No,No,No,No,No,No,No,No,No,No,No,No,No,No,No,No,No,No,No,No,No,No,No,Yes,Tenant-based - scattered site,No,No,No,No,No,No,No,No,No,No,No,No,No,No,No,No,No,No,16.0,0.0,,,0.0,30.0,16.0,1.875,4,13,30.0,0.0,Permanent Housing
2025.0,PSH,People Assisting the Homeless (PATH),PATH Flor 401 Lofts (H4HC),Los Angeles,CA,SPA 4                                             ,14,1,062118,Yes,Current,,,0.0,0.0,14.0,0.0,0.0,0.0,0.0,0.0,0.0,0.0,0.0,No,Yes,No,No,No,No,No,No,No,No,No,No,No,No,No,No,No,No,No,No,No,No,No,No,No,Yes,Site-based - single site,No,No,No,No,No,No,No,No,No,No,No,No,No,No,No,No,No,No,14.0,0.0,,,0.0,20.0,14.0,1.4285714285714286,4,14,20.0,0.0,Permanent Housing
2025.0,PSH,People Assisting the Homeless (PATH),PATH Flor 401 Lofts DMH (H4HC),Los Angeles,CA,SPA 4                                             ,14,1,062118,Yes,Current,,,0.0,0.0,5.0,0.0,0.0,0.0,0.0,0.0,0.0,0.0,0.0,No,Yes,No,No,No,No,No,No,No,No,No,No,No,No,No,No,No,No,No,No,No,No,No,No,No,Yes,Site-based - single site,No,No,No,No,No,No,No,No,No,No,No,No,No,No,No,No,No,No,5.0,0.0,,,0.0,5.0,5.0,1.0,4,14,5.0,0.0,Permanent Housing
2025.0,PSH,People Assisting the Homeless (PATH),PATH Maida PHK (D7),Sherman Oaks,CA,SPA 2                                             ,4,3,069037,No,Current,,,0.0,0.0,34.0,0.0,0.0,0.0,0.0,0.0,0.0,0.0,0.0,No,Yes,No,No,No,No,No,No,No,No,No,No,No,No,No,No,No,No,No,No,No,No,No,No,No,Yes,Site-based - single site,No,No,No,No,No,No,No,No,No,No,No,No,No,No,No,No,No,No,34.0,0.0,,,0.0,30.0,34.0,0.8823529411764706,2,4,30.0,4.0,Permanent Housing
2025.0,PSH,People Assisting the Homeless (PATH),PATH Metro Villas - Phase 1,Los Angeles,CA,SPA 4                                             ,13,1,062118,Yes,Current,,,0.0,0.0,51.0,0.0,0.0,0.0,0.0,0.0,0.0,27.0,0.0,No,Yes,No,No,No,No,No,No,No,No,No,No,No,No,No,No,No,No,No,No,No,Yes,No,No,No,No,Site-based - single site,No,No,No,No,No,No,No,No,No,No,No,No,No,No,No,No,No,No,51.0,0.0,,,0.0,42.0,51.0,0.8235294117647058,4,13,42.0,9.0,Permanent Housing
2025.0,PSH,People Assisting the Homeless (PATH),PATH Metro Villas - Phase 2,Los Angeles,CA,SPA 4                                             ,13,1,062118,Yes,Current,,,0.0,0.0,90.0,0.0,0.0,0.0,0.0,0.0,0.0,7.0,0.0,No,Yes,No,No,No,No,No,No,No,No,No,No,No,No,No,No,No,No,No,No,No,No,No,No,No,Yes,Site-based - clustered / multiple sites,No,No,No,No,No,No,No,No,No,No,No,No,No,No,No,No,No,No,90.0,0.0,,,0.0,76.0,90.0,0.8444444444444444,4,13,76.0,14.0,Permanent Housing
2025.0,PSH,People Assisting the Homeless (PATH),PATH New Pershing (DHS),Los Angeles,CA,SPA 4                                             ,14,1,062118,Yes,Current,,,0.0,0.0,41.0,0.0,0.0,0.0,0.0,0.0,0.0,0.0,0.0,No,Yes,No,No,No,No,No,No,No,No,No,No,No,No,No,No,No,No,No,No,No,No,No,No,No,Yes,Site-based - single site,No,No,No,No,No,No,No,No,No,No,No,No,No,No,No,No,No,No,41.0,0.0,,,0.0,33.0,41.0,0.8048780487804879,4,14,33.0,8.0,Permanent Housing
2025.0,PSH,People Assisting the Homeless (PATH),PATH Scattered 1 (D7),Los Angeles,CA,SPA 4                                             ,13,1,062118,Yes,Current,,,0.0,0.0,208.0,0.0,0.0,0.0,0.0,0.0,0.0,0.0,0.0,No,Yes,No,No,No,No,No,No,No,No,No,No,No,No,No,No,No,No,No,No,No,No,No,No,No,Yes,Tenant-based - scattered site,No,No,No,No,No,No,No,No,No,No,No,No,No,No,No,No,No,No,208.0,0.0,,,0.0,247.0,208.0,1.1875,4,13,247.0,0.0,Permanent Housing
2025.0,PSH,People Assisting the Homeless (PATH),PATH Scattered 4 (ARPA),Los Angeles,CA,SPA 4                                             ,10,2,062118,Yes,Current,,,0.0,0.0,43.0,0.0,0.0,0.0,0.0,0.0,0.0,0.0,0.0,No,Yes,No,No,No,No,No,No,No,No,No,No,No,No,No,No,No,No,No,No,No,No,No,No,No,Yes,Tenant-based - scattered site,No,No,No,No,No,No,No,No,No,No,No,No,No,No,No,No,No,No,43.0,0.0,,,0.0,7.0,43.0,0.1627906976744186,4,10,7.0,36.0,Permanent Housing
2025.0,PSH,People Assisting the Homeless (PATH),PATH Star Apartments (DHS),Los Angeles,CA,SPA 4                                             ,14,1,062118,Yes,Current,,,0.0,0.0,83.0,0.0,0.0,0.0,0.0,0.0,0.0,0.0,0.0,No,Yes,No,No,No,No,No,No,No,No,No,No,No,No,No,No,No,No,No,No,No,No,No,No,No,Yes,Site-based - single site,No,No,No,No,No,No,No,No,No,No,No,No,No,No,No,No,No,No,83.0,0.0,,,0.0,70.0,83.0,0.8433734939759037,4,14,70.0,13.0,Permanent Housing
2025.0,PSH,People Assisting the Homeless (PATH),PATH The Six (DHS),Los Angeles,CA,SPA 4                                             ,1,1,062118,Yes,Current,,,0.0,0.0,39.0,0.0,0.0,0.0,0.0,0.0,0.0,0.0,0.0,No,Yes,No,No,No,No,No,No,No,No,No,No,No,No,No,No,No,No,No,No,No,No,No,No,No,Yes,Site-based - single site,No,No,No,No,No,No,No,No,No,No,No,No,No,No,No,No,No,No,39.0,0.0,,,0.0,27.0,39.0,0.6923076923076923,4,1,27.0,12.0,Permanent Housing
2025.0,PSH,People Assisting the Homeless (PATH),PATH Vermont Villas (DHS),Gardena,CA,SPA 8                                             ,15,2,061428,Yes,Current,,,0.0,0.0,28.0,0.0,0.0,0.0,0.0,0.0,0.0,0.0,0.0,No,Yes,No,No,No,No,No,No,No,No,No,No,No,No,No,No,No,No,No,No,No,No,No,No,No,Yes,Site-based - single site,No,No,No,No,No,No,No,No,No,No,No,No,No,No,No,No,No,No,28.0,0.0,,,0.0,28.0,28.0,1.0,8,15,28.0,0.0,Permanent Housing
2025.0,PSH,People Assisting the Homeless (PATH),PATH Villas Gramercy,Los Angeles,CA,SPA 4                                             ,10,2,062118,Yes,Current,,,0.0,0.0,16.0,0.0,0.0,0.0,0.0,0.0,0.0,0.0,0.0,No,Yes,No,No,No,No,No,No,No,No,No,No,No,No,No,No,No,No,No,No,No,No,No,No,No,Yes,Site-based - single site,No,No,No,No,No,No,No,No,No,No,No,No,No,No,No,No,No,No,16.0,0.0,,,0.0,15.0,16.0,0.9375,4,10,15.0,1.0,Permanent Housing
2025.0,PSH,People Assisting the Homeless (PATH),PATH Villas Hollywood,Los Angeles,CA,SPA 4                                             ,13,3,062118,Yes,Current,,,0.0,0.0,59.0,0.0,0.0,0.0,0.0,0.0,0.0,0.0,0.0,No,Yes,No,No,No,No,No,No,No,No,No,No,No,No,No,No,No,No,No,No,No,No,No,No,No,Yes,Site-based - single site,No,No,No,No,No,No,No,No,No,No,No,No,No,No,No,No,No,No,59.0,0.0,,,0.0,50.0,59.0,0.847457627118644,4,13,50.0,9.0,Permanent Housing
2025.0,PSH,People Assisting the Homeless (PATH),PATH Villas Montclair,Los Angeles,CA,SPA 4                                             ,10,2,062118,Yes,Current,,,0.0,0.0,45.0,0.0,0.0,0.0,0.0,0.0,0.0,31.0,0.0,No,Yes,No,No,No,No,No,No,No,No,No,No,No,No,No,No,No,No,No,No,No,No,No,No,No,Yes,Site-based - single site,No,No,No,No,No,No,No,No,No,No,No,No,No,No,No,No,No,No,45.0,0.0,,,0.0,36.0,45.0,0.8,4,10,36.0,9.0,Permanent Housing
2025.0,PSH,People Assisting the Homeless (PATH),PATH Villas Southgate DMH (D7),South Gate,CA,SPA 7                                             ,0,4,062118,Yes,Current,,,0.0,0.0,10.0,0.0,0.0,0.0,0.0,0.0,0.0,0.0,0.0,No,Yes,No,No,No,No,No,No,No,No,No,No,No,No,No,No,No,No,No,No,No,No,No,No,No,Yes,Site-based - single site,No,No,No,No,No,No,No,No,No,No,No,No,No,No,No,No,No,No,10.0,0.0,,,0.0,10.0,10.0,1.0,7,0,10.0,0.0,Permanent Housing
2025.0,PSH,People Assisting the Homeless (PATH),PATH Weldon FHSP PBV (DHS),Los Angeles,CA,SPA 4                                             ,14,1,062118,Yes,Current,,,0.0,0.0,1.0,0.0,0.0,0.0,0.0,0.0,0.0,0.0,0.0,No,Yes,No,No,No,No,No,No,No,No,No,No,No,No,No,No,No,No,No,No,No,No,No,No,No,Yes,Site-based - single site,No,No,No,No,No,No,No,No,No,No,No,No,No,No,No,No,No,No,1.0,0.0,,,0.0,1.0,1.0,1.0,4,14,1.0,0.0,Permanent Housing
2025.0,ES,People Assisting the Homeless (PATH),Pathway Home,Hawthorne,CA,SPA 8                                             ,0,2,069037,Yes,Current,,,0.0,0.0,203.0,0.0,0.0,0.0,0.0,0.0,0.0,0.0,0.0,No,Yes,No,No,No,No,No,No,No,No,No,No,No,No,No,No,No,No,No,No,No,No,No,No,No,Yes,Site-based - clustered / multiple sites,No,No,No,No,No,No,No,No,No,No,No,No,No,No,No,No,No,No,203.0,0.0,,,0.0,179.0,203.0,0.8817733990147784,8,0,179.0,24.0,Shelter
2025.0,PSH,People Assisting the Homeless (PATH),PBV/VASH PATH Villas South Gate,South Gate,CA,SPA 7                                             ,0,4,062118,Yes,Current,,,0.0,0.0,59.0,0.0,0.0,0.0,0.0,36.0,0.0,0.0,0.0,No,Yes,No,No,No,No,No,No,No,No,No,No,No,No,No,No,No,No,No,No,No,No,No,No,No,Yes,Site-based - single site,No,No,No,No,No,No,No,No,No,No,No,No,No,No,No,No,No,No,59.0,0.0,,,0.0,37.0,59.0,0.6271186440677966,7,0,37.0,22.0,Permanent Housing
2025.0,PSH,People Assisting the Homeless (PATH),PHK Alvarado Lakeview Apartments,Los Angeles,CA,SPA 4                                             ,1,1,062118,Yes,Current,,,0.0,0.0,79.0,0.0,0.0,0.0,0.0,0.0,0.0,0.0,0.0,No,Yes,No,No,No,No,No,No,No,No,No,No,No,No,No,No,No,No,No,No,No,No,No,No,No,Yes,Site-based - single site,No,No,No,No,No,No,No,No,No,No,No,No,No,No,No,No,No,No,79.0,0.0,,,0.0,60.0,79.0,0.759493670886076,4,1,60.0,19.0,Permanent Housing
2025.0,PSH,People Assisting the Homeless (PATH),PHK Orchid Highland Villas,Los Angeles,CA,SPA 4                                             ,13,3,062118,Yes,Current,,,0.0,0.0,40.0,0.0,0.0,0.0,0.0,0.0,0.0,0.0,0.0,No,Yes,No,No,No,No,No,No,No,No,No,No,No,No,No,No,No,No,No,No,No,No,No,No,No,Yes,Site-based - single site,No,No,No,No,No,No,No,No,No,No,No,No,No,No,No,No,No,No,40.0,0.0,,,0.0,35.0,40.0,0.875,4,13,35.0,5.0,Permanent Housing
2025.0,PSH,People Assisting the Homeless (PATH),Reseda Theater,Reseda,CA,SPA 2                                             ,3,3,062118,Yes,Current,,,0.0,0.0,13.0,0.0,0.0,0.0,0.0,0.0,0.0,0.0,0.0,No,Yes,No,No,No,No,No,No,No,No,No,No,No,No,No,No,No,No,No,No,No,Yes,No,No,No,Yes,Site-based - single site,No,No,No,No,No,No,No,No,No,No,No,No,No,No,No,No,No,No,13.0,0.0,,,0.0,13.0,13.0,1.0,2,3,13.0,0.0,Permanent Housing
2025.0,RRH,People Assisting the Homeless (PATH),SSVF RRH,Los Angeles,CA,SPA 4                                             ,13,3,062118,Yes,Current,,,36.0,9.0,107.0,0.0,36.0,0.0,0.0,107.0,0.0,0.0,0.0,No,Yes,No,Yes,No,No,No,No,No,No,No,No,No,No,No,No,No,No,No,No,No,No,No,No,No,No,Tenant-based - scattered site,No,No,No,No,No,No,No,No,No,No,No,No,No,No,No,No,No,No,143.0,0.0,,,0.0,143.0,143.0,1.0,4,13,143.0,0.0,Permanent Housing
2025.0,RRH,People Assisting the Homeless (PATH),SUNOFO TLS Adult SPA 8,Los Angeles,CA,SPA 4                                             ,13,1,062118,Yes,Current,,,0.0,0.0,4.0,0.0,0.0,0.0,0.0,0.0,0.0,0.0,0.0,No,Yes,No,No,No,No,No,No,No,No,No,No,No,No,No,No,No,No,No,No,No,No,No,No,No,Yes,Tenant-based - scattered site,Yes,No,No,No,No,No,No,No,No,No,No,No,No,No,No,No,Yes,No,4.0,0.0,,,0.0,4.0,4.0,1.0,4,13,4.0,0.0,Permanent Housing
2025.0,RRH,People Assisting the Homeless (PATH),TLS Adult PRK SPA 4,Los Angeles,CA,SPA 4                                             ,10,2,062118,Yes,Current,,,0.0,0.0,4.0,0.0,0.0,0.0,0.0,0.0,0.0,0.0,0.0,No,Yes,No,No,No,No,No,No,No,No,No,No,No,No,No,No,No,No,No,No,No,No,No,No,No,Yes,Tenant-based - scattered site,No,No,No,No,No,No,No,No,No,No,No,No,No,No,No,No,No,No,4.0,0.0,,,0.0,4.0,4.0,1.0,4,10,4.0,0.0,Permanent Housing
2025.0,RRH,People Assisting the Homeless (PATH),TLS Adult SPA 4,Los Angeles,CA,SPA 4                                             ,13,1,062118,Yes,Current,,,0.0,0.0,72.0,0.0,0.0,0.0,0.0,0.0,0.0,0.0,0.0,No,Yes,No,No,No,No,No,No,No,No,No,No,No,No,No,No,No,No,No,No,No,No,No,No,No,Yes,Tenant-based - scattered site,No,No,No,No,No,No,No,No,No,No,No,No,No,No,No,No,No,No,72.0,0.0,,,0.0,72.0,72.0,1.0,4,13,72.0,0.0,Permanent Housing
2025.0,RRH,People Assisting the Homeless (PATH),TLS Adult SPA 4 Grand ML,Los Angeles,CA,SPA 4                                             ,13,1,062118,Yes,Current,,,0.0,0.0,78.0,0.0,0.0,0.0,0.0,0.0,0.0,0.0,0.0,No,Yes,No,No,No,No,No,No,No,No,No,No,No,No,No,No,No,No,No,No,No,No,No,No,No,Yes,Tenant-based - scattered site,No,No,No,No,No,No,No,No,No,No,No,No,No,No,No,No,No,No,78.0,0.0,,,0.0,78.0,78.0,1.0,4,13,78.0,0.0,Permanent Housing
2025.0,RRH,People Assisting the Homeless (PATH),TLS Adult SPA 5,Los Angeles,CA,SPA 5                                             ,5,3,062118,Yes,Current,,,0.0,0.0,100.0,0.0,0.0,0.0,0.0,0.0,0.0,0.0,0.0,No,Yes,No,No,No,No,No,No,No,No,No,No,No,No,No,No,No,No,No,No,No,No,No,No,No,Yes,Tenant-based - scattered site,No,No,No,No,No,No,No,No,No,No,No,No,No,No,No,No,No,No,100.0,0.0,,,0.0,100.0,100.0,1.0,5,5,100.0,0.0,Permanent Housing
2025.0,RRH,People Assisting the Homeless (PATH),TLS Adult SPA 7,Whittier,CA,SPA 7                                             ,0,4,064074,Yes,Current,,,0.0,0.0,106.0,0.0,0.0,0.0,0.0,0.0,0.0,0.0,0.0,No,Yes,No,No,No,No,No,No,No,No,No,No,No,No,No,No,No,No,No,No,No,No,No,No,No,Yes,Tenant-based - scattered site,No,No,No,No,No,No,No,No,No,No,No,No,No,No,No,No,No,No,106.0,0.0,,,0.0,106.0,106.0,1.0,7,0,106.0,0.0,Permanent Housing
2025.0,RRH,People Assisting the Homeless (PATH),TLS Adult SPA 8,Lawndale,CA,SPA 8                                             ,0,2,069037,Yes,Current,,,0.0,0.0,61.0,0.0,0.0,0.0,0.0,0.0,0.0,0.0,0.0,No,Yes,No,No,No,No,No,No,No,No,No,No,No,No,No,No,No,No,No,No,No,No,No,No,No,Yes,Tenant-based - scattered site,No,No,No,No,No,No,No,No,No,No,No,No,No,No,No,No,No,No,61.0,0.0,,,0.0,61.0,61.0,1.0,8,0,61.0,0.0,Permanent Housing
2025.0,RRH,People Assisting the Homeless (PATH),TLS FSC SPA 4,Los Angeles,CA,SPA 4                                             ,10,2,062118,Yes,Current,,,559.0,171.0,2.0,0.0,0.0,0.0,0.0,0.0,0.0,0.0,0.0,No,Yes,No,No,No,No,No,No,No,No,No,No,No,No,No,No,No,No,No,No,No,No,No,No,No,Yes,Tenant-based - scattered site,No,No,No,No,No,No,No,No,No,No,No,No,No,No,No,No,No,No,561.0,0.0,,,0.0,561.0,561.0,1.0,4,10,561.0,0.0,Permanent Housing
2025.0,RRH,People Assisting the Homeless (PATH),TLS Pathway Home Lennox,Los Angeles,CA,SPA 4                                             ,13,1,062118,Yes,Current,,,0.0,0.0,7.0,0.0,0.0,0.0,0.0,0.0,0.0,0.0,0.0,No,Yes,No,No,No,No,No,No,No,No,No,No,No,No,No,No,No,No,No,No,No,No,No,No,No,Yes,Tenant-based - scattered site,No,No,No,No,No,No,No,No,No,No,No,No,No,No,No,No,No,No,7.0,0.0,,,0.0,7.0,7.0,1.0,4,13,7.0,0.0,Permanent Housing
2025.0,RRH,People Assisting the Homeless (PATH),TLS Pathway Home Signal Hill,Los Angeles,CA,SPA 7                                             ,0,1,062118,Yes,Current,,,0.0,0.0,2.0,0.0,0.0,0.0,0.0,0.0,0.0,0.0,0.0,No,Yes,No,No,No,No,No,No,No,No,No,No,No,No,No,No,No,No,No,No,No,No,No,No,No,Yes,Tenant-based - scattered site,No,No,No,No,No,No,No,No,No,No,No,No,No,No,No,No,No,No,2.0,0.0,,,0.0,2.0,2.0,1.0,7,0,2.0,0.0,Permanent Housing
2025.0,PSH,People Assisting the Homeless (PATH),VASH Marmion Way,Los Angeles,CA,SPA 4                                             ,1,1,062118,Yes,Current,,,21.0,7.0,41.0,0.0,21.0,0.0,0.0,41.0,0.0,0.0,0.0,No,Yes,Yes,No,No,No,No,No,No,No,No,No,No,No,No,No,No,No,No,No,No,No,No,No,No,No,Site-based - single site,No,No,No,No,No,No,No,No,No,No,No,No,No,No,No,No,No,No,62.0,0.0,,,0.0,45.0,62.0,0.7258064516129032,4,1,45.0,17.0,Permanent Housing
2025.0,PSH,People Assisting the Homeless (PATH),Vermont Villas,Gardena,CA,SPA 8                                             ,15,2,061428,Yes,Current,,,0.0,0.0,75.0,0.0,0.0,0.0,0.0,0.0,0.0,0.0,0.0,No,No,No,No,No,No,No,No,No,No,No,No,No,No,No,No,No,No,No,No,No,No,No,No,No,No,Site-based - single site,No,No,No,No,No,No,No,No,No,No,No,No,No,No,No,No,No,No,75.0,0.0,,,0.0,58.0,75.0,0.7733333333333333,8,15,58.0,17.0,Permanent Housing
2025.0,PSH,People Assisting the Homeless (PATH),Villas at Gower,Los Angeles,CA,SPA 4                                             ,13,3,062118,Yes,Current,,,25.0,8.0,62.0,0.0,0.0,0.0,0.0,0.0,0.0,24.0,0.0,No,No,No,No,No,No,No,No,No,No,No,No,No,No,No,No,No,No,No,No,No,No,No,No,No,No,Site-based - single site,No,No,No,No,No,No,No,No,No,No,No,No,No,No,No,No,No,No,87.0,0.0,,,0.0,92.0,87.0,1.057471264367816,4,13,92.0,0.0,Permanent Housing
2025.0,PSH,People Assisting the Homeless (PATH),Villas Del Rey,Los Angeles,CA,SPA 5                                             ,11,2,062118,Yes,Current,,,0.0,0.0,23.0,0.0,0.0,0.0,0.0,0.0,0.0,18.0,0.0,No,No,No,No,No,No,No,No,No,No,No,No,No,No,No,No,No,No,No,No,No,No,No,No,No,No,Site-based - single site,No,No,No,No,No,No,No,No,No,No,No,No,No,No,No,No,No,No,23.0,0.0,,,0.0,22.0,23.0,0.9565217391304348,5,11,22.0,1.0,Permanent Housing
2025.0,PSH,People Assisting the Homeless (PATH),West Carson Villas,Torrance,CA,SPA 8                                             ,0,2,063744,Yes,Current,,,75.0,21.0,42.0,0.0,0.0,0.0,0.0,0.0,0.0,0.0,0.0,No,Yes,No,No,No,No,No,No,No,No,No,No,No,No,No,No,No,No,No,No,No,Yes,No,No,No,No,Site-based - single site,No,No,No,No,No,No,No,No,No,No,No,No,No,No,No,No,No,No,117.0,0.0,,,0.0,112.0,117.0,0.9572649572649572,8,0,112.0,5.0,Permanent Housing
2025.0,PSH,People Assisting the Homeless (PATH),Winnetka Village,Winnetka,CA,SPA 2                                             ,3,3,062118,Yes,Current,,,0.0,0.0,62.0,0.0,0.0,0.0,0.0,0.0,0.0,18.0,0.0,No,No,No,No,No,No,No,No,No,No,No,No,No,No,No,No,No,No,No,No,No,No,No,No,No,No,Site-based - single site,No,No,No,No,No,No,No,No,No,No,No,No,No,No,No,No,No,No,62.0,0.0,,,0.0,58.0,62.0,0.935483870967742,2,3,58.0,4.0,Permanent Housing
2025.0,PSH,Project New Hope,CA0921 Tripp House,Los Angeles,CA,SPA 8                                             ,0,4,062118,Yes,Current,,,0.0,0.0,5.0,0.0,0.0,0.0,0.0,0.0,0.0,5.0,0.0,No,No,No,No,No,No,No,No,No,No,No,No,No,No,No,No,No,No,No,No,No,No,No,No,No,No,Site-based - single site,Yes,No,No,No,No,No,No,Yes,No,No,No,No,No,No,No,No,No,No,5.0,0.0,,,0.0,1.0,5.0,0.2,8,0,1.0,4.0,Permanent Housing
2025.0,PSH,Prototypes,CA0435 S. Mark Taper Permanent Housing - Supportive Services,Pomona,CA,SPA 3                                             ,0,1,062850,Yes,Current,,,84.0,42.0,0.0,0.0,0.0,0.0,0.0,0.0,0.0,0.0,0.0,No,Yes,No,No,No,No,No,No,No,No,No,No,No,No,No,No,No,No,No,No,No,No,No,No,No,Yes,Site-based - single site,No,No,No,No,No,No,No,No,No,No,No,No,No,No,No,No,No,No,84.0,0.0,,,0.0,30.0,84.0,0.3571428571428571,3,0,30.0,54.0,Permanent Housing
2025.0,ES,Prototypes,DHS Interim Housing,Pomona,CA,SPA 3                                             ,0,1,062850,Yes,Current,,,32.0,16.0,26.0,0.0,0.0,0.0,0.0,0.0,0.0,0.0,0.0,No,No,No,No,No,No,No,No,No,No,No,No,No,No,No,No,No,No,No,No,No,No,No,No,No,No,Site-based - single site,No,No,No,No,No,No,No,No,No,No,No,No,No,No,No,No,No,No,58.0,0.0,,,0.0,35.0,58.0,0.603448275862069,3,0,35.0,23.0,Shelter
2025.0,ES,Prototypes,DPH Interim Housing RBH - SAPC,Pomona,CA,SPA 3                                             ,0,1,062850,Yes,Current,,,9.0,4.0,64.0,0.0,0.0,0.0,0.0,0.0,0.0,0.0,0.0,No,No,No,No,No,No,No,No,No,No,No,No,No,No,No,No,No,No,No,No,No,No,No,No,No,No,Site-based - clustered / multiple sites,No,No,No,No,No,No,No,No,No,No,No,No,No,No,No,No,No,No,73.0,0.0,,,0.0,60.0,73.0,0.821917808219178,3,0,60.0,13.0,Shelter
2025.0,ES,Proyecto Pastoral,"CES Crisis Housing Program Guadalupe ""Entry/Exit",Los Angeles,CA,SPA 4                                             ,14,1,062118,Yes,Current,,,0.0,0.0,41.0,0.0,0.0,0.0,0.0,0.0,0.0,0.0,0.0,No,Yes,No,No,No,No,No,No,No,No,No,No,No,No,No,No,No,No,No,No,No,No,No,No,No,Yes,Site-based - single site,No,No,No,No,No,No,No,No,No,No,No,No,No,No,No,No,No,No,41.0,0.0,,,0.0,37.0,41.0,0.902439024390244,4,14,37.0,4.0,Shelter
2025.0,ES,Proyecto Pastoral,"Womens Shelter Program ""Entry/Exit",Los Angeles,CA,SPA 4                                             ,14,1,062118,Yes,Current,,,0.0,0.0,15.0,0.0,0.0,0.0,0.0,0.0,0.0,0.0,0.0,No,Yes,No,No,No,No,No,No,No,No,No,No,No,No,No,No,No,No,No,No,No,No,No,No,No,Yes,Site-based - single site,No,No,No,No,No,No,No,No,No,No,No,No,No,No,No,No,No,No,15.0,0.0,,,0.0,15.0,15.0,1.0,4,14,15.0,0.0,Shelter
2025.0,ES,RIS Foundation,Temporary Housing 47th,Los Angeles,CA,SPA 6                                             ,9,2,062118,Yes,Current,,,0.0,0.0,14.0,0.0,0.0,0.0,0.0,0.0,0.0,0.0,0.0,No,Yes,No,No,No,No,No,No,No,No,No,No,No,No,No,No,No,No,No,No,No,No,No,No,No,Yes,Site-based - single site,No,No,No,No,No,No,No,No,No,No,No,No,No,No,No,No,No,No,14.0,0.0,,,0.0,16.0,14.0,1.1428571428571428,6,9,16.0,0.0,Shelter
2025.0,TH,Safe Place for Youth,CES Transitional Housing Lighthouse,Los Angeles,CA,SPA 5                                             ,5,3,062118,Yes,Current,,,0.0,0.0,15.0,0.0,0.0,0.0,0.0,0.0,15.0,0.0,0.0,No,Yes,No,No,No,No,No,No,No,No,No,No,No,No,No,No,No,No,No,No,No,No,No,No,No,Yes,Site-based - single site,No,No,No,No,No,No,No,No,No,No,No,No,No,No,No,No,No,No,15.0,0.0,,,0.0,15.0,15.0,1.0,5,5,15.0,0.0,Shelter
2025.0,TH,Safe Place for Youth,Host Homes Transitional Housing,Venice,CA,SPA 5                                             ,11,3,062118,Yes,Current,,,0.0,0.0,15.0,0.0,0.0,0.0,0.0,0.0,15.0,0.0,0.0,No,Yes,No,No,No,No,No,No,No,No,No,No,No,No,No,No,No,No,No,No,No,No,No,No,No,Yes,Tenant-based - scattered site,No,No,No,No,No,No,No,No,No,No,No,No,No,No,No,No,No,No,15.0,0.0,,,0.0,4.0,15.0,0.2666666666666666,5,11,4.0,11.0,Shelter
2025.0,TH,Safe Place for Youth,RHY Maternity Group Home Program,Inglewood,CA,SPA 8                                             ,0,2,061740,Yes,Current,,,36.0,18.0,0.0,0.0,0.0,36.0,0.0,0.0,0.0,0.0,0.0,No,Yes,No,No,No,No,No,No,No,No,No,No,No,Yes,No,No,No,No,No,No,No,No,No,No,No,No,Site-based - single site,No,No,No,No,No,No,No,No,No,No,No,No,No,No,No,No,No,No,36.0,0.0,,,0.0,19.0,36.0,0.5277777777777778,8,0,19.0,17.0,Shelter
2025.0,TH,Safe Place for Youth,RHY Transitional Living Program,Los Angeles,CA,SPA 4                                             ,11,3,062118,Yes,Current,,,0.0,0.0,10.0,0.0,0.0,0.0,0.0,0.0,10.0,0.0,0.0,No,Yes,No,No,No,No,No,No,No,No,No,No,No,No,Yes,No,No,No,No,No,No,No,No,No,No,No,Site-based - single site,No,No,No,No,No,No,No,No,No,No,No,No,No,No,No,No,No,No,10.0,0.0,,,0.0,9.0,10.0,0.9,4,11,9.0,1.0,Shelter
2025.0,RRH,Safe Place for Youth,TLS Youth SPA 5,Venice,CA,SPA 5                                             ,11,3,062118,Yes,Current,,,0.0,0.0,15.0,0.0,0.0,0.0,0.0,0.0,15.0,0.0,0.0,No,Yes,No,No,No,No,No,No,No,No,No,No,No,No,No,No,No,No,No,No,No,No,No,No,No,Yes,Tenant-based - scattered site,No,No,No,No,No,No,No,No,No,No,No,No,No,No,No,No,No,No,15.0,0.0,,,0.0,15.0,15.0,1.0,5,11,15.0,0.0,Permanent Housing
2025.0,RRH,Safe Place for Youth,YHDP TLS,Venice,CA,SPA 5                                             ,11,3,069037,Yes,Current,,,0.0,0.0,12.0,0.0,0.0,0.0,0.0,0.0,12.0,0.0,0.0,No,Yes,No,No,No,No,No,No,No,No,No,No,No,No,No,No,No,No,No,No,No,No,No,No,No,Yes,Tenant-based - scattered site,Yes,No,No,No,No,No,No,No,No,No,No,No,No,No,Yes,No,No,No,12.0,0.0,,,0.0,12.0,12.0,1.0,5,11,12.0,0.0,Permanent Housing
2025.0,PSH,"San Fernando Valley Community Mental Health Center, Inc.",CA1110 HACLA Shelter Plus Care Program,Van Nuys,CA,SPA 2                                             ,6,3,062118,Yes,Current,,,0.0,0.0,25.0,0.0,0.0,0.0,0.0,0.0,0.0,25.0,0.0,No,No,No,No,No,No,No,No,No,No,No,No,No,No,No,No,No,No,No,No,No,No,No,No,No,No,Tenant-based - scattered site,Yes,No,No,No,No,No,No,Yes,No,No,No,No,No,No,No,No,No,No,25.0,0.0,,,0.0,23.0,25.0,0.92,2,6,23.0,2.0,Permanent Housing
2025.0,ES,"San Fernando Valley Community Mental Health Center, Inc.",DHS Interim Housing SRO,Van Nuys,CA,SPA 2                                             ,6,3,062118,Yes,Current,,,0.0,0.0,10.0,0.0,0.0,0.0,0.0,0.0,0.0,0.0,0.0,No,Yes,No,No,No,No,No,No,No,No,No,No,No,No,No,No,No,No,No,No,No,No,No,No,No,Yes,Site-based - single site,No,No,No,No,No,No,No,No,No,No,No,No,No,No,No,No,No,No,10.0,0.0,,,0.0,10.0,10.0,1.0,2,6,10.0,0.0,Shelter
2025.0,ES,"San Fernando Valley Community Mental Health Center, Inc.",DHS Interim Housing Town Homes,Van Nuys,CA,SPA 2                                             ,6,3,062118,Yes,Current,,,0.0,0.0,28.0,0.0,0.0,0.0,0.0,0.0,0.0,0.0,0.0,No,Yes,No,No,No,No,No,No,No,No,No,No,No,No,No,No,No,No,No,No,No,No,No,No,No,Yes,Site-based - single site,No,No,No,No,No,No,No,No,No,No,No,No,No,No,No,No,No,No,28.0,0.0,,,0.0,30.0,28.0,1.0714285714285714,2,6,30.0,0.0,Shelter
2025.0,RRH,"San Fernando Valley Community Mental Health Center, Inc.",Diversion 50,Van Nuys,CA,SPA 2                                             ,6,3,062118,No,Current,,,0.0,0.0,9.0,0.0,0.0,0.0,0.0,0.0,0.0,0.0,0.0,No,No,No,No,No,No,No,No,No,No,No,No,No,No,No,No,No,No,No,No,No,No,No,No,No,No,Tenant-based - scattered site,No,No,No,No,No,No,No,No,No,No,No,No,No,No,No,No,No,No,9.0,0.0,,,0.0,9.0,9.0,1.0,2,6,9.0,0.0,Permanent Housing
2025.0,OPH,"San Fernando Valley Community Mental Health Center, Inc.",HACLA Section 8 Homeless Program,Van Nuys,CA,SPA 2                                             ,6,3,062118,Yes,Current,,,0.0,0.0,35.0,0.0,0.0,0.0,0.0,0.0,0.0,0.0,0.0,No,Yes,No,No,No,No,No,No,No,No,No,No,No,No,No,No,No,No,No,No,No,Yes,No,No,No,No,Site-based - single site,No,No,No,No,No,No,No,No,No,No,No,No,No,No,No,No,No,No,35.0,0.0,,,0.0,32.0,35.0,0.9142857142857144,2,6,32.0,3.0,Permanent Housing
2025.0,ES,Sanctuary of Hope,"CES Bridge Housing Program ""Entry/Exit",Los Angeles,CA,SPA 6                                             ,8,2,062118,Yes,Current,,,0.0,0.0,9.0,0.0,0.0,0.0,0.0,0.0,9.0,0.0,0.0,No,Yes,No,No,No,No,No,No,No,No,No,No,No,No,No,No,No,No,No,No,No,No,No,No,No,Yes,Site-based - single site,No,No,No,No,No,No,No,No,No,No,No,No,No,No,No,No,No,No,9.0,0.0,,,0.0,8.0,9.0,0.8888888888888888,6,8,8.0,1.0,Shelter
2025.0,TH,Sanctuary of Hope,CES Transitional Housing Hope Connections SPA 8,Hawthorne,CA,SPA 8                                             ,0,2,061596,Yes,Current,,,0.0,0.0,10.0,0.0,0.0,0.0,0.0,0.0,10.0,0.0,0.0,No,Yes,No,No,No,No,No,No,No,No,No,No,No,No,No,No,No,No,No,No,No,No,No,No,No,Yes,Site-based - single site,No,No,No,No,No,No,No,No,No,No,No,No,No,No,No,No,No,No,10.0,0.0,,,0.0,9.0,10.0,0.9,8,0,9.0,1.0,Shelter
2025.0,TH,Sanctuary of Hope,Measure H Transitional Housing Program SPA 6,Los Angeles,CA,SPA 6                                             ,10,2,062118,Yes,Current,,,0.0,0.0,16.0,0.0,0.0,0.0,0.0,0.0,16.0,0.0,0.0,No,Yes,No,No,No,No,No,No,No,No,No,No,No,No,No,No,No,No,No,No,No,No,No,No,No,Yes,Site-based - single site,No,No,No,No,No,No,No,No,No,No,No,No,No,No,No,No,No,No,16.0,0.0,,,0.0,12.0,16.0,0.75,6,10,12.0,4.0,Shelter
2025.0,TH,Sanctuary of Hope,YHDP TH-Joint Component,Ingelwood,CA,SPA 8                                             ,0,2,069037,Yes,Current,,,2.0,1.0,7.0,0.0,0.0,2.0,0.0,0.0,0.0,0.0,0.0,No,Yes,No,No,No,No,No,No,No,No,No,No,No,No,No,No,No,No,No,No,No,No,No,No,No,Yes,Site-based - single site,Yes,No,No,No,No,No,No,No,No,No,Yes,No,No,No,Yes,No,No,No,9.0,0.0,,,0.0,8.0,9.0,0.8888888888888888,8,0,8.0,1.0,Shelter
2025.0,RRH,Sanctuary of Hope,YHDP TLS,Los Angeles,CA,SPA 6                                             ,10,2,062118,Yes,Current,,,8.0,3.0,3.0,0.0,0.0,0.0,0.0,0.0,0.0,0.0,0.0,No,Yes,No,No,No,No,No,No,No,No,No,No,No,No,No,No,No,No,No,No,No,No,No,No,No,Yes,Tenant-based - scattered site,Yes,No,No,No,No,No,No,No,No,No,No,No,No,No,Yes,No,No,No,11.0,0.0,,,0.0,11.0,11.0,1.0,6,10,11.0,0.0,Permanent Housing
2025.0,RRH,Sanctuary of Hope,YHDP TLS-Joint Component,Ingelwood,CA,SPA 8                                             ,0,2,069037,Yes,Current,,,2.0,1.0,8.0,0.0,0.0,0.0,0.0,0.0,0.0,0.0,0.0,No,Yes,No,No,No,No,No,No,No,No,No,No,No,No,No,No,No,No,No,No,No,No,No,No,No,Yes,Tenant-based - scattered site,Yes,No,No,No,No,No,No,No,No,No,Yes,No,No,No,Yes,No,No,No,10.0,0.0,,,0.0,10.0,10.0,1.0,8,0,10.0,0.0,Permanent Housing
2025.0,ES,"Serenity Recuperative Care, Inc.",DHS Recuperative Care East LA,Los Angeles,CA,SPA 4                                             ,14,1,062118,Yes,Current,,,0.0,0.0,30.0,0.0,0.0,0.0,0.0,0.0,0.0,0.0,0.0,No,Yes,No,No,No,No,No,No,No,No,No,No,No,No,No,No,No,No,No,No,No,No,No,No,No,Yes,Site-based - single site,No,No,No,No,No,No,No,No,No,No,No,No,No,No,No,No,No,No,30.0,0.0,,,0.0,26.0,30.0,0.8666666666666667,4,14,26.0,4.0,Shelter
2025.0,ES,"Serenity Recuperative Care, Inc.",DHS Stabilization Cabrillo,Torrance,CA,SPA 8                                             ,0,4,063744,Yes,Current,,,0.0,0.0,22.0,0.0,0.0,0.0,0.0,0.0,0.0,0.0,0.0,No,Yes,No,No,No,No,No,No,No,No,No,No,No,No,No,No,No,No,No,No,No,No,No,No,No,Yes,Site-based - single site,No,No,No,No,No,No,No,No,No,No,No,No,No,No,No,No,No,No,22.0,0.0,,,0.0,20.0,22.0,0.9090909090909092,8,0,20.0,2.0,Shelter
2025.0,PSH,SHARE! (Self Help and Recovery Exchange),SHARE! Scattered 1 Direct Grant (MHSA),Culver City,CA,SPA 8                                             ,0,2,069037,Yes,Current,,,0.0,0.0,45.0,0.0,0.0,0.0,0.0,0.0,0.0,0.0,0.0,No,Yes,No,No,No,No,No,No,No,No,No,No,No,No,No,No,No,No,No,No,No,No,No,No,No,Yes,Tenant-based - scattered site,No,No,No,No,No,No,No,No,No,No,No,No,No,No,No,No,No,No,45.0,0.0,,,0.0,26.0,45.0,0.5777777777777777,8,0,26.0,19.0,Permanent Housing
2025.0,RRH,SHARE! (Self Help and Recovery Exchange),TLS Adult SPA 2,Culver City,CA,SPA 8                                             ,0,2,069037,Yes,Current,,,0.0,0.0,23.0,0.0,0.0,0.0,0.0,0.0,0.0,0.0,0.0,No,No,No,No,No,No,No,No,No,No,No,No,No,No,No,No,No,No,No,No,No,No,No,No,No,No,Tenant-based - scattered site,No,No,No,No,No,No,No,No,No,No,No,No,No,No,No,No,No,No,23.0,0.0,,,0.0,23.0,23.0,1.0,8,0,23.0,0.0,Permanent Housing
2025.0,RRH,SHARE! (Self Help and Recovery Exchange),TLS Adult SPA 4,Los Angeles,CA,SPA 4                                             ,14,1,062118,Yes,Current,,,0.0,0.0,20.0,0.0,0.0,0.0,0.0,0.0,0.0,0.0,0.0,No,Yes,No,No,No,No,No,No,No,No,No,No,No,No,No,No,No,No,No,No,No,No,No,No,No,Yes,Tenant-based - scattered site,No,No,No,No,No,No,No,No,No,No,No,No,No,No,No,No,No,No,20.0,0.0,,,0.0,20.0,20.0,1.0,4,14,20.0,0.0,Permanent Housing
2025.0,PSH,Skid Row Housing Trust,CA0413 Lincoln Hotel - 40,Los Angeles,CA,SPA 4                                             ,14,1,062118,Yes,Current,,,0.0,0.0,40.0,0.0,0.0,0.0,0.0,0.0,0.0,0.0,0.0,No,Yes,No,No,No,No,No,No,No,No,No,No,No,No,No,No,No,No,No,No,No,No,No,No,No,Yes,Site-based - single site,No,No,No,No,No,No,No,No,No,No,No,No,No,No,No,No,No,No,40.0,0.0,,,0.0,32.0,40.0,0.8,4,14,32.0,8.0,Permanent Housing
2025.0,PSH,Skid Row Housing Trust,CA0464 Abbey - 7,Los Angeles,CA,SPA 4                                             ,14,1,062118,Yes,Current,,,0.0,0.0,7.0,0.0,0.0,0.0,0.0,0.0,0.0,7.0,0.0,No,No,No,No,No,No,No,No,No,No,No,No,No,No,No,No,No,No,No,No,No,No,No,No,No,No,Site-based - single site,No,No,No,No,No,No,No,No,No,No,No,No,No,No,No,No,No,No,7.0,0.0,,,0.0,7.0,7.0,1.0,4,14,7.0,0.0,Permanent Housing
2025.0,PSH,Skid Row Housing Trust,CA0464 Boyd - 42,Los Angeles,CA,SPA 4                                             ,14,1,062118,Yes,Current,,,0.0,0.0,42.0,0.0,0.0,0.0,0.0,0.0,0.0,42.0,0.0,No,No,No,No,No,No,No,No,No,No,No,No,No,No,No,No,No,No,No,No,No,No,No,No,No,No,Site-based - single site,No,No,No,No,No,No,No,No,No,No,No,No,No,No,No,No,No,No,42.0,0.0,,,0.0,27.0,42.0,0.6428571428571429,4,14,27.0,15.0,Permanent Housing
2025.0,PSH,Skid Row Housing Trust,CA0464 Central 1 - 19,Los Angeles,CA,SPA 4                                             ,14,1,062118,Yes,Current,,,0.0,0.0,19.0,0.0,0.0,0.0,0.0,0.0,0.0,19.0,0.0,No,No,No,No,No,No,No,No,No,No,No,No,No,No,No,No,No,No,No,No,No,No,No,No,No,No,Site-based - single site,No,No,No,No,No,No,No,No,No,No,No,No,No,No,No,No,No,No,19.0,0.0,,,0.0,12.0,19.0,0.631578947368421,4,14,12.0,7.0,Permanent Housing
2025.0,PSH,Skid Row Housing Trust,CA0464 Crescent - 26,Los Angeles,CA,SPA 4                                             ,14,1,062118,Yes,Current,,,0.0,0.0,26.0,0.0,0.0,0.0,0.0,0.0,0.0,26.0,0.0,No,No,No,No,No,No,No,No,No,No,No,No,No,No,No,No,No,No,No,No,No,No,No,No,No,No,Site-based - single site,No,No,No,No,No,No,No,No,No,No,No,No,No,No,No,No,No,No,26.0,0.0,,,0.0,16.0,26.0,0.6153846153846154,4,14,16.0,10.0,Permanent Housing
2025.0,PSH,Skid Row Housing Trust,CA0464 ECP Scattered Sites - 10,Los Angeles,CA,SPA 4                                             ,14,1,062118,Yes,Current,,,0.0,0.0,10.0,0.0,0.0,0.0,0.0,0.0,0.0,0.0,0.0,No,No,No,No,No,No,No,No,No,No,No,No,No,No,No,No,No,No,No,No,No,No,No,No,No,No,Tenant-based - scattered site,Yes,No,No,No,No,No,No,Yes,No,No,No,No,No,No,No,No,No,No,10.0,0.0,,,0.0,9.0,10.0,0.9,4,14,9.0,1.0,Permanent Housing
2025.0,PSH,Skid Row Housing Trust,CA0464 New Genesis - 2,Los Angeles,CA,SPA 4                                             ,14,1,062118,Yes,Current,,,0.0,0.0,2.0,0.0,0.0,0.0,0.0,0.0,0.0,2.0,0.0,No,No,No,No,No,No,No,No,No,No,No,No,No,No,No,No,No,No,No,No,No,No,No,No,No,No,Site-based - single site,No,No,No,No,No,No,No,No,No,No,No,No,No,No,No,No,No,No,2.0,0.0,,,0.0,2.0,2.0,1.0,4,14,2.0,0.0,Permanent Housing
2025.0,PSH,Skid Row Housing Trust,CA0464 Sanborn - 36,Los Angeles,CA,SPA 4                                             ,14,1,062118,Yes,Current,,,0.0,0.0,36.0,0.0,0.0,0.0,0.0,0.0,0.0,36.0,0.0,No,No,No,No,No,No,No,No,No,No,No,No,No,No,No,No,No,No,No,No,No,No,No,No,No,No,Site-based - single site,No,No,No,No,No,No,No,No,No,No,No,No,No,No,No,No,No,No,36.0,0.0,,,0.0,21.0,36.0,0.5833333333333334,4,14,21.0,15.0,Permanent Housing
2025.0,PSH,Skid Row Housing Trust,CA0464 Senator - 21,Los Angeles,CA,SPA 4                                             ,14,1,062118,Yes,Current,,,0.0,0.0,21.0,0.0,0.0,0.0,0.0,0.0,0.0,21.0,0.0,No,No,No,No,No,No,No,No,No,No,No,No,No,No,No,No,No,No,No,No,No,No,No,No,No,No,Site-based - single site,No,No,No,No,No,No,No,No,No,No,No,No,No,No,No,No,No,No,21.0,0.0,,,0.0,14.0,21.0,0.6666666666666666,4,14,14.0,7.0,Permanent Housing
2025.0,PSH,Skid Row Housing Trust,CA0464 Simone - 40,Los Angeles,CA,SPA 4                                             ,14,1,062118,Yes,Current,,,0.0,0.0,40.0,0.0,0.0,0.0,0.0,0.0,0.0,40.0,0.0,No,No,No,No,No,No,No,No,No,No,No,No,No,No,No,No,No,No,No,No,No,No,No,No,No,No,Site-based - single site,No,No,No,No,No,No,No,No,No,No,No,No,No,No,No,No,No,No,40.0,0.0,,,0.0,30.0,40.0,0.75,4,14,30.0,10.0,Permanent Housing
2025.0,PSH,Skid Row Housing Trust,CA0464 Southeast 1 - 30,Los Angeles,CA,SPA 4                                             ,14,1,062118,Yes,Current,,,0.0,0.0,30.0,0.0,0.0,0.0,0.0,0.0,0.0,0.0,0.0,No,No,No,No,No,No,No,No,No,No,No,No,No,No,No,No,No,No,No,No,No,No,No,No,No,No,Site-based - single site,No,No,No,No,No,No,No,No,No,No,No,No,No,No,No,No,No,No,30.0,0.0,,,0.0,22.0,30.0,0.7333333333333333,4,14,22.0,8.0,Permanent Housing
2025.0,PSH,Skid Row Housing Trust,CA0464 SP7 - 18,Los Angeles,CA,SPA 4                                             ,14,1,062118,Yes,Current,,,0.0,0.0,18.0,0.0,0.0,0.0,0.0,0.0,0.0,0.0,0.0,No,Yes,No,No,No,No,No,No,No,No,No,No,No,No,No,No,No,No,No,No,No,No,No,No,No,Yes,Site-based - single site,No,No,No,No,No,No,No,No,No,No,No,No,No,No,No,No,No,No,18.0,0.0,,,0.0,16.0,18.0,0.8888888888888888,4,14,16.0,2.0,Permanent Housing
2025.0,PSH,Skid Row Housing Trust,CA0464 St. George Hotel - 69,Los Angeles,CA,SPA 4                                             ,14,1,062118,Yes,Current,,,0.0,0.0,69.0,0.0,0.0,0.0,0.0,0.0,0.0,0.0,0.0,No,No,No,No,No,No,No,No,No,No,No,No,No,No,No,No,No,No,No,No,No,No,No,No,No,No,Site-based - single site,No,No,No,No,No,No,No,No,No,No,No,No,No,No,No,No,No,No,69.0,0.0,,,0.0,41.0,69.0,0.5942028985507246,4,14,41.0,28.0,Permanent Housing
2025.0,PSH,Skid Row Housing Trust,CA0797 Abbey Apartments - 9,Los Angeles,CA,SPA 4                                             ,14,1,062118,Yes,Current,,,0.0,0.0,9.0,0.0,0.0,0.0,0.0,0.0,0.0,0.0,0.0,No,No,No,No,No,No,No,No,No,No,No,No,No,No,No,No,No,No,No,No,No,No,No,No,No,No,Site-based - single site,No,No,No,No,No,No,No,No,No,No,No,No,No,No,No,No,No,No,9.0,0.0,,,0.0,7.0,9.0,0.7777777777777778,4,14,7.0,2.0,Permanent Housing
2025.0,PSH,Skid Row Housing Trust,CA0797 Boyd - 9,Los Angeles,CA,SPA 4                                             ,14,1,062118,Yes,Current,,,0.0,0.0,9.0,0.0,0.0,0.0,0.0,0.0,0.0,0.0,0.0,No,No,No,No,No,No,No,No,No,No,No,No,No,No,No,No,No,No,No,No,No,No,No,No,No,No,Site-based - single site,No,No,No,No,No,No,No,No,No,No,No,No,No,No,No,No,No,No,9.0,0.0,,,0.0,7.0,9.0,0.7777777777777778,4,14,7.0,2.0,Permanent Housing
2025.0,PSH,Skid Row Housing Trust,CA0797 Central 1 - 17,Los Angeles,CA,SPA 4                                             ,14,1,062118,Yes,Current,,,0.0,0.0,17.0,0.0,0.0,0.0,0.0,0.0,0.0,0.0,0.0,No,No,No,No,No,No,No,No,No,No,No,No,No,No,No,No,No,No,No,No,No,No,No,No,No,No,Site-based - single site,No,No,No,No,No,No,No,No,No,No,No,No,No,No,No,No,No,No,17.0,0.0,,,0.0,14.0,17.0,0.8235294117647058,4,14,14.0,3.0,Permanent Housing
2025.0,PSH,Skid Row Housing Trust,CA0797 Crescent - 1,Los Angeles,CA,SPA 4                                             ,14,1,062118,Yes,Current,,,0.0,0.0,1.0,0.0,0.0,0.0,0.0,0.0,0.0,0.0,0.0,No,No,No,No,No,No,No,No,No,No,No,No,No,No,No,No,No,No,No,No,No,No,No,No,No,No,Site-based - single site,No,No,No,No,No,No,No,No,No,No,No,No,No,No,No,No,No,No,1.0,0.0,,,0.0,1.0,1.0,1.0,4,14,1.0,0.0,Permanent Housing
2025.0,PSH,Skid Row Housing Trust,CA0797 FLOR 401 Lofts - 14,Los Angeles,CA,SPA 4                                             ,14,1,062118,Yes,Current,,,0.0,0.0,14.0,0.0,0.0,0.0,0.0,0.0,0.0,0.0,0.0,No,Yes,No,No,No,No,No,No,No,No,No,No,No,No,No,No,No,No,No,No,No,No,No,No,No,Yes,Site-based - single site,No,No,No,No,No,No,No,No,No,No,No,No,No,No,No,No,No,No,14.0,0.0,,,0.0,13.0,14.0,0.9285714285714286,4,14,13.0,1.0,Permanent Housing
2025.0,PSH,Skid Row Housing Trust,CA0797 New Pershing - 11,Los Angeles,CA,SPA 4                                             ,14,1,062118,Yes,Current,,,0.0,0.0,11.0,0.0,0.0,0.0,0.0,0.0,0.0,0.0,0.0,No,No,No,No,No,No,No,No,No,No,No,No,No,No,No,No,No,No,No,No,No,No,No,No,No,No,Site-based - single site,No,No,No,No,No,No,No,No,No,No,No,No,No,No,No,No,No,No,11.0,0.0,,,0.0,9.0,11.0,0.8181818181818182,4,14,9.0,2.0,Permanent Housing
2025.0,PSH,Skid Row Housing Trust,CA0797 Olympia - 1,Los Angeles,CA,SPA 4                                             ,14,1,062118,Yes,Current,,,0.0,0.0,1.0,0.0,0.0,0.0,0.0,0.0,0.0,0.0,0.0,No,No,No,No,No,No,No,No,No,No,No,No,No,No,No,No,No,No,No,No,No,No,No,No,No,No,Site-based - single site,No,No,No,No,No,No,No,No,No,No,No,No,No,No,No,No,No,No,1.0,0.0,,,0.0,1.0,1.0,1.0,4,14,1.0,0.0,Permanent Housing
2025.0,PSH,Skid Row Housing Trust,CA0797 Sanborn - 6,Los Angeles,CA,SPA 4                                             ,14,1,062118,Yes,Current,,,0.0,0.0,6.0,0.0,0.0,0.0,0.0,0.0,0.0,0.0,0.0,No,No,No,No,No,No,No,No,No,No,No,No,No,No,No,No,No,No,No,No,No,No,No,No,No,No,Site-based - single site,No,No,No,No,No,No,No,No,No,No,No,No,No,No,No,No,No,No,6.0,0.0,,,0.0,5.0,6.0,0.8333333333333334,4,14,5.0,1.0,Permanent Housing
2025.0,PSH,Skid Row Housing Trust,CA0797 Senator - 50,Los Angeles,CA,SPA 4                                             ,14,1,062118,Yes,Current,,,0.0,0.0,50.0,0.0,0.0,0.0,0.0,0.0,0.0,50.0,0.0,No,No,No,No,No,No,No,No,No,No,No,No,No,No,No,No,No,No,No,No,No,No,No,No,No,No,Site-based - single site,No,No,No,No,No,No,No,No,No,No,No,No,No,No,No,No,No,No,50.0,0.0,,,0.0,32.0,50.0,0.64,4,14,32.0,18.0,Permanent Housing
2025.0,PSH,Skid Row Housing Trust,CA0797 Simone - 15,Los Angeles,CA,SPA 4                                             ,14,1,062118,Yes,Current,,,0.0,0.0,15.0,0.0,0.0,0.0,0.0,0.0,0.0,0.0,0.0,No,No,No,No,No,No,No,No,No,No,No,No,No,No,No,No,No,No,No,No,No,No,No,No,No,No,Site-based - single site,No,No,No,No,No,No,No,No,No,No,No,No,No,No,No,No,No,No,15.0,0.0,,,0.0,11.0,15.0,0.7333333333333333,4,14,11.0,4.0,Permanent Housing
2025.0,PSH,Skid Row Housing Trust,CA0797 St. George - 2,Los Angeles,CA,SPA 4                                             ,14,1,062118,Yes,Current,,,0.0,0.0,2.0,0.0,0.0,0.0,0.0,0.0,0.0,0.0,0.0,No,No,No,No,No,No,No,No,No,No,No,No,No,No,No,No,No,No,No,No,No,No,No,No,No,No,Site-based - single site,No,No,No,No,No,No,No,No,No,No,No,No,No,No,No,No,No,No,2.0,0.0,,,0.0,1.0,2.0,0.5,4,14,1.0,1.0,Permanent Housing
2025.0,PSH,Skid Row Housing Trust,CA1051 Abbey Apartments - 45,Los Angeles,CA,SPA 4                                             ,14,1,062118,Yes,Current,,,0.0,0.0,45.0,0.0,0.0,0.0,0.0,0.0,0.0,45.0,0.0,No,No,No,No,No,No,No,No,No,No,No,No,No,No,No,No,No,No,No,No,No,No,No,No,No,No,Site-based - single site,No,No,No,No,No,No,No,No,No,No,No,No,No,No,No,No,No,No,45.0,0.0,,,0.0,35.0,45.0,0.7777777777777778,4,14,35.0,10.0,Permanent Housing
2025.0,PSH,Skid Row Housing Trust,CA1217 Abbey - 44,Los Angeles,CA,SPA 4                                             ,14,1,062118,Yes,Current,,,0.0,0.0,44.0,0.0,0.0,0.0,0.0,0.0,0.0,0.0,0.0,No,No,No,No,No,No,No,No,No,No,No,No,No,No,No,No,No,No,No,No,No,No,No,No,No,No,Site-based - single site,No,No,No,No,No,No,No,No,No,No,No,No,No,No,No,No,No,No,44.0,0.0,,,0.0,39.0,44.0,0.8863636363636364,4,14,39.0,5.0,Permanent Housing
2025.0,PSH,Skid Row Housing Trust,CA1224 St. George Hotel - 15,Los Angeles,CA,SPA 4                                             ,14,1,062118,Yes,Current,,,0.0,0.0,15.0,0.0,0.0,0.0,0.0,0.0,0.0,15.0,0.0,No,No,No,No,No,No,No,No,No,No,No,No,No,No,No,No,No,No,No,No,No,No,No,No,No,No,Site-based - single site,No,No,No,No,No,No,No,No,No,No,No,No,No,No,No,No,No,No,15.0,0.0,,,0.0,8.0,15.0,0.5333333333333333,4,14,8.0,7.0,Permanent Housing
2025.0,PSH,Skid Row Housing Trust,Dewey Hotel,Los Angeles,CA,SPA 4                                             ,14,1,062118,Yes,Current,,,0.0,0.0,42.0,0.0,0.0,0.0,0.0,0.0,0.0,0.0,0.0,No,No,No,No,No,No,No,No,No,No,No,No,No,No,No,No,No,No,No,No,No,No,No,No,No,No,Site-based - single site,No,No,No,No,No,No,No,No,No,No,No,No,No,No,No,No,No,No,42.0,0.0,,,0.0,25.0,42.0,0.5952380952380952,4,14,25.0,17.0,Permanent Housing
2025.0,PSH,Skid Row Housing Trust,DHS 649 LOFTS - 36,Los Angeles,CA,SPA 4                                             ,14,1,062118,Yes,Current,,,0.0,0.0,36.0,0.0,0.0,0.0,0.0,0.0,0.0,0.0,0.0,No,Yes,No,No,No,No,No,No,No,No,No,No,No,No,No,No,No,No,No,No,No,No,No,No,No,Yes,Site-based - single site,No,No,No,No,No,No,No,No,No,No,No,No,No,No,No,No,No,No,36.0,0.0,,,0.0,21.0,36.0,0.5833333333333334,4,14,21.0,15.0,Permanent Housing
2025.0,PSH,Skid Row Housing Trust,DHS FLOR 401 Lofts - 40,Los Angeles,CA,SPA 4                                             ,14,1,062118,Yes,Current,,,0.0,0.0,40.0,0.0,0.0,0.0,0.0,0.0,0.0,0.0,0.0,No,Yes,No,No,No,No,No,No,No,No,No,No,No,No,No,No,No,No,No,No,No,No,No,No,No,Yes,Site-based - single site,No,No,No,No,No,No,No,No,No,No,No,No,No,No,No,No,No,No,40.0,0.0,,,0.0,10.0,40.0,0.25,4,14,10.0,30.0,Permanent Housing
2025.0,PSH,Skid Row Housing Trust,Hart Hotel,Los Angeles,CA,SPA 4                                             ,14,1,062118,Yes,Current,,,0.0,0.0,35.0,0.0,0.0,0.0,0.0,0.0,0.0,0.0,0.0,No,No,No,No,No,No,No,No,No,No,No,No,No,No,No,No,No,No,No,No,No,No,No,No,No,No,Site-based - single site,No,No,No,No,No,No,No,No,No,No,No,No,No,No,No,No,No,No,35.0,0.0,,,0.0,25.0,35.0,0.7142857142857143,4,14,25.0,10.0,Permanent Housing
2025.0,PSH,Skid Row Housing Trust,New Carver Apartments,Los Angeles,CA,SPA 4                                             ,14,1,062118,Yes,Current,,,0.0,0.0,92.0,0.0,0.0,0.0,0.0,0.0,0.0,34.0,0.0,No,No,No,No,No,No,No,No,No,No,No,No,No,No,No,No,No,No,No,No,No,No,No,No,No,No,Site-based - single site,No,No,No,No,No,No,No,No,No,No,No,No,No,No,No,No,No,No,92.0,0.0,,,0.0,70.0,92.0,0.7608695652173914,4,14,70.0,22.0,Permanent Housing
2025.0,PSH,Skid Row Housing Trust,New Genesis Apartments Exodus - 49,Los Angeles,CA,SPA 4                                             ,14,1,062118,Yes,Current,,,0.0,0.0,49.0,0.0,0.0,0.0,0.0,0.0,0.0,0.0,0.0,No,Yes,No,No,No,No,No,No,No,No,No,No,No,No,No,No,No,No,No,No,No,No,No,No,No,Yes,Site-based - single site,No,No,No,No,No,No,No,No,No,No,No,No,No,No,No,No,No,No,49.0,0.0,,,0.0,36.0,49.0,0.7346938775510204,4,14,36.0,13.0,Permanent Housing
2025.0,PSH,Skid Row Housing Trust,New Genesis Apartments SRHT - 30,Los Angeles,CA,SPA 4                                             ,14,1,062118,Yes,Current,,,0.0,0.0,30.0,0.0,0.0,0.0,0.0,0.0,0.0,0.0,0.0,No,No,No,No,No,No,No,No,No,No,No,No,No,No,No,No,No,No,No,No,No,No,No,No,No,No,Site-based - single site,No,No,No,No,No,No,No,No,No,No,No,No,No,No,No,No,No,No,30.0,0.0,,,0.0,24.0,30.0,0.8,4,14,24.0,6.0,Permanent Housing
2025.0,PSH,Skid Row Housing Trust,New Pershing Apartments,Los Angeles,CA,SPA 4                                             ,14,1,062118,Yes,Current,,,0.0,0.0,62.0,0.0,0.0,0.0,0.0,0.0,0.0,26.0,0.0,No,No,No,No,No,No,No,No,No,No,No,No,No,No,No,No,No,No,No,No,No,No,No,No,No,No,Site-based - single site,No,No,No,No,No,No,No,No,No,No,No,No,No,No,No,No,No,No,62.0,0.0,,,0.0,42.0,62.0,0.6774193548387096,4,14,42.0,20.0,Permanent Housing
2025.0,PSH,Skid Row Housing Trust,PBV Simone Apartments,Los Angeles,CA,SPA 4                                             ,14,1,062118,Yes,Current,,,0.0,0.0,46.0,0.0,0.0,0.0,0.0,0.0,0.0,0.0,0.0,No,Yes,No,No,No,No,No,No,No,No,No,No,No,No,No,No,No,No,No,No,No,Yes,No,No,No,No,Site-based - single site,No,No,No,No,No,No,No,No,No,No,No,No,No,No,No,No,No,No,46.0,0.0,,,0.0,29.0,46.0,0.6304347826086957,4,14,29.0,17.0,Permanent Housing
2025.0,PSH,Skid Row Housing Trust,PBV SP7 SRHT - 59,Los Angeles,CA,SPA 4                                             ,14,1,062118,Yes,Current,,,0.0,0.0,59.0,0.0,0.0,0.0,0.0,0.0,0.0,0.0,0.0,No,Yes,No,No,No,No,No,No,No,No,No,No,No,No,No,No,No,No,No,No,No,No,No,No,No,Yes,Tenant-based - scattered site,No,No,No,No,No,No,No,No,No,No,No,No,No,No,No,No,No,No,59.0,0.0,,,0.0,3.0,59.0,0.0508474576271186,4,14,3.0,56.0,Permanent Housing
2025.0,PSH,Skid Row Housing Trust,Produce Apartments,Los Angeles,CA,SPA 4                                             ,14,1,062118,Yes,Current,,,0.0,0.0,95.0,0.0,0.0,0.0,0.0,0.0,0.0,0.0,0.0,No,No,No,No,No,No,No,No,No,No,No,No,No,No,No,No,No,No,No,No,No,No,No,No,No,No,Site-based - single site,No,No,No,No,No,No,No,No,No,No,No,No,No,No,No,No,No,No,95.0,0.0,,,0.0,74.0,95.0,0.7789473684210526,4,14,74.0,21.0,Permanent Housing
2025.0,PSH,Skid Row Housing Trust,Sec 8 Mod Rehab Rossmore 57,Los Angeles,CA,SPA 4                                             ,14,1,062118,Yes,Current,,,0.0,0.0,57.0,0.0,0.0,0.0,0.0,0.0,0.0,0.0,0.0,No,No,No,No,No,No,No,No,No,No,No,No,No,No,No,No,No,No,No,No,No,No,No,No,No,No,Site-based - single site,Yes,No,No,No,No,No,No,Yes,No,No,No,No,No,No,No,No,No,No,57.0,0.0,,,0.0,50.0,57.0,0.8771929824561403,4,14,50.0,7.0,Permanent Housing
2025.0,PSH,Skid Row Housing Trust,Section 8 Crescent Hotel Apartments - 6,Los Angeles,CA,SPA 4                                             ,14,1,062118,Yes,Current,,,0.0,0.0,6.0,0.0,0.0,0.0,0.0,0.0,0.0,0.0,0.0,No,Yes,No,No,No,No,No,No,No,No,No,No,No,No,No,No,No,No,No,No,No,Yes,No,No,No,No,Site-based - single site,No,No,No,No,No,No,No,No,No,No,No,No,No,No,No,No,No,No,6.0,0.0,,,0.0,6.0,6.0,1.0,4,14,6.0,0.0,Permanent Housing
2025.0,PSH,Skid Row Housing Trust,Southeast 1 DHS - 60,Los Angeles,CA,SPA 4                                             ,14,1,062118,Yes,Current,,,0.0,0.0,60.0,0.0,0.0,0.0,0.0,0.0,0.0,0.0,0.0,No,Yes,No,No,No,No,No,No,No,No,No,No,No,No,No,No,No,No,No,No,No,No,No,No,No,Yes,Site-based - single site,No,No,No,No,No,No,No,No,No,No,No,No,No,No,No,No,No,No,60.0,0.0,,,0.0,37.0,60.0,0.6166666666666667,4,14,37.0,23.0,Permanent Housing
2025.0,PSH,Skid Row Housing Trust,St Marks Hotel,Los Angeles,CA,SPA 4                                             ,14,1,062118,Yes,Current,,,0.0,0.0,89.0,0.0,0.0,0.0,0.0,0.0,0.0,0.0,0.0,No,No,No,No,No,No,No,No,No,No,No,No,No,No,No,No,No,No,No,No,No,No,No,No,No,No,Site-based - single site,No,No,No,No,No,No,No,No,No,No,No,No,No,No,No,No,No,No,89.0,0.0,,,0.0,70.0,89.0,0.7865168539325843,4,14,70.0,19.0,Permanent Housing
2025.0,PSH,Skid Row Housing Trust,Star Apartments,Los Angeles,CA,SPA 4                                             ,14,1,062118,Yes,Current,,,0.0,0.0,100.0,0.0,0.0,0.0,0.0,0.0,0.0,58.0,0.0,No,No,No,No,No,No,No,No,No,No,No,No,No,No,No,No,No,No,No,No,No,No,No,No,No,No,Site-based - single site,No,No,No,No,No,No,No,No,No,No,No,No,No,No,No,No,No,No,100.0,0.0,,,0.0,72.0,100.0,0.72,4,14,72.0,28.0,Permanent Housing
2025.0,ES,Society of St. Vincent de Paul,"CES Bridge Housing Program ""Entry/Exit",Los Angeles,CA,SPA 4                                             ,14,1,062118,Yes,Current,,,0.0,0.0,50.0,0.0,0.0,0.0,0.0,0.0,0.0,0.0,0.0,No,Yes,No,No,No,No,No,No,No,No,No,No,No,No,No,No,No,No,No,No,No,No,No,No,No,Yes,Site-based - single site,No,No,No,No,No,No,No,No,No,No,No,No,No,No,No,No,No,No,50.0,0.0,,,0.0,50.0,50.0,1.0,4,14,50.0,0.0,Shelter
2025.0,ES,Society of St. Vincent de Paul,DMH Interim Housing,Los Angeles,CA,SPA 4                                             ,14,1,062118,Yes,Current,,,0.0,0.0,10.0,0.0,0.0,0.0,0.0,0.0,0.0,0.0,0.0,No,No,No,No,No,No,No,No,No,No,No,No,No,No,No,No,No,No,No,No,No,No,No,No,No,No,Site-based - single site,No,No,No,No,No,No,No,No,No,No,No,No,No,No,No,No,No,No,10.0,0.0,,,0.0,6.0,10.0,0.6,4,14,6.0,4.0,Shelter
2025.0,PSH,Southern California Health and Rehabilitation Program (SCHARP),Figueroa Apartments,Los Angeles,CA,SPA 6                                             ,9,2,062118,Yes,Current,,,0.0,0.0,18.0,0.0,0.0,0.0,0.0,0.0,0.0,10.0,0.0,No,No,No,No,No,No,No,No,No,No,No,No,No,No,No,No,No,No,No,No,No,No,No,No,No,No,Site-based - single site,No,No,No,No,No,No,No,No,No,No,No,No,No,No,No,No,No,No,18.0,0.0,,,0.0,10.0,18.0,0.5555555555555556,6,9,10.0,8.0,Permanent Housing
2025.0,PSH,Southern California Health and Rehabilitation Program (SCHARP),HACOLA Shelter Plus Care,Lynwood,CA,SPA 6                                             ,0,4,062148,Yes,Current,,,0.0,0.0,89.0,0.0,0.0,0.0,0.0,0.0,0.0,0.0,0.0,No,No,No,No,No,No,No,No,No,No,No,No,No,No,No,No,No,No,No,No,No,No,No,No,No,No,Tenant-based - scattered site,No,No,No,No,No,No,No,No,No,No,No,No,No,No,No,No,No,No,89.0,0.0,,,0.0,54.0,89.0,0.6067415730337079,6,0,54.0,35.0,Permanent Housing
2025.0,PSH,Southern California Health and Rehabilitation Program (SCHARP),Hoover Apartments,Los Angeles,CA,SPA 6                                             ,8,2,062118,Yes,Current,,,0.0,0.0,6.0,0.0,0.0,0.0,0.0,0.0,0.0,6.0,0.0,No,No,No,No,No,No,No,No,No,No,No,No,No,No,No,No,No,No,No,No,No,No,No,No,No,No,Site-based - single site,Yes,No,No,No,No,No,No,Yes,No,No,No,No,No,No,No,No,No,No,6.0,0.0,,,0.0,5.0,6.0,0.8333333333333334,6,8,5.0,1.0,Permanent Housing
2025.0,PSH,Southern California Health and Rehabilitation Program (SCHARP),SCHARP SRAP (CFCI 2),Lynwood,CA,SPA 6                                             ,0,4,062148,No,Current,,,0.0,0.0,44.0,0.0,0.0,0.0,0.0,0.0,0.0,0.0,0.0,No,Yes,No,No,No,No,No,No,No,No,No,No,No,No,No,No,No,No,No,No,No,No,No,No,No,Yes,Tenant-based - scattered site,No,No,No,No,No,No,No,No,No,No,No,No,No,No,No,No,No,No,44.0,0.0,,,0.0,17.0,44.0,0.3863636363636363,6,0,17.0,27.0,Permanent Housing
2025.0,ES,"Special Service for Groups, Inc.","A Bridge Home SSG FSC Crisis Housing Figueroa ""Entry/Exit",Los Angeles,CA,SPA 6                                             ,9,2,062118,Yes,Current,,,30.0,15.0,0.0,0.0,0.0,0.0,0.0,0.0,0.0,0.0,0.0,No,Yes,No,No,No,No,No,No,No,No,No,No,No,No,No,No,No,No,No,No,No,No,No,No,No,Yes,Site-based - single site,Yes,Yes,No,No,No,No,No,No,No,No,No,No,No,No,No,No,No,No,30.0,0.0,,,0.0,35.0,30.0,1.1666666666666667,6,9,35.0,0.0,Shelter
2025.0,ES,"Special Service for Groups, Inc.","A Bridge Home St. Andrews Place ""Entry/Exit",Los Angeles,CA,SPA 6                                             ,8,2,062118,Yes,Current,,,0.0,0.0,100.0,0.0,0.0,0.0,0.0,0.0,0.0,0.0,0.0,No,Yes,No,No,No,No,No,No,No,No,No,No,No,No,No,No,No,No,No,No,No,No,No,No,No,Yes,Site-based - single site,No,No,No,No,No,No,No,No,No,No,No,No,No,No,No,No,No,No,100.0,0.0,,,0.0,96.0,100.0,0.96,6,8,96.0,4.0,Shelter
2025.0,ES,"Special Service for Groups, Inc.","Bridge Housing City Roadmap Abundant Blessings ""Entry/Exit",Los Angeles,CA,SPA 4                                             ,9,2,062118,Yes,Current,,,0.0,0.0,68.0,0.0,0.0,0.0,0.0,0.0,0.0,0.0,0.0,No,Yes,No,No,No,No,No,No,No,No,No,No,No,No,No,No,No,No,No,No,No,No,No,No,No,Yes,Site-based - single site,No,No,No,No,No,No,No,No,No,No,No,No,No,No,No,No,No,No,68.0,0.0,,,0.0,64.0,68.0,0.9411764705882352,4,9,64.0,4.0,Shelter
2025.0,ES,"Special Service for Groups, Inc.","Bridge Housing City Roadmap LAGC ""Entry/Exit",Los Angeles,CA,SPA 6                                             ,8,2,062118,Yes,Current,,,0.0,0.0,16.0,0.0,0.0,0.0,0.0,0.0,0.0,0.0,0.0,No,Yes,No,No,No,No,No,No,No,No,No,No,No,No,No,No,No,No,No,No,No,No,No,No,No,Yes,Site-based - single site,No,No,No,No,No,No,No,No,No,No,No,No,No,No,No,No,No,No,16.0,0.0,,,0.0,15.0,16.0,0.9375,6,8,15.0,1.0,Shelter
2025.0,ES,"Special Service for Groups, Inc.","Bridge Housing City Roadmap Motorcycle Riders ""Entry/Exit",Los Angeles,CA,SPA 6                                             ,8,2,062118,Yes,Current,,,0.0,0.0,32.0,0.0,0.0,0.0,0.0,0.0,0.0,0.0,0.0,No,Yes,No,No,No,No,No,No,No,No,No,No,No,No,No,No,No,No,No,No,No,No,No,No,No,Yes,Site-based - single site,No,No,No,No,No,No,No,No,No,No,No,No,No,No,No,No,No,No,32.0,0.0,,,0.0,32.0,32.0,1.0,6,8,32.0,0.0,Shelter
2025.0,PSH,"Special Service for Groups, Inc.",CA0328 SSG APCTC TRA Scattered Sites,Los Angeles,CA,SPA 4                                             ,1,1,062118,Yes,Current,,,0.0,0.0,5.0,0.0,0.0,0.0,0.0,0.0,0.0,5.0,0.0,No,No,No,No,No,No,No,No,No,No,No,No,No,No,No,No,No,No,No,No,No,No,No,No,No,No,Tenant-based - scattered site,No,No,No,No,No,No,No,No,No,No,No,No,No,No,No,No,No,No,5.0,0.0,,,0.0,4.0,5.0,0.8,4,1,4.0,1.0,Permanent Housing
2025.0,PSH,"Special Service for Groups, Inc.",CA0798 SSG APCTC TRA Scattered Sites,Los Angeles,CA,SPA 4                                             ,1,1,062118,Yes,Current,,,16.0,6.0,59.0,0.0,0.0,0.0,0.0,0.0,0.0,0.0,0.0,No,No,No,No,No,No,No,No,No,No,No,No,No,No,No,No,No,No,No,No,No,No,No,No,No,No,Site-based - single site,No,No,No,No,No,No,No,No,No,No,No,No,No,No,No,No,No,No,75.0,0.0,,,0.0,46.0,75.0,0.6133333333333333,4,1,46.0,29.0,Permanent Housing
2025.0,PSH,"Special Service for Groups, Inc.",CA1339 SPA 6 CES HACLA,Los Angeles,CA,SPA 6                                             ,9,2,062118,Yes,Current,,,2.0,1.0,60.0,0.0,0.0,0.0,0.0,0.0,0.0,0.0,0.0,No,No,No,No,No,No,No,No,No,No,No,No,No,No,No,No,No,No,No,No,No,No,No,No,No,No,Site-based - single site,Yes,No,No,No,No,No,No,Yes,No,No,No,No,No,No,No,No,No,No,62.0,0.0,,,0.0,42.0,62.0,0.6774193548387096,6,9,42.0,20.0,Permanent Housing
2025.0,PSH,"Special Service for Groups, Inc.",CA1503 SPA 6 CES SSG,Los Angeles,CA,SPA 6                                             ,9,2,062118,Yes,Current,,,0.0,0.0,40.0,0.0,0.0,0.0,0.0,0.0,0.0,40.0,0.0,No,No,No,No,No,No,No,No,No,No,No,No,No,No,No,No,No,No,No,No,No,No,No,No,No,No,Site-based - single site,No,No,No,No,No,No,No,No,No,No,No,No,No,No,No,No,No,No,40.0,0.0,,,0.0,18.0,40.0,0.45,6,9,18.0,22.0,Permanent Housing
2025.0,RRH,"Special Service for Groups, Inc.",CDC Bringing Families Home SPA 6,Los Angeles,CA,SPA 6                                             ,9,2,062118,Yes,Current,,,81.0,21.0,0.0,0.0,0.0,0.0,0.0,0.0,0.0,0.0,0.0,No,Yes,No,No,No,No,No,No,No,No,No,No,No,No,No,No,No,No,No,No,No,No,No,No,No,Yes,Tenant-based - scattered site,No,No,No,No,No,No,No,No,No,No,No,No,No,No,No,No,No,No,81.0,0.0,,,0.0,81.0,81.0,1.0,6,9,81.0,0.0,Permanent Housing
2025.0,ES,"Special Service for Groups, Inc.","CES Bridge Housing Program LAGC ""Entry/Exit",Los Angeles,CA,SPA 6                                             ,8,2,062118,Yes,Current,,,0.0,0.0,10.0,0.0,0.0,0.0,0.0,0.0,0.0,0.0,0.0,No,Yes,No,No,No,No,No,No,No,No,No,No,No,No,No,No,No,No,No,No,No,No,No,No,No,Yes,Site-based - single site,No,No,No,No,No,No,No,No,No,No,No,No,No,No,No,No,No,No,10.0,0.0,,,0.0,7.0,10.0,0.7,6,8,7.0,3.0,Shelter
2025.0,ES,"Special Service for Groups, Inc.","CES Bridge Housing Program TCLC ""Entry/Exit",Los Angeles,CA,SPA 6                                             ,8,2,062118,Yes,Current,,,0.0,0.0,10.0,0.0,0.0,0.0,0.0,0.0,0.0,0.0,0.0,No,Yes,No,No,No,No,No,No,No,No,No,No,No,No,No,No,No,No,No,No,No,No,No,No,No,Yes,Site-based - single site,No,No,No,No,No,No,No,No,No,No,No,No,No,No,No,No,No,No,10.0,0.0,,,0.0,9.0,10.0,0.9,6,8,9.0,1.0,Shelter
2025.0,ES,"Special Service for Groups, Inc.","CES Crisis Housing Program LAGC ""Entry/Exit",Los Angeles,CA,SPA 6                                             ,8,2,062118,Yes,Current,,,0.0,0.0,60.0,0.0,0.0,0.0,0.0,0.0,0.0,0.0,0.0,No,Yes,No,No,No,No,No,No,No,No,No,No,No,No,No,No,No,No,No,No,No,No,No,No,No,Yes,Site-based - single site,No,No,No,No,No,No,No,No,No,No,No,No,No,No,No,No,No,No,60.0,0.0,,,0.0,48.0,60.0,0.8,6,8,48.0,12.0,Shelter
2025.0,ES,"Special Service for Groups, Inc.","CES Crisis Housing Program TCLC ""Entry/Exit",Los Angeles,CA,SPA 6                                             ,8,2,062118,Yes,Current,,,0.0,0.0,20.0,0.0,0.0,0.0,0.0,0.0,0.0,0.0,0.0,No,Yes,No,No,No,No,No,No,No,No,No,No,No,No,No,No,No,No,No,No,No,No,No,No,No,Yes,Site-based - single site,No,No,No,No,No,No,No,No,No,No,No,No,No,No,No,No,No,No,20.0,0.0,,,0.0,17.0,20.0,0.85,6,8,17.0,3.0,Shelter
2025.0,ES,"Special Service for Groups, Inc.","CES Enhanced Bridge Housing Older Adults ""Entry/Exit",Los Angeles,CA,SPA 6                                             ,9,2,062118,Yes,Current,,,0.0,0.0,16.0,0.0,0.0,0.0,0.0,0.0,0.0,0.0,0.0,No,Yes,No,No,No,No,No,No,No,No,No,No,No,No,No,No,No,No,No,No,No,No,No,No,No,Yes,Site-based - single site,No,No,No,No,No,No,No,No,No,No,No,No,No,No,No,No,No,No,16.0,0.0,,,0.0,16.0,16.0,1.0,6,9,16.0,0.0,Shelter
2025.0,ES,"Special Service for Groups, Inc.","CES Enhanced Bridge Housing Single Females ""Entry/Exit",Los Angeles,CA,SPA 4                                             ,1,1,062118,Yes,Current,,,0.0,0.0,20.0,0.0,0.0,0.0,0.0,0.0,0.0,0.0,0.0,No,Yes,No,No,No,No,No,No,No,No,No,No,No,No,No,No,No,No,No,No,No,No,No,No,No,Yes,Site-based - single site,No,No,No,No,No,No,No,No,No,No,No,No,No,No,No,No,No,No,20.0,0.0,,,0.0,18.0,20.0,0.9,4,1,18.0,2.0,Shelter
2025.0,ES,"Special Service for Groups, Inc.",DMH Interim Housing Auntie Mele's House,Los Angeles,CA,SPA 6                                             ,1,1,062118,Yes,Current,,,0.0,0.0,14.0,0.0,0.0,0.0,0.0,0.0,0.0,0.0,0.0,No,Yes,No,No,No,No,No,No,No,No,No,No,No,No,No,No,No,No,No,No,No,No,No,No,No,Yes,Site-based - single site,No,No,No,No,No,No,No,No,No,No,No,No,No,No,No,No,No,No,14.0,0.0,,,0.0,15.0,14.0,1.0714285714285714,6,1,15.0,0.0,Shelter
2025.0,ES,"Special Service for Groups, Inc.",DMH Interim Housing Cedar Lodge,Los Angeles,CA,SPA 6                                             ,10,2,062118,Yes,Current,,,0.0,0.0,23.0,0.0,0.0,0.0,0.0,0.0,0.0,0.0,0.0,No,Yes,No,No,No,No,No,No,No,No,No,No,No,No,No,No,No,No,No,No,No,No,No,No,No,Yes,Site-based - single site,No,No,No,No,No,No,No,No,No,No,No,No,No,No,No,No,No,No,23.0,0.0,,,0.0,22.0,23.0,0.9565217391304348,6,10,22.0,1.0,Shelter
2025.0,ES,"Special Service for Groups, Inc.",DMH Interim Housing Journey To Wellness,Los Angeles,CA,SPA 6                                             ,1,1,069037,Yes,Current,,,0.0,0.0,22.0,0.0,0.0,0.0,0.0,0.0,0.0,0.0,0.0,No,Yes,No,No,No,No,No,No,No,No,No,No,No,No,No,No,No,No,No,No,No,No,No,No,No,Yes,Site-based - single site,No,No,No,No,No,No,No,No,No,No,No,No,No,No,No,No,No,No,22.0,0.0,,,0.0,25.0,22.0,1.1363636363636365,6,1,25.0,0.0,Shelter
2025.0,ES,"Special Service for Groups, Inc.",DMH Interim Housing Mark Twain,Los Angeles,CA,SPA 4                                             ,13,3,062118,Yes,Current,,,0.0,0.0,56.0,0.0,0.0,0.0,0.0,0.0,0.0,0.0,0.0,No,Yes,No,No,No,No,No,No,No,No,No,No,No,No,No,No,No,No,No,No,No,No,No,No,No,Yes,Site-based - single site,No,No,No,No,No,No,No,No,No,No,No,No,No,No,No,No,No,No,56.0,0.0,,,0.0,52.0,56.0,0.9285714285714286,4,13,52.0,4.0,Shelter
2025.0,ES,"Special Service for Groups, Inc.",DMH Interim Housing Pine Lodge,Los Angeles,CA,SPA 6                                             ,10,2,062118,Yes,Current,,,0.0,0.0,15.0,0.0,0.0,0.0,0.0,0.0,0.0,0.0,0.0,No,Yes,No,No,No,No,No,No,No,No,No,No,No,No,No,No,No,No,No,No,No,No,No,No,No,Yes,Site-based - single site,No,No,No,No,No,No,No,No,No,No,No,No,No,No,No,No,No,No,15.0,0.0,,,0.0,15.0,15.0,1.0,6,10,15.0,0.0,Shelter
2025.0,ES,"Special Service for Groups, Inc.",DMH Journey to New Horizons,Los Angeles,CA,SPA 6                                             ,8,2,062118,Yes,Current,,,0.0,0.0,40.0,0.0,0.0,0.0,0.0,0.0,0.0,0.0,0.0,No,Yes,No,No,No,No,No,No,No,No,No,No,No,No,No,No,No,No,No,No,No,No,No,No,No,Yes,Site-based - single site,No,No,No,No,No,No,No,No,No,No,No,No,No,No,No,No,No,No,40.0,0.0,,,0.0,39.0,40.0,0.975,6,8,39.0,1.0,Shelter
2025.0,RRH,"Special Service for Groups, Inc.",ERF 3 Time Limited Subsidy,Los Angeles,CA,SPA 6                                             ,9,2,062118,Yes,Current,,,0.0,0.0,0.0,0.0,0.0,0.0,0.0,0.0,0.0,0.0,0.0,No,Yes,No,No,No,No,No,No,No,No,No,No,No,No,No,No,No,No,No,No,No,No,No,No,No,Yes,Tenant-based - scattered site,No,No,No,No,No,No,No,No,No,No,No,No,No,No,No,No,No,No,0.0,0.0,,,0.0,0.0,0.0,0.0,6,9,0.0,0.0,Permanent Housing
2025.0,RRH,"Special Service for Groups, Inc.",ESG RRH Individuals,Los Angeles,CA,SPA 6                                             ,9,2,062118,Yes,Current,,,0.0,0.0,5.0,0.0,0.0,0.0,0.0,0.0,0.0,0.0,0.0,No,Yes,No,No,No,No,No,No,No,No,No,No,No,No,No,No,No,No,No,No,No,No,No,No,No,Yes,Tenant-based - scattered site,Yes,No,Yes,No,No,No,No,No,No,No,No,No,No,No,No,No,No,No,5.0,0.0,,,0.0,5.0,5.0,1.0,6,9,5.0,0.0,Permanent Housing
2025.0,ES,"Special Service for Groups, Inc.","FSC PHK 2.0 Lemon House SPA 6 ""Entry/Exit",Compton,CA,SPA 6                                             ,0,2,062118,Yes,Current,,,80.0,40.0,0.0,0.0,0.0,0.0,0.0,0.0,0.0,0.0,0.0,No,Yes,No,No,No,No,No,No,No,No,No,No,No,No,No,No,No,No,No,No,No,No,No,No,No,Yes,Site-based - single site,No,No,No,No,No,No,No,No,No,No,No,No,No,No,No,No,No,No,80.0,0.0,,,0.0,95.0,80.0,1.1875,6,0,95.0,0.0,Shelter
2025.0,OPH,"Special Service for Groups, Inc.",HACLA Section 8 Homeless Program,Los Angeles,CA,SPA 6                                             ,9,2,062118,Yes,Current,,,284.0,86.0,136.0,0.0,0.0,0.0,0.0,0.0,0.0,0.0,0.0,No,Yes,No,No,No,No,No,No,No,No,No,No,No,No,No,No,No,No,No,No,No,Yes,No,No,No,No,Tenant-based - scattered site,No,No,No,No,No,No,No,No,No,No,No,No,No,No,No,No,No,No,420.0,0.0,,,0.0,426.0,420.0,1.0142,6,9,426.0,0.0,Permanent Housing
2025.0,ES,"Special Service for Groups, Inc.",Inside Safe Hotel/Motel Voucher Program,Los Angeles,CA,SPA 6                                             ,8,2,062118,Yes,Current,,,81.0,40.0,215.0,0.0,0.0,0.0,0.0,0.0,0.0,0.0,0.0,No,Yes,No,No,No,No,No,No,No,No,No,No,No,No,No,No,No,No,No,No,No,No,No,No,No,Yes,Site-based - clustered / multiple sites,No,No,No,No,No,No,No,No,No,No,No,No,No,No,No,No,No,No,296.0,0.0,,,0.0,234.0,296.0,0.7905405405405406,6,8,234.0,62.0,Shelter
2025.0,ES,"Special Service for Groups, Inc.",Interim Housing Grand Corridor ERF 2,Los Angeles,CA,SPA 6                                             ,0,0,062118,Yes,Current,,,0.0,0.0,53.0,0.0,0.0,0.0,0.0,0.0,0.0,0.0,0.0,No,Yes,No,No,No,No,No,No,No,No,No,No,No,No,No,No,No,No,No,No,No,No,No,No,No,Yes,Site-based - clustered / multiple sites,No,No,No,No,No,No,No,No,No,No,No,No,No,No,No,No,No,No,53.0,0.0,,,0.0,58.0,53.0,1.0943396226415094,6,0,58.0,0.0,Shelter
2025.0,ES,"Special Service for Groups, Inc.",Pathway Home,West Athens CDP,CA,SPA 8                                             ,0,2,062118,Yes,Current,,,4.0,1.0,126.0,0.0,0.0,0.0,0.0,0.0,0.0,0.0,0.0,No,Yes,No,No,No,No,No,No,No,No,No,No,No,No,No,No,No,No,No,No,No,No,No,No,No,Yes,Site-based - clustered / multiple sites,No,No,No,No,No,No,No,No,No,No,No,No,No,No,No,No,No,No,130.0,0.0,,,0.0,106.0,130.0,0.8153846153846154,8,0,106.0,24.0,Shelter
2025.0,PSH,"Special Service for Groups, Inc.",PBV Rampart Mint Apartments,Los Angeles,CA,SPA 4                                             ,13,1,062118,Yes,Current,,,0.0,0.0,22.0,0.0,0.0,0.0,0.0,0.0,0.0,0.0,0.0,No,No,No,No,No,No,No,No,No,No,No,No,No,No,No,No,No,No,No,No,No,No,No,No,No,No,Site-based - single site,No,No,No,No,No,No,No,No,No,No,No,No,No,No,No,No,No,No,22.0,0.0,,,0.0,0.0,22.0,0.0,4,13,0.0,22.0,Permanent Housing
2025.0,PSH,"Special Service for Groups, Inc.",SSG (HDAP D7),Los Angeles,CA,SPA 6                                             ,9,2,062118,Yes,Current,,,0.0,0.0,53.0,0.0,0.0,0.0,0.0,0.0,0.0,0.0,0.0,No,Yes,No,No,No,No,No,No,No,No,No,No,No,No,No,No,No,No,No,No,No,No,No,No,No,Yes,Tenant-based - scattered site,No,No,No,No,No,No,No,No,No,No,No,No,No,No,No,No,No,No,53.0,0.0,,,0.0,47.0,53.0,0.8867924528301887,6,9,47.0,6.0,Permanent Housing
2025.0,PSH,"Special Service for Groups, Inc.",SSG 67th Street (D7),Los Angeles,CA,SPA 6                                             ,0,2,062118,Yes,Current,,,0.0,0.0,10.0,0.0,0.0,0.0,0.0,0.0,0.0,0.0,0.0,No,Yes,No,No,No,No,No,No,No,No,No,No,No,No,No,No,No,No,No,No,No,No,No,No,No,Yes,Site-based - single site,No,No,No,No,No,No,No,No,No,No,No,No,No,No,No,No,No,No,10.0,0.0,,,0.0,10.0,10.0,1.0,6,0,10.0,0.0,Permanent Housing
2025.0,PSH,"Special Service for Groups, Inc.",SSG ETH (D7),Los Angeles,CA,SPA 6                                             ,9,2,062118,Yes,Current,,,0.0,0.0,53.0,0.0,0.0,0.0,0.0,0.0,0.0,0.0,0.0,No,Yes,No,No,No,No,No,No,No,No,No,No,No,No,No,No,No,No,No,No,No,No,No,No,No,Yes,Tenant-based - scattered site,No,No,No,No,No,No,No,No,No,No,No,No,No,No,No,No,No,No,53.0,0.0,,,0.0,49.0,53.0,0.9245283018867924,6,9,49.0,4.0,Permanent Housing
2025.0,ES,"Special Service for Groups, Inc.",SSG FSC Crisis Housing 37th St,Los Angeles,CA,SPA 6                                             ,8,2,062118,Yes,Current,,,76.0,38.0,0.0,0.0,0.0,0.0,0.0,0.0,0.0,0.0,0.0,No,Yes,No,No,No,No,No,No,No,No,No,No,No,No,No,No,No,No,No,No,No,No,No,No,No,Yes,Site-based - clustered / multiple sites,No,No,No,No,No,No,No,No,No,No,No,No,No,No,No,No,No,No,76.0,0.0,,,0.0,94.0,76.0,1.236842105263158,6,8,94.0,0.0,Shelter
2025.0,ES,"Special Service for Groups, Inc.","SSG FSC Crisis Housing Connections for Women ""Entry/Exit",Los Angeles,CA,SPA 6                                             ,8,2,062118,Yes,Current,,,159.0,53.0,0.0,0.0,0.0,0.0,0.0,0.0,0.0,0.0,0.0,No,Yes,No,No,No,No,No,No,No,No,No,No,No,No,No,No,No,No,No,No,No,No,No,No,No,Yes,Site-based - clustered / multiple sites,No,No,No,No,No,No,No,No,No,No,No,No,No,No,No,No,No,No,159.0,0.0,,,0.0,152.0,159.0,0.9559748427672956,6,8,152.0,7.0,Shelter
2025.0,ES,"Special Service for Groups, Inc.","SSG FSC Crisis Housing Fair Opportunities for Change ""Entry/Exit",Los Angeles,CA,SPA 6                                             ,9,2,062118,Yes,Current,,,28.0,14.0,0.0,0.0,0.0,0.0,0.0,0.0,0.0,0.0,0.0,No,Yes,No,No,No,No,No,No,No,No,No,No,No,No,No,No,No,No,No,No,No,No,No,No,No,Yes,Site-based - clustered / multiple sites,No,No,No,No,No,No,No,No,No,No,No,No,No,No,No,No,No,No,28.0,0.0,,,0.0,28.0,28.0,1.0,6,9,28.0,0.0,Shelter
2025.0,ES,"Special Service for Groups, Inc.","SSG FSC Crisis Housing LA Global Care ""Entry/Exit",Los Angeles,CA,SPA 6                                             ,0,0,062118,Yes,Current,,,306.0,102.0,0.0,0.0,0.0,0.0,0.0,0.0,0.0,0.0,0.0,No,Yes,No,No,No,No,No,No,No,No,No,No,No,No,No,No,No,No,No,No,No,No,No,No,No,Yes,Site-based - clustered / multiple sites,No,No,No,No,No,No,No,No,No,No,No,No,No,No,No,No,No,No,306.0,0.0,,,0.0,289.0,306.0,0.9444444444444444,6,0,289.0,17.0,Shelter
2025.0,ES,"Special Service for Groups, Inc.","SSG FSC Crisis Housing LA Global Care 49th St ""Entry/Exit",Los Angeles,CA,SPA 6                                             ,8,2,062118,Yes,Current,,,18.0,6.0,0.0,0.0,0.0,0.0,0.0,0.0,0.0,0.0,0.0,No,Yes,No,No,No,No,No,No,No,No,No,No,No,No,No,No,No,No,No,No,No,No,No,No,No,Yes,Site-based - single site,No,No,No,No,No,No,No,No,No,No,No,No,No,No,No,No,No,No,18.0,0.0,,,0.0,20.0,18.0,1.1111111111111112,6,8,20.0,0.0,Shelter
2025.0,ES,"Special Service for Groups, Inc.","SSG FSC Crisis Housing Long Beach Ave ""Entry/Exit",Los Angeles,CA,SPA 6                                             ,9,2,062118,Yes,Current,,,36.0,18.0,0.0,0.0,0.0,0.0,0.0,0.0,0.0,0.0,0.0,No,Yes,No,No,No,No,No,No,No,No,No,No,No,No,No,No,No,No,No,No,No,No,No,No,No,Yes,Site-based - single site,No,No,No,No,No,No,No,No,No,No,No,No,No,No,No,No,No,No,36.0,0.0,,,0.0,44.0,36.0,1.2222222222222223,6,9,44.0,0.0,Shelter
2025.0,ES,"Special Service for Groups, Inc.",SSG FSC Crisis Housing Motel/Hotel Vouchers,Los Angeles,CA,SPA 6                                             ,9,2,062118,Yes,Current,,,45.0,9.0,0.0,0.0,0.0,0.0,0.0,0.0,0.0,0.0,0.0,No,Yes,No,No,No,No,No,No,No,No,No,No,No,No,No,No,No,No,No,No,No,No,No,No,No,Yes,Tenant-based - scattered site,No,No,No,No,No,No,No,No,No,No,No,No,No,No,No,No,No,No,45.0,0.0,,,0.0,45.0,45.0,1.0,6,9,45.0,0.0,Shelter
2025.0,ES,"Special Service for Groups, Inc.","SSG FSC Crisis Housing Motor Cycle Riders for Homeless Parol ""Entry/Exit",Los Angeles,CA,SPA 6                                             ,8,2,062118,Yes,Current,,,36.0,12.0,0.0,0.0,0.0,0.0,0.0,0.0,0.0,0.0,0.0,No,Yes,No,No,No,No,No,No,No,No,No,No,No,No,No,No,No,No,No,No,No,No,No,No,No,Yes,Site-based - clustered / multiple sites,No,No,No,No,No,No,No,No,No,No,No,No,No,No,No,No,No,No,36.0,0.0,,,0.0,33.0,36.0,0.9166666666666666,6,8,33.0,3.0,Shelter
2025.0,ES,"Special Service for Groups, Inc.","SSG FSC Crisis Housing New Reflections ""Entry/Exit",Los Angeles,CA,SPA 6                                             ,8,2,062118,Yes,Current,,,16.0,8.0,0.0,0.0,0.0,0.0,0.0,0.0,0.0,0.0,0.0,No,Yes,No,No,No,No,No,No,No,No,No,No,No,No,No,No,No,No,No,No,No,No,No,No,No,Yes,Site-based - single site,No,No,No,No,No,No,No,No,No,No,No,No,No,No,No,No,No,No,16.0,0.0,,,0.0,16.0,16.0,1.0,6,8,16.0,0.0,Shelter
2025.0,ES,"Special Service for Groups, Inc.","SSG FSC Crisis Housing Sustainable Futures ""Entry/Exit",Los Angeles,CA,SPA 6                                             ,9,2,062118,Yes,Current,,,20.0,10.0,0.0,0.0,0.0,0.0,0.0,0.0,0.0,0.0,0.0,No,Yes,No,No,No,No,No,No,No,No,No,No,No,No,No,No,No,No,No,No,No,No,No,No,No,Yes,Site-based - clustered / multiple sites,No,No,No,No,No,No,No,No,No,No,No,No,No,No,No,No,No,No,20.0,0.0,,,0.0,20.0,20.0,1.0,6,9,20.0,0.0,Shelter
2025.0,RRH,"Special Service for Groups, Inc.",SSG FSC ESG Rapid Re-Housing,Los Angeles,CA,SPA 6                                             ,9,2,062118,Yes,Current,,,0.0,0.0,1.0,0.0,0.0,0.0,0.0,0.0,0.0,0.0,0.0,No,Yes,No,No,No,No,No,No,No,No,No,No,No,No,No,No,No,No,No,No,No,No,No,No,No,Yes,Tenant-based - scattered site,Yes,No,Yes,No,No,No,No,No,No,No,No,No,No,No,No,No,No,No,1.0,0.0,,,0.0,1.0,1.0,1.0,6,9,1.0,0.0,Permanent Housing
2025.0,PSH,"Special Service for Groups, Inc.",SSG Scattered 1 (D7),Los Angeles,CA,SPA 6                                             ,9,2,062118,Yes,Current,,,0.0,0.0,254.0,0.0,0.0,0.0,0.0,0.0,0.0,0.0,0.0,No,Yes,No,No,No,No,No,No,No,No,No,No,No,No,No,No,No,No,No,No,No,No,No,No,No,Yes,Tenant-based - scattered site,No,No,No,No,No,No,No,No,No,No,No,No,No,No,No,No,No,No,254.0,0.0,,,0.0,230.0,254.0,0.905511811023622,6,9,230.0,24.0,Permanent Housing
2025.0,PSH,"Special Service for Groups, Inc.",SSG TBV (HDAP),Los Angeles,CA,SPA 6                                             ,9,2,062118,Yes,Current,,,0.0,0.0,12.0,0.0,0.0,0.0,0.0,0.0,0.0,0.0,0.0,No,No,No,No,No,No,No,No,No,No,No,No,No,No,No,No,No,No,No,No,No,No,No,No,No,No,Tenant-based - scattered site,No,No,No,No,No,No,No,No,No,No,No,No,No,No,No,No,No,No,12.0,0.0,,,0.0,5.0,12.0,0.4166666666666667,6,9,5.0,7.0,Permanent Housing
2025.0,PSH,"Special Service for Groups, Inc.",SSG Washington View Sr. (H4HC),Los Angeles,CA,SPA 4                                             ,1,2,062118,Yes,Current,,,0.0,0.0,37.0,0.0,0.0,0.0,0.0,0.0,0.0,0.0,0.0,No,Yes,No,No,No,No,No,No,No,No,No,No,No,No,No,No,No,No,No,No,No,No,No,No,No,Yes,Site-based - single site,No,No,No,No,No,No,No,No,No,No,No,No,No,No,No,No,No,No,37.0,0.0,,,0.0,39.0,37.0,1.054054054054054,4,1,39.0,0.0,Permanent Housing
2025.0,RRH,"Special Service for Groups, Inc.",SUNOFO TLS Adult SPA 6,Los Angeles,CA,SPA 6                                             ,9,2,062118,Yes,Current,,,0.0,0.0,12.0,0.0,0.0,0.0,0.0,0.0,0.0,0.0,0.0,No,Yes,No,No,No,No,No,No,No,No,No,No,No,No,No,No,No,No,No,No,No,No,No,No,No,Yes,Tenant-based - scattered site,Yes,No,No,No,No,No,No,No,No,No,No,No,No,No,No,No,Yes,No,12.0,0.0,,,0.0,12.0,12.0,1.0,6,9,12.0,0.0,Permanent Housing
2025.0,RRH,"Special Service for Groups, Inc.",TLS Adult ERF 2 SPA 6,Los Angeles,CA,SPA 6                                             ,0,0,062118,Yes,Current,,,33.0,11.0,200.0,0.0,0.0,0.0,0.0,0.0,0.0,0.0,0.0,No,Yes,No,No,No,No,No,No,No,No,No,No,No,No,No,No,No,No,No,No,No,No,No,No,No,Yes,Tenant-based - scattered site,Yes,No,No,No,No,No,No,No,No,No,No,No,No,No,No,No,Yes,No,233.0,0.0,,,0.0,233.0,233.0,1.0,6,0,233.0,0.0,Permanent Housing
2025.0,RRH,"Special Service for Groups, Inc.",TLS Adult Home at Last SPA 6,Los Angeles,CA,SPA 6                                             ,8,2,062118,Yes,Current,,,0.0,0.0,20.0,0.0,0.0,0.0,0.0,0.0,0.0,0.0,0.0,No,Yes,No,No,No,No,No,No,No,No,No,No,No,No,No,No,No,No,No,No,No,No,No,No,No,Yes,Tenant-based - scattered site,No,No,No,No,No,No,No,No,No,No,No,No,No,No,No,No,No,No,20.0,0.0,,,0.0,20.0,20.0,1.0,6,8,20.0,0.0,Permanent Housing
2025.0,RRH,"Special Service for Groups, Inc.",TLS Adult Sanctuary of Hope SPA 6,Los Angeles,CA,SPA 6                                             ,8,2,062118,Yes,Current,,,0.0,0.0,1.0,0.0,0.0,0.0,0.0,0.0,0.0,0.0,0.0,No,Yes,No,No,No,No,No,No,No,No,No,No,No,No,No,No,No,No,No,No,No,No,No,No,No,Yes,Tenant-based - scattered site,No,No,No,No,No,No,No,No,No,No,No,No,No,No,No,No,No,No,1.0,0.0,,,0.0,1.0,1.0,1.0,6,8,1.0,0.0,Permanent Housing
2025.0,RRH,"Special Service for Groups, Inc.",TLS Adult Shields for Families SPA 6,Los Angeles,CA,SPA 6                                             ,9,2,062118,Yes,Current,,,0.0,0.0,24.0,0.0,0.0,0.0,0.0,0.0,0.0,0.0,0.0,No,Yes,No,No,No,No,No,No,No,No,No,No,No,No,No,No,No,No,No,No,No,No,No,No,No,Yes,Tenant-based - scattered site,No,No,No,No,No,No,No,No,No,No,No,No,No,No,No,No,No,No,24.0,0.0,,,0.0,24.0,24.0,1.0,6,9,24.0,0.0,Permanent Housing
2025.0,RRH,"Special Service for Groups, Inc.",TLS Adult SPA 6,Los Angeles,CA,SPA 6                                             ,9,2,062118,Yes,Current,,,0.0,0.0,208.0,0.0,0.0,0.0,0.0,0.0,0.0,0.0,0.0,No,Yes,No,No,No,No,No,No,No,No,No,No,No,No,No,No,No,No,No,No,No,No,No,No,No,Yes,Tenant-based - scattered site,No,No,No,No,No,No,No,No,No,No,No,No,No,No,No,No,No,No,208.0,0.0,,,0.0,208.0,208.0,1.0,6,9,208.0,0.0,Permanent Housing
2025.0,RRH,"Special Service for Groups, Inc.",TLS Adult WLCAC SPA 6,Los Angeles,CA,SPA 6                                             ,15,2,062118,Yes,Current,,,0.0,0.0,19.0,0.0,0.0,0.0,0.0,0.0,0.0,0.0,0.0,No,Yes,No,No,No,No,No,No,No,No,No,No,No,No,No,No,No,No,No,No,No,No,No,No,No,Yes,Tenant-based - scattered site,No,No,No,No,No,No,No,No,No,No,No,No,No,No,No,No,No,No,19.0,0.0,,,0.0,19.0,19.0,1.0,6,15,19.0,0.0,Permanent Housing
2025.0,RRH,"Special Service for Groups, Inc.",TLS FSC Shields for Families SPA 6,Los Angeles,CA,SPA 6                                             ,9,2,062118,Yes,Current,,,188.0,61.0,4.0,0.0,0.0,0.0,0.0,0.0,0.0,0.0,0.0,No,Yes,No,No,No,No,No,No,No,No,No,No,No,No,No,No,No,No,No,No,No,No,No,No,No,Yes,Tenant-based - scattered site,No,No,No,No,No,No,No,No,No,No,No,No,No,No,No,No,No,No,192.0,0.0,,,0.0,192.0,192.0,1.0,6,9,192.0,0.0,Permanent Housing
2025.0,RRH,"Special Service for Groups, Inc.",TLS FSC SOH SPA 6,Los Angeles,CA,SPA 6                                             ,10,2,062118,Yes,Current,,,0.0,0.0,7.0,0.0,0.0,0.0,0.0,0.0,0.0,0.0,0.0,No,Yes,No,No,No,No,No,No,No,No,No,No,No,No,No,No,No,No,No,No,No,No,No,No,No,Yes,Tenant-based - scattered site,No,No,No,No,No,No,No,No,No,No,No,No,No,No,No,No,No,No,7.0,0.0,,,0.0,7.0,7.0,1.0,6,10,7.0,0.0,Permanent Housing
2025.0,RRH,"Special Service for Groups, Inc.",TLS FSC SPA 6,Los Angeles,CA,SPA 6                                             ,9,2,062118,Yes,Current,,,648.0,238.0,10.0,0.0,0.0,0.0,0.0,0.0,0.0,0.0,0.0,No,Yes,No,No,No,No,No,No,No,No,No,No,No,No,No,No,No,No,No,No,No,No,No,No,No,Yes,Tenant-based - scattered site,No,No,No,No,No,No,No,No,No,No,No,No,No,No,No,No,No,No,658.0,0.0,,,0.0,658.0,658.0,1.0,6,9,658.0,0.0,Permanent Housing
2025.0,RRH,"Special Service for Groups, Inc.",TLS FSC WLCAC SPA 6,Los Angeles,CA,SPA 6                                             ,15,2,062118,Yes,Current,,,116.0,35.0,3.0,0.0,0.0,0.0,0.0,0.0,0.0,0.0,0.0,No,Yes,No,No,No,No,No,No,No,No,No,No,No,No,No,No,No,No,No,No,No,No,No,No,No,Yes,Tenant-based - scattered site,No,No,No,No,No,No,No,No,No,No,No,No,No,No,No,No,No,No,119.0,0.0,,,0.0,119.0,119.0,1.0,6,15,119.0,0.0,Permanent Housing
2025.0,RRH,"Special Service for Groups, Inc.",TLS Pathway Home Compton,Los Angeles,CA,SPA 6                                             ,9,2,062118,Yes,Current,,,6.0,1.0,6.0,0.0,0.0,0.0,0.0,0.0,0.0,0.0,0.0,No,Yes,No,No,No,No,No,No,No,No,No,No,No,No,No,No,No,No,No,No,No,No,No,No,No,Yes,Tenant-based - scattered site,No,No,No,No,No,No,No,No,No,No,No,No,No,No,No,No,No,No,12.0,0.0,,,0.0,12.0,12.0,1.0,6,9,12.0,0.0,Permanent Housing
2025.0,RRH,"Special Service for Groups, Inc.",TLS Pathway Home Lynwood,Lynwood,CA,SPA 6                                             ,0,4,062148,Yes,Current,,,0.0,0.0,11.0,0.0,0.0,0.0,0.0,0.0,0.0,0.0,0.0,No,Yes,No,No,No,No,No,No,No,No,No,No,No,No,No,No,No,No,No,No,No,No,No,No,No,Yes,Tenant-based - scattered site,No,No,No,No,No,No,No,No,No,No,No,No,No,No,No,No,No,No,11.0,0.0,,,0.0,11.0,11.0,1.0,6,0,11.0,0.0,Permanent Housing
2025.0,RRH,"Special Service for Groups, Inc.",TLS Pathway Home Rancho Dominguez,Los Angeles,CA,SPA 8                                             ,0,2,062118,Yes,Current,,,3.0,1.0,26.0,0.0,0.0,0.0,0.0,0.0,0.0,0.0,0.0,No,Yes,No,No,No,No,No,No,No,No,No,No,No,No,No,No,No,No,No,No,No,No,No,No,No,Yes,Tenant-based - scattered site,No,No,No,No,No,No,No,No,No,No,No,No,No,No,No,No,No,No,29.0,0.0,,,0.0,29.0,29.0,1.0,8,0,29.0,0.0,Permanent Housing
2025.0,RRH,"Special Service for Groups, Inc.",TLS Shallow Subsidy SPA 6,Los Angeles,CA,SPA 6                                             ,9,2,062118,Yes,Current,,,123.0,33.0,26.0,0.0,0.0,0.0,0.0,0.0,0.0,0.0,0.0,No,Yes,No,No,No,No,No,No,No,No,No,No,No,No,No,No,No,No,No,No,No,No,No,No,No,Yes,Tenant-based - scattered site,No,No,No,No,No,No,No,No,No,No,No,No,No,No,No,No,No,No,149.0,0.0,,,0.0,149.0,149.0,1.0,6,9,149.0,0.0,Permanent Housing
2025.0,RRH,"Special Service for Groups, Inc.",TLS Shallow Subsidy SPA 8,Los Angeles,CA,SPA 8                                             ,0,2,062118,Yes,Current,,,147.0,41.0,16.0,0.0,0.0,0.0,0.0,0.0,0.0,0.0,0.0,No,Yes,No,No,No,No,No,No,No,No,No,No,No,No,No,No,No,No,No,No,No,No,No,No,No,Yes,Tenant-based - scattered site,No,No,No,No,No,No,No,No,No,No,No,No,No,No,No,No,No,No,163.0,0.0,,,0.0,163.0,163.0,1.0,8,0,163.0,0.0,Permanent Housing
2025.0,PSH,SRO Housing Corporation,CA0473 Scattered Sites,Los Angeles,CA,SPA 4                                             ,14,1,062118,Yes,Current,,,0.0,0.0,218.0,0.0,0.0,0.0,0.0,0.0,0.0,218.0,0.0,No,Yes,No,No,No,No,No,No,No,No,No,No,No,No,No,No,No,No,No,No,No,No,No,No,No,Yes,Site-based - single site,Yes,No,No,No,No,No,No,Yes,No,No,No,No,No,No,No,No,No,No,218.0,0.0,,,0.0,143.0,218.0,0.6559633027522935,4,14,143.0,75.0,Permanent Housing
2025.0,PSH,SRO Housing Corporation,CA0473 Scattered Sites - U,Los Angeles,CA,SPA 4                                             ,14,1,062118,Yes,Current,,,0.0,0.0,25.0,0.0,0.0,0.0,0.0,0.0,0.0,0.0,0.0,No,No,No,No,No,No,No,No,No,No,No,No,No,No,No,No,No,No,No,No,No,No,No,No,No,No,Site-based - clustered / multiple sites,No,No,No,No,No,No,No,No,No,No,No,No,No,No,No,No,No,No,25.0,0.0,,,0.0,15.0,25.0,0.6,4,14,15.0,10.0,Permanent Housing
2025.0,PSH,SRO Housing Corporation,CA0799 Eugene Hotel,Los Angeles,CA,SPA 4                                             ,14,1,062118,Yes,Current,,,0.0,0.0,43.0,0.0,0.0,0.0,0.0,0.0,0.0,0.0,0.0,No,No,No,No,No,No,No,No,No,No,No,No,No,No,No,No,No,No,No,No,No,No,No,No,No,No,Site-based - single site,No,No,No,No,No,No,No,No,No,No,No,No,No,No,No,No,No,No,43.0,0.0,,,0.0,25.0,43.0,0.5813953488372093,4,14,25.0,18.0,Permanent Housing
2025.0,PSH,SRO Housing Corporation,CA0799 Eugene Hotel - U,Los Angeles,CA,SPA 4                                             ,14,1,062118,Yes,Current,,,0.0,0.0,20.0,0.0,0.0,0.0,0.0,0.0,0.0,0.0,0.0,No,No,No,No,No,No,No,No,No,No,No,No,No,No,No,No,No,No,No,No,No,No,No,No,No,No,Site-based - clustered / multiple sites,No,No,No,No,No,No,No,No,No,No,No,No,No,No,No,No,No,No,20.0,0.0,,,0.0,16.0,20.0,0.8,4,14,16.0,4.0,Permanent Housing
2025.0,PSH,SRO Housing Corporation,CA0996 Gateway Apartments,Los Angeles,CA,SPA 4                                             ,14,1,062118,Yes,Current,,,0.0,0.0,53.0,0.0,0.0,0.0,0.0,0.0,0.0,53.0,0.0,No,No,No,No,No,No,No,No,No,No,No,No,No,No,No,No,No,No,No,No,No,No,No,No,No,No,Site-based - single site,No,No,No,No,No,No,No,No,No,No,No,No,No,No,No,No,No,No,53.0,0.0,,,0.0,43.0,53.0,0.8113207547169812,4,14,43.0,10.0,Permanent Housing
2025.0,PSH,SRO Housing Corporation,CA1049 Brownstone Hotel,Los Angeles,CA,SPA 4                                             ,14,1,062118,Yes,Current,,,0.0,0.0,47.0,0.0,0.0,0.0,0.0,0.0,0.0,47.0,0.0,No,No,No,No,No,No,No,No,No,No,No,No,No,No,No,No,No,No,No,No,No,No,No,No,No,No,Site-based - single site,No,No,No,No,No,No,No,No,No,No,No,No,No,No,No,No,No,No,47.0,0.0,,,0.0,39.0,47.0,0.8297872340425532,4,14,39.0,8.0,Permanent Housing
2025.0,PSH,SRO Housing Corporation,CA1050 Lyndon Apartments,Los Angeles,CA,SPA 4                                             ,14,1,062118,Yes,Current,,,0.0,0.0,48.0,0.0,0.0,0.0,0.0,0.0,0.0,48.0,0.0,No,No,No,No,No,No,No,No,No,No,No,No,No,No,No,No,No,No,No,No,No,No,No,No,No,No,Site-based - single site,No,No,No,No,No,No,No,No,No,No,No,No,No,No,No,No,No,No,48.0,0.0,,,0.0,45.0,48.0,0.9375,4,14,45.0,3.0,Permanent Housing
2025.0,ES,SRO Housing Corporation,DMH Interim Housing Program,Los Angeles,CA,SPA 4                                             ,14,1,062118,Yes,Current,,,0.0,0.0,75.0,0.0,0.0,0.0,0.0,0.0,0.0,0.0,0.0,No,No,No,No,No,No,No,No,No,No,No,No,No,No,No,No,No,No,No,No,No,No,No,No,No,No,Site-based - single site,No,No,No,No,No,No,No,No,No,No,No,No,No,No,No,No,No,No,75.0,0.0,,,0.0,65.0,75.0,0.8666666666666667,4,14,65.0,10.0,Shelter
2025.0,PSH,SRO Housing Corporation,Ford Apartments,Los Angeles,CA,SPA 4                                             ,14,1,062118,Yes,Current,,,0.0,0.0,90.0,0.0,0.0,0.0,0.0,0.0,0.0,0.0,0.0,No,Yes,No,No,No,No,No,No,No,No,No,No,No,No,No,No,No,No,No,No,No,No,No,No,No,Yes,Site-based - single site,No,No,No,No,No,No,No,No,No,No,No,No,No,No,No,No,No,No,90.0,0.0,,,0.0,73.0,90.0,0.8111111111111111,4,14,73.0,17.0,Permanent Housing
2025.0,PSH,SRO Housing Corporation,Ford Apartments HHIP (D7),Los Angeles,CA,SPA 4                                             ,14,1,062118,Yes,Current,,,0.0,0.0,32.0,0.0,0.0,0.0,0.0,0.0,0.0,0.0,0.0,No,Yes,No,No,No,No,No,No,No,No,No,No,No,No,No,No,No,No,No,No,No,No,No,No,No,Yes,Site-based - single site,No,No,No,No,No,No,No,No,No,No,No,No,No,No,No,No,No,No,32.0,0.0,,,0.0,10.0,32.0,0.3125,4,14,10.0,22.0,Permanent Housing
2025.0,PSH,SRO Housing Corporation,Harold Apartments,Los Angeles,CA,SPA 4                                             ,14,1,062118,Yes,Current,,,0.0,0.0,40.0,0.0,0.0,0.0,0.0,0.0,0.0,0.0,0.0,No,No,No,No,No,No,No,No,No,No,No,No,No,No,No,No,No,No,No,No,No,No,No,No,No,No,Site-based - single site,No,No,No,No,No,No,No,No,No,No,No,No,No,No,No,No,No,No,40.0,0.0,,,0.0,2.0,40.0,0.05,4,14,2.0,38.0,Permanent Housing
2025.0,PSH,SRO Housing Corporation,Haskell Apartments,Los Angeles,CA,SPA 4                                             ,14,1,062118,Yes,Current,,,0.0,0.0,20.0,0.0,0.0,0.0,0.0,0.0,0.0,0.0,0.0,No,No,No,No,No,No,No,No,No,No,No,No,No,No,No,No,No,No,No,No,No,No,No,No,No,No,Site-based - single site,No,No,No,No,No,No,No,No,No,No,No,No,No,No,No,No,No,No,20.0,0.0,,,0.0,1.0,20.0,0.05,4,14,1.0,19.0,Permanent Housing
2025.0,ES,SRO Housing Corporation,Housing For Health Access Emergency,Los Angeles,CA,SPA 4                                             ,14,1,062118,Yes,Current,,,0.0,0.0,60.0,0.0,0.0,0.0,0.0,0.0,0.0,0.0,0.0,No,No,No,No,No,No,No,No,No,No,No,No,No,No,No,No,No,No,No,No,No,No,No,No,No,No,Site-based - single site,No,No,No,No,No,No,No,No,No,No,No,No,No,No,No,No,No,No,60.0,0.0,,,0.0,56.0,60.0,0.9333333333333332,4,14,56.0,4.0,Shelter
2025.0,OPH,SRO Housing Corporation,Market-Rate Permanent Housing,Los Angeles,CA,SPA 4                                             ,14,1,062118,Yes,Current,,,0.0,0.0,43.0,0.0,0.0,0.0,0.0,0.0,0.0,0.0,0.0,No,No,No,No,No,No,No,No,No,No,No,No,No,No,No,No,No,No,No,No,No,No,No,No,No,No,Site-based - clustered / multiple sites,No,No,No,No,No,No,No,No,No,No,No,No,No,No,No,No,No,No,43.0,0.0,,,0.0,1.0,43.0,0.0232558139534883,4,14,1.0,42.0,Permanent Housing
2025.0,PSH,SRO Housing Corporation,PBV Rosslyn Apartments,Los Angeles,CA,SPA 4                                             ,14,1,062118,Yes,Current,,,0.0,0.0,93.0,0.0,0.0,0.0,0.0,0.0,0.0,47.0,0.0,No,No,No,No,No,No,No,No,No,No,No,No,No,No,No,No,No,No,No,No,No,No,No,No,No,No,Site-based - single site,No,No,No,No,No,No,No,No,No,No,No,No,No,No,No,No,No,No,93.0,0.0,,,0.0,56.0,93.0,0.6021505376344086,4,14,56.0,37.0,Permanent Housing
2025.0,OPH,SRO Housing Corporation,Sec 8 Mod Rehab Leonide Hotel,Los Angeles,CA,SPA 4                                             ,14,1,062118,Yes,Current,,,0.0,0.0,64.0,0.0,0.0,0.0,0.0,0.0,0.0,0.0,0.0,No,No,No,No,No,No,No,No,No,No,No,No,No,No,No,No,No,No,No,No,No,No,No,No,No,No,Site-based - single site,No,No,No,No,No,No,No,No,No,No,No,No,No,No,No,No,No,No,64.0,0.0,,,0.0,57.0,64.0,0.890625,4,14,57.0,7.0,Permanent Housing
2025.0,OPH,SRO Housing Corporation,Sec 8 Mod Rehab New Terminal Hotel,Los Angeles,CA,SPA 4                                             ,14,1,062118,Yes,Current,,,0.0,0.0,39.0,0.0,0.0,0.0,0.0,0.0,0.0,0.0,0.0,No,No,No,No,No,No,No,No,No,No,No,No,No,No,No,No,No,No,No,No,No,No,No,No,No,No,Site-based - single site,No,No,No,No,No,No,No,No,No,No,No,No,No,No,No,No,No,No,39.0,0.0,,,0.0,34.0,39.0,0.8717948717948718,4,14,34.0,5.0,Permanent Housing
2025.0,OPH,SRO Housing Corporation,Sec 8 Mod Rehab Palmer House,Los Angeles,CA,SPA 4                                             ,14,1,062118,Yes,Current,,,0.0,0.0,65.0,0.0,0.0,0.0,0.0,0.0,0.0,0.0,0.0,No,No,No,No,No,No,No,No,No,No,No,No,No,No,No,No,No,No,No,No,No,No,No,No,No,No,Site-based - single site,No,No,No,No,No,No,No,No,No,No,No,No,No,No,No,No,No,No,65.0,0.0,,,0.0,58.0,65.0,0.8923076923076924,4,14,58.0,7.0,Permanent Housing
2025.0,OPH,SRO Housing Corporation,Sec 8 Mod Rehab Prentice Hotel,Los Angeles,CA,SPA 4                                             ,14,1,062118,Yes,Current,,,0.0,0.0,44.0,0.0,0.0,0.0,0.0,0.0,0.0,0.0,0.0,No,No,No,No,No,No,No,No,No,No,No,No,No,No,No,No,No,No,No,No,No,No,No,No,No,No,Site-based - single site,No,No,No,No,No,No,No,No,No,No,No,No,No,No,No,No,No,No,44.0,0.0,,,0.0,44.0,44.0,1.0,4,14,44.0,0.0,Permanent Housing
2025.0,OPH,SRO Housing Corporation,Sec 8 Mod Rehab Rivers Hotel General,Los Angeles,CA,SPA 4                                             ,14,1,062118,Yes,Current,,,0.0,0.0,25.0,0.0,0.0,0.0,0.0,0.0,0.0,0.0,0.0,No,No,No,No,No,No,No,No,No,No,No,No,No,No,No,No,No,No,No,No,No,No,No,No,No,No,Site-based - single site,No,No,No,No,No,No,No,No,No,No,No,No,No,No,No,No,No,No,25.0,0.0,,,0.0,25.0,25.0,1.0,4,14,25.0,0.0,Permanent Housing
2025.0,OPH,SRO Housing Corporation,Sec 8 Mod Rehab Yankee Hotel,Los Angeles,CA,SPA 4                                             ,14,1,062118,Yes,Current,,,0.0,0.0,56.0,0.0,0.0,0.0,0.0,0.0,0.0,0.0,0.0,No,No,No,No,No,No,No,No,No,No,No,No,No,No,No,No,No,No,No,No,No,No,No,No,No,No,Site-based - single site,No,No,No,No,No,No,No,No,No,No,No,No,No,No,No,No,No,No,56.0,0.0,,,0.0,49.0,56.0,0.875,4,14,49.0,7.0,Permanent Housing
2025.0,OPH,SRO Housing Corporation,Sec 8 PBV Carlton Hotel,Los Angeles,CA,SPA 4                                             ,14,1,062118,Yes,Current,,,0.0,0.0,44.0,0.0,0.0,0.0,0.0,0.0,0.0,0.0,0.0,No,No,No,No,No,No,No,No,No,No,No,No,No,No,No,No,No,No,No,No,No,No,No,No,No,No,Site-based - single site,No,No,No,No,No,No,No,No,No,No,No,No,No,No,No,No,No,No,44.0,0.0,,,0.0,38.0,44.0,0.8636363636363636,4,14,38.0,6.0,Permanent Housing
2025.0,PSH,SRO Housing Corporation,Sec 8 PBV Gateway Apartments,Los Angeles,CA,SPA 4                                             ,14,1,062118,Yes,Current,,,0.0,0.0,53.0,0.0,0.0,0.0,0.0,0.0,0.0,27.0,0.0,No,No,No,No,No,No,No,No,No,No,No,No,No,No,No,No,No,No,No,No,No,No,No,No,No,No,Site-based - single site,No,No,No,No,No,No,No,No,No,No,No,No,No,No,No,No,No,No,53.0,0.0,,,0.0,19.0,53.0,0.3584905660377358,4,14,19.0,34.0,Permanent Housing
2025.0,PSH,SRO Housing Corporation,Sec 8 PBV James Wood Apartments,Los Angeles,CA,SPA 4                                             ,14,1,062118,Yes,Current,,,0.0,0.0,52.0,0.0,0.0,0.0,0.0,0.0,0.0,31.0,0.0,No,No,No,No,No,No,No,No,No,No,No,No,No,No,No,No,No,No,No,No,No,No,No,No,No,No,Site-based - single site,No,No,No,No,No,No,No,No,No,No,No,No,No,No,No,No,No,No,52.0,0.0,,,0.0,35.0,52.0,0.6730769230769231,4,14,35.0,17.0,Permanent Housing
2025.0,PSH,SRO Housing Corporation,Sec 8 PBV Panama Hotel,Los Angeles,CA,SPA 4                                             ,14,1,062118,Yes,Current,,,0.0,0.0,72.0,0.0,0.0,0.0,0.0,0.0,0.0,54.0,0.0,No,No,No,No,No,No,No,No,No,No,No,No,No,No,No,No,No,No,No,No,No,No,No,No,No,No,Site-based - single site,No,No,No,No,No,No,No,No,No,No,No,No,No,No,No,No,No,No,72.0,0.0,,,0.0,60.0,72.0,0.8333333333333334,4,14,60.0,12.0,Permanent Housing
2025.0,PSH,SRO Housing Corporation,Sec 8 PBV Renato Apartments,Los Angeles,CA,SPA 4                                             ,14,1,062118,Yes,Current,,,0.0,0.0,95.0,0.0,0.0,0.0,0.0,0.0,0.0,58.0,0.0,No,No,No,No,No,No,No,No,No,No,No,No,No,No,No,No,No,No,No,No,No,No,No,No,No,No,Site-based - single site,No,No,No,No,No,No,No,No,No,No,No,No,No,No,No,No,No,No,95.0,0.0,,,0.0,59.0,95.0,0.6210526315789474,4,14,59.0,36.0,Permanent Housing
2025.0,OPH,SRO Housing Corporation,Sec 8 PBV Southern Hotel,Los Angeles,CA,SPA 4                                             ,14,1,062118,Yes,Current,,,0.0,0.0,53.0,0.0,0.0,0.0,0.0,0.0,0.0,0.0,0.0,No,No,No,No,No,No,No,No,No,No,No,No,No,No,No,No,No,No,No,No,No,No,No,No,No,No,Site-based - single site,No,No,No,No,No,No,No,No,No,No,No,No,No,No,No,No,No,No,53.0,0.0,,,0.0,32.0,53.0,0.6037735849056604,4,14,32.0,21.0,Permanent Housing
2025.0,PSH,SRO Housing Corporation,Section 8 - PBV Hartford Villas Apartments,Los Angeles,CA,SPA 4                                             ,1,1,062118,Yes,Current,,,0.0,0.0,25.0,0.0,0.0,0.0,0.0,0.0,0.0,0.0,0.0,No,Yes,No,No,No,No,No,No,No,No,No,No,No,No,No,No,No,No,No,No,No,No,No,No,No,Yes,Site-based - single site,No,No,No,No,No,No,No,No,No,No,No,No,No,No,No,No,No,No,25.0,0.0,,,0.0,20.0,25.0,0.8,4,1,20.0,5.0,Permanent Housing
2025.0,PSH,SRO Housing Corporation,Section 8 PBV - RISE Apartments,Los Angeles,CA,SPA 6                                             ,9,2,062118,Yes,Current,,,0.0,0.0,14.0,0.0,0.0,0.0,0.0,0.0,0.0,14.0,0.0,No,Yes,No,No,No,No,No,No,No,No,No,No,No,No,No,No,No,No,No,No,No,Yes,No,No,No,Yes,Site-based - single site,No,No,No,No,No,No,No,No,No,No,No,No,No,No,No,No,No,No,14.0,0.0,,,0.0,13.0,14.0,0.9285714285714286,6,9,13.0,1.0,Permanent Housing
2025.0,PSH,SRO Housing Corporation,SRO Housing Ford Apartments HHIP (D7),Los Angeles,CA,SPA 4                                             ,14,1,062118,Yes,Current,,,0.0,0.0,10.0,0.0,0.0,0.0,0.0,0.0,0.0,0.0,0.0,No,Yes,No,No,No,No,No,No,No,No,No,No,No,No,No,No,No,No,No,No,No,No,No,No,No,Yes,Site-based - single site,No,No,No,No,No,No,No,No,No,No,No,No,No,No,No,No,No,No,10.0,0.0,,,0.0,9.0,10.0,0.9,4,14,9.0,1.0,Permanent Housing
2025.0,PSH,SRO Housing Corporation,SRO Housing Ingraham Villa Apts. DMH (D7),Los Angeles,CA,SPA 4                                             ,1,1,062118,Yes,Current,,,0.0,0.0,150.0,0.0,0.0,0.0,0.0,0.0,0.0,0.0,0.0,No,Yes,No,No,No,No,No,No,No,No,No,No,No,No,No,No,No,No,No,No,No,No,No,No,No,Yes,Site-based - single site,No,No,No,No,No,No,No,No,No,No,No,No,No,No,No,No,No,No,150.0,0.0,,,0.0,80.0,150.0,0.5333333333333333,4,1,80.0,70.0,Permanent Housing
2025.0,ES,SRO Housing Corporation,SRO Housing Russ Hotel,Los Angeles,CA,SPA 4                                             ,14,1,062118,Yes,Current,,,0.0,0.0,60.0,0.0,0.0,0.0,0.0,0.0,0.0,0.0,0.0,No,Yes,No,No,No,No,No,No,No,No,No,No,No,No,No,No,No,No,No,No,No,No,No,No,No,Yes,Site-based - single site,No,No,No,No,No,No,No,No,No,No,No,No,No,No,No,No,No,No,60.0,0.0,,,0.0,64.0,60.0,1.0666666666666669,4,14,64.0,0.0,Shelter
2025.0,RRH,SRO Housing Corporation,TLS Adult SPA 4,Los Angeles,CA,SPA 4                                             ,1,1,062118,Yes,Current,,,0.0,0.0,59.0,0.0,0.0,0.0,0.0,0.0,0.0,0.0,0.0,No,Yes,No,No,No,No,No,No,No,No,No,No,No,No,No,No,No,No,No,No,No,No,No,No,No,Yes,Tenant-based - scattered site,No,No,No,No,No,No,No,No,No,No,No,No,No,No,No,No,No,No,59.0,0.0,,,0.0,59.0,59.0,1.0,4,1,59.0,0.0,Permanent Housing
2025.0,SH,SRO Housing Corporation,VA Bridge Housing Program,Los Angeles,CA,SPA 4                                             ,1,1,062118,Yes,Current,,,0.0,0.0,27.0,0.0,0.0,0.0,0.0,27.0,0.0,0.0,0.0,No,Yes,No,No,No,Yes,No,No,No,No,No,No,No,No,No,No,No,No,No,No,No,No,No,No,No,No,Site-based - single site,No,No,No,No,No,No,No,No,No,No,No,No,No,No,No,No,No,No,27.0,0.0,,,0.0,7.0,27.0,0.2592592592592592,4,1,7.0,20.0,Shelter
2025.0,SH,SRO Housing Corporation,VA Low Demand Transitional Housing,Los Angeles,CA,SPA 4                                             ,1,1,062118,Yes,Current,,,0.0,0.0,19.0,0.0,0.0,0.0,0.0,19.0,0.0,0.0,0.0,No,Yes,No,No,No,Yes,No,No,No,No,No,No,No,No,No,No,No,No,No,No,No,No,No,No,No,No,Site-based - single site,No,No,No,No,No,No,No,No,No,No,No,No,No,No,No,No,No,No,19.0,0.0,,,0.0,26.0,19.0,1.368421052631579,4,1,26.0,0.0,Shelter
2025.0,TH,SRO Housing Corporation,VA Service Intensive Transitional Housing,Los Angeles,CA,SPA 4                                             ,14,1,062118,Yes,Current,,,0.0,0.0,60.0,0.0,0.0,0.0,0.0,60.0,0.0,0.0,0.0,No,Yes,No,No,No,No,No,No,Yes,No,No,No,No,No,No,No,No,No,No,No,No,No,No,No,No,No,Site-based - single site,No,No,No,No,No,No,No,No,No,No,No,No,No,No,No,No,No,No,60.0,0.0,,,0.0,24.0,60.0,0.4,4,14,24.0,36.0,Shelter
2025.0,PSH,SRO Housing Corporation,VASH Hartford Villas,Los Angeles,CA,SPA 4                                             ,1,1,062118,Yes,Current,,,0.0,0.0,75.0,0.0,0.0,0.0,0.0,75.0,0.0,0.0,0.0,No,Yes,Yes,No,No,No,No,No,No,No,No,No,No,No,No,No,No,No,No,No,No,No,No,No,No,Yes,Site-based - single site,No,No,No,No,No,No,No,No,No,No,No,No,No,No,No,No,No,No,75.0,0.0,,,0.0,54.0,75.0,0.72,4,1,54.0,21.0,Permanent Housing
2025.0,PSH,SRO Housing Corporation,VASH Rosslyn Apartments,Los Angeles,CA,SPA 4                                             ,14,1,062118,Yes,Current,,,0.0,0.0,75.0,0.0,0.0,0.0,0.0,75.0,0.0,0.0,0.0,No,Yes,Yes,No,No,No,No,No,No,No,No,No,No,No,No,No,No,No,No,No,No,No,No,No,No,No,Tenant-based - scattered site,No,No,No,No,No,No,No,No,No,No,No,No,No,No,No,No,No,No,75.0,0.0,,,0.0,38.0,75.0,0.5066666666666667,4,14,38.0,37.0,Permanent Housing
2025.0,TH,St. Anne's Maternity Home,CES Transitional Housing Youth (New),Los Angeles,CA,SPA 4                                             ,13,1,062118,Yes,Current,,,34.0,17.0,0.0,0.0,0.0,34.0,0.0,0.0,0.0,0.0,0.0,No,Yes,No,No,No,No,No,No,No,No,No,No,No,No,No,No,No,No,No,No,No,No,No,No,No,Yes,Site-based - clustered / multiple sites,No,No,No,No,No,No,No,No,No,No,No,No,No,No,No,No,No,No,34.0,0.0,,,0.0,39.0,34.0,1.1470588235294117,4,13,39.0,0.0,Shelter
2025.0,TH,St. Anne's Maternity Home,RHY Transitional Living Program,Los Angeles,CA,SPA 4                                             ,13,1,062118,Yes,Current,,,17.0,8.0,0.0,0.0,0.0,17.0,0.0,0.0,0.0,0.0,0.0,No,Yes,No,No,No,No,No,No,No,No,No,No,No,No,Yes,No,No,No,No,No,No,No,No,No,No,No,Site-based - single site,No,No,No,No,No,No,No,No,No,No,No,No,No,No,No,No,No,No,17.0,0.0,,,0.0,17.0,17.0,1.0,4,13,17.0,0.0,Shelter
2025.0,PSH,St. John Well Child and Family Center,CA1787 Permanent Supportive Housing SPA 6,Los Angeles,CA,SPA 6                                             ,9,2,062118,Yes,Current,,,0.0,0.0,64.0,0.0,0.0,0.0,0.0,0.0,0.0,64.0,0.0,No,Yes,No,No,No,No,No,No,No,No,No,No,No,No,No,No,No,No,No,No,No,No,No,No,No,Yes,Tenant-based - scattered site,No,No,No,No,No,No,No,No,No,No,No,No,No,No,No,No,No,No,64.0,0.0,,,0.0,55.0,64.0,0.859375,6,9,55.0,9.0,Permanent Housing
2025.0,PSH,St. Joseph Center,Brilliant Corners Sponsored FHSP TBV,Venice,CA,SPA 5                                             ,11,3,062118,Yes,Current,,,0.0,0.0,19.0,0.0,0.0,0.0,0.0,0.0,0.0,0.0,0.0,No,Yes,No,No,No,No,No,No,No,No,No,No,No,No,No,No,No,No,No,No,No,No,No,No,No,Yes,Tenant-based - scattered site,No,No,No,No,No,No,No,No,No,No,No,No,No,No,No,No,No,No,19.0,0.0,,,0.0,14.0,19.0,0.7368421052631579,5,11,14.0,5.0,Permanent Housing
2025.0,PSH,St. Joseph Center,CA0329 HACLA Permanent Supportive Housing TRA,Venice,CA,SPA 5                                             ,11,3,062118,Yes,Current,,,17.0,5.0,41.0,0.0,0.0,0.0,0.0,0.0,0.0,0.0,0.0,No,No,No,No,No,No,No,No,No,No,No,No,No,No,No,No,No,No,No,No,No,No,No,No,No,No,Tenant-based - scattered site,No,No,No,No,No,No,No,No,No,No,No,No,No,No,No,No,No,No,58.0,0.0,,,0.0,53.0,58.0,0.913793103448276,5,11,53.0,5.0,Permanent Housing
2025.0,PSH,St. Joseph Center,CA0359 SJC SMHA CoC SIP,Venice,CA,SPA 5                                             ,11,3,062118,Yes,Current,,,0.0,0.0,44.0,0.0,0.0,0.0,0.0,0.0,0.0,0.0,0.0,No,No,No,No,No,No,No,No,No,No,No,No,No,No,No,No,No,No,No,No,No,No,No,No,No,No,Tenant-based - scattered site,Yes,No,No,No,No,No,No,Yes,No,No,No,No,No,No,No,No,No,No,44.0,0.0,,,0.0,44.0,44.0,1.0,5,11,44.0,0.0,Permanent Housing
2025.0,PSH,St. Joseph Center,CA0474 HACLA Permanent Supportive Housing TRA,Venice,CA,SPA 5                                             ,11,3,062118,Yes,Current,,,13.0,4.0,74.0,0.0,0.0,0.0,0.0,0.0,0.0,0.0,0.0,No,No,No,No,No,No,No,No,No,No,No,No,No,No,No,No,No,No,No,No,No,No,No,No,No,No,Tenant-based - scattered site,No,No,No,No,No,No,No,No,No,No,No,No,No,No,No,No,No,No,87.0,0.0,,,0.0,70.0,87.0,0.8045977011494253,5,11,70.0,17.0,Permanent Housing
2025.0,PSH,St. Joseph Center,CA0797 Rainbow - 87 (STJ),Los Angeles,CA,SPA 4                                             ,14,1,062118,Yes,Current,,,0.0,0.0,55.0,0.0,0.0,0.0,0.0,0.0,0.0,0.0,0.0,No,No,No,No,No,No,No,No,No,No,No,No,No,No,No,No,No,No,No,No,No,No,No,No,No,No,Site-based - single site,Yes,No,No,No,No,No,No,Yes,No,No,No,No,No,No,No,No,No,No,55.0,0.0,,,0.0,40.0,55.0,0.7272727272727273,4,14,40.0,15.0,Permanent Housing
2025.0,PSH,St. Joseph Center,CA0995 HACLA Permanent Supportive Housing TRA,Venice,CA,SPA 5                                             ,11,3,062118,Yes,Current,,,9.0,4.0,46.0,0.0,0.0,0.0,0.0,0.0,0.0,0.0,0.0,No,No,No,No,No,No,No,No,No,No,No,No,No,No,No,No,No,No,No,No,No,No,No,No,No,No,Tenant-based - scattered site,No,No,No,No,No,No,No,No,No,No,No,No,No,No,No,No,No,No,55.0,0.0,,,0.0,47.0,55.0,0.8545454545454545,5,11,47.0,8.0,Permanent Housing
2025.0,PSH,St. Joseph Center,CA1217 Cobb - 74 (STJ),Los Angeles,CA,SPA 4                                             ,14,1,062118,Yes,Current,,,0.0,0.0,35.0,0.0,0.0,0.0,0.0,0.0,0.0,0.0,0.0,No,No,No,No,No,No,No,No,No,No,No,No,No,No,No,No,No,No,No,No,No,No,No,No,No,No,Site-based - single site,Yes,No,No,No,No,No,No,Yes,No,No,No,No,No,No,No,No,No,No,35.0,0.0,,,0.0,30.0,35.0,0.8571428571428571,4,14,30.0,5.0,Permanent Housing
2025.0,PSH,St. Joseph Center,CA1490 HACLA Permanent Supportive Housing,Venice,CA,SPA 5                                             ,11,3,062118,Yes,Current,,,5.0,2.0,68.0,0.0,0.0,0.0,5.0,0.0,0.0,68.0,0.0,No,No,No,No,No,No,No,No,No,No,No,No,No,No,No,No,No,No,No,No,No,No,No,No,No,No,Tenant-based - scattered site,No,No,No,No,No,No,No,No,No,No,No,No,No,No,No,No,No,No,73.0,0.0,,,0.0,68.0,73.0,0.9315068493150684,5,11,68.0,5.0,Permanent Housing
2025.0,PSH,St. Joseph Center,CA1504 HACOLA Permanent Supportive Housing,Venice,CA,SPA 5                                             ,11,3,062118,Yes,Current,,,31.0,9.0,17.0,0.0,0.0,0.0,31.0,0.0,0.0,17.0,0.0,No,No,No,No,No,No,No,No,No,No,No,No,No,No,No,No,No,No,No,No,No,No,No,No,No,No,Tenant-based - scattered site,No,No,No,No,No,No,No,No,No,No,No,No,No,No,No,No,No,No,48.0,0.0,,,0.0,49.0,48.0,1.0208333333333333,5,11,49.0,0.0,Permanent Housing
2025.0,PSH,St. Joseph Center,CA1595 HACLA Permanent Supportive Housing,Venice,CA,SPA 5                                             ,11,3,062118,Yes,Current,,,0.0,0.0,30.0,0.0,0.0,0.0,0.0,0.0,0.0,30.0,0.0,No,No,No,No,No,No,No,No,No,No,No,No,No,No,No,No,No,No,No,No,No,No,No,No,No,No,Tenant-based - scattered site,Yes,No,No,No,No,No,No,Yes,No,No,No,No,No,No,No,No,No,No,30.0,0.0,,,0.0,29.0,30.0,0.9666666666666668,5,11,29.0,1.0,Permanent Housing
2025.0,PSH,St. Joseph Center,CA1687 HACOLA Permanent Supportive Housing,Venice,CA,SPA 5                                             ,11,3,062118,Yes,Current,,,36.0,11.0,65.0,0.0,0.0,0.0,0.0,0.0,0.0,0.0,0.0,No,No,No,No,No,No,No,No,No,No,No,No,No,No,No,No,No,No,No,No,No,No,No,No,No,No,Tenant-based - scattered site,No,No,No,No,No,No,No,No,No,No,No,No,No,No,No,No,No,No,101.0,0.0,,,0.0,92.0,101.0,0.9108910891089108,5,11,92.0,9.0,Permanent Housing
2025.0,RRH,St. Joseph Center,CDC Bringing Families Home SPA 5,Venice,CA,SPA 5                                             ,11,3,062118,Yes,Current,,,16.0,6.0,1.0,0.0,0.0,0.0,0.0,0.0,0.0,0.0,0.0,No,Yes,No,No,No,No,No,No,No,No,No,No,No,No,No,No,No,No,No,No,No,No,No,No,No,Yes,Tenant-based - scattered site,No,No,No,No,No,No,No,No,No,No,No,No,No,No,No,No,No,No,17.0,0.0,,,0.0,17.0,17.0,1.0,5,11,17.0,0.0,Permanent Housing
2025.0,ES,St. Joseph Center,"Crisis Housing Family Shelter Safe Landing for Families ""Entry/Exit",Los Angeles,CA,SPA 6                                             ,9,2,062118,Yes,Current,,,30.0,10.0,0.0,0.0,0.0,0.0,0.0,0.0,0.0,0.0,0.0,No,Yes,No,No,No,No,No,No,No,No,No,No,No,No,No,No,No,No,No,No,No,No,No,No,No,Yes,Site-based - single site,No,No,No,No,No,No,No,No,No,No,No,No,No,No,No,No,No,No,30.0,0.0,,,0.0,29.0,30.0,0.9666666666666668,6,9,29.0,1.0,Shelter
2025.0,ES,St. Joseph Center,DHS Interim Housing The Manor,Santa Monica,CA,SPA 5                                             ,0,3,063384,Yes,Current,,,0.0,0.0,45.0,0.0,0.0,0.0,0.0,0.0,0.0,0.0,0.0,No,Yes,No,No,No,No,No,No,No,No,No,No,No,No,No,No,No,No,No,No,No,No,No,No,No,Yes,Site-based - single site,No,No,No,No,No,No,No,No,No,No,No,No,No,No,No,No,No,No,45.0,0.0,,,0.0,43.0,45.0,0.9555555555555556,5,0,43.0,2.0,Shelter
2025.0,PSH,St. Joseph Center,DHS Sponsored FHSP TBV,Venice,CA,SPA 5                                             ,11,3,062118,Yes,Current,,,4.0,2.0,40.0,0.0,0.0,0.0,0.0,0.0,0.0,0.0,0.0,No,No,No,No,No,No,No,No,No,No,No,No,No,No,No,No,No,No,No,No,No,No,No,No,No,No,Tenant-based - scattered site,No,No,No,No,No,No,No,No,No,No,No,No,No,No,No,No,No,No,44.0,0.0,,,0.0,36.0,44.0,0.8181818181818182,5,11,36.0,8.0,Permanent Housing
2025.0,PSH,St. Joseph Center,DHS Sponsored HACLA Sec8 NCH TBV,Venice,CA,SPA 5                                             ,11,3,062118,Yes,Current,,,0.0,0.0,9.0,0.0,0.0,0.0,0.0,0.0,0.0,0.0,0.0,No,No,No,No,No,No,No,No,No,No,No,No,No,No,No,No,No,No,No,No,No,No,No,No,No,No,Tenant-based - scattered site,No,No,No,No,No,No,No,No,No,No,No,No,No,No,No,No,No,No,9.0,0.0,,,0.0,4.0,9.0,0.4444444444444444,5,11,4.0,5.0,Permanent Housing
2025.0,PSH,St. Joseph Center,DHS The Azalea,Los Angeles,CA,SPA 6                                             ,9,2,062118,No,Current,,,0.0,0.0,31.0,0.0,0.0,0.0,0.0,0.0,0.0,0.0,0.0,No,Yes,No,No,No,No,No,No,No,No,No,No,No,No,No,No,No,No,No,No,No,No,No,No,No,Yes,Site-based - single site,No,No,No,No,No,No,No,No,No,No,No,No,No,No,No,No,No,No,31.0,0.0,,,0.0,22.0,31.0,0.7096774193548387,6,9,22.0,9.0,Permanent Housing
2025.0,PSH,St. Joseph Center,DHS Willowbrook Apartments,Los Angeles,CA,SPA 6                                             ,0,2,062118,Yes,Current,,,0.0,0.0,22.0,0.0,0.0,0.0,0.0,0.0,0.0,22.0,0.0,No,No,No,No,No,No,No,No,No,No,No,No,No,No,No,No,No,No,No,No,No,No,No,No,No,No,Site-based - single site,No,No,No,No,No,No,No,No,No,No,No,No,No,No,No,No,No,No,22.0,0.0,,,0.0,19.0,22.0,0.8636363636363636,6,0,19.0,3.0,Permanent Housing
2025.0,ES,St. Joseph Center,"FSC PHK 2.0 Ramona SPA 6 ""Entry/Exit",Los Angeles,CA,SPA 6                                             ,10,2,069037,Yes,Current,,,38.0,19.0,0.0,0.0,0.0,0.0,0.0,0.0,0.0,0.0,0.0,No,Yes,No,No,No,No,No,No,No,No,No,No,No,No,No,No,No,No,No,No,No,No,No,No,No,Yes,Site-based - single site,No,No,No,No,No,No,No,No,No,No,No,No,No,No,No,No,No,No,38.0,0.0,,,0.0,41.0,38.0,1.0789473684210529,6,10,41.0,0.0,Shelter
2025.0,PSH,St. Joseph Center,HACLA Sec 8 Chronic TBV,Venice,CA,SPA 5                                             ,11,3,062118,Yes,Current,,,29.0,10.0,7.0,0.0,0.0,0.0,0.0,0.0,0.0,0.0,0.0,No,No,No,No,No,No,No,No,No,No,No,No,No,No,No,No,No,No,No,No,No,No,No,No,No,No,Tenant-based - scattered site,No,No,No,No,No,No,No,No,No,No,No,No,No,No,No,No,No,No,36.0,0.0,,,0.0,29.0,36.0,0.8055555555555556,5,11,29.0,7.0,Permanent Housing
2025.0,RRH,St. Joseph Center,HDAP,Venice,CA,SPA 5                                             ,11,3,062118,Yes,Current,,,6.0,1.0,34.0,0.0,0.0,0.0,0.0,0.0,0.0,0.0,0.0,No,No,No,No,No,No,No,No,No,No,No,No,No,No,No,No,No,No,No,No,No,No,No,No,No,No,Tenant-based - scattered site,No,No,No,No,No,No,No,No,No,No,No,No,No,No,No,No,No,No,40.0,0.0,,,0.0,40.0,40.0,1.0,5,11,40.0,0.0,Permanent Housing
2025.0,ES,St. Joseph Center,Inside Safe Hotel/Motel Voucher Program,Los Angeles,CA,SPA 4                                             ,4,3,062118,Yes,Current,,,0.0,0.0,247.0,0.0,0.0,0.0,0.0,0.0,0.0,0.0,0.0,No,Yes,No,No,No,No,No,No,No,No,No,No,No,No,No,No,No,No,No,No,No,No,No,No,No,Yes,Site-based - clustered / multiple sites,No,No,No,No,No,No,No,No,No,No,No,No,No,No,No,No,No,No,247.0,0.0,,,0.0,226.0,247.0,0.9149797570850202,4,4,226.0,21.0,Shelter
2025.0,PSH,St. Joseph Center,La Veranda,Los Angeles,CA,SPA 4                                             ,14,1,062118,Yes,Current,,,65.0,19.0,19.0,0.0,0.0,0.0,0.0,0.0,0.0,0.0,0.0,No,Yes,No,No,No,No,No,No,No,No,No,No,No,No,No,No,No,No,No,No,No,No,No,No,No,Yes,Site-based - single site,No,No,No,No,No,No,No,No,No,No,No,No,No,No,No,No,No,No,84.0,0.0,,,0.0,84.0,84.0,1.0,4,14,84.0,0.0,Permanent Housing
2025.0,PSH,St. Joseph Center,LACDA TBV D7,Venice,CA,SPA 5                                             ,11,3,062118,Yes,Current,,,14.0,4.0,9.0,0.0,0.0,0.0,0.0,0.0,0.0,0.0,0.0,No,Yes,No,No,No,No,No,No,No,No,No,No,No,No,No,No,No,No,No,No,No,No,No,No,No,Yes,Tenant-based - scattered site,No,No,No,No,No,No,No,No,No,No,No,No,No,No,No,No,No,No,23.0,0.0,,,0.0,12.0,23.0,0.5217391304347826,5,11,12.0,11.0,Permanent Housing
2025.0,PSH,St. Joseph Center,Parkview Place,Los Angeles,CA,SPA 6                                             ,9,2,062118,Yes,Current,,,49.0,14.0,17.0,0.0,0.0,0.0,0.0,0.0,0.0,0.0,0.0,No,Yes,No,No,No,No,No,No,No,No,No,No,No,No,No,No,No,No,No,No,No,No,No,No,No,Yes,Site-based - single site,No,No,No,No,No,No,No,No,No,No,No,No,No,No,No,No,No,No,66.0,0.0,,,0.0,66.0,66.0,1.0,6,9,66.0,0.0,Permanent Housing
2025.0,ES,St. Joseph Center,Pathway Home,Lynwood,CA,SPA 5                                             ,0,4,062148,Yes,Current,,,0.0,0.0,34.0,0.0,0.0,0.0,0.0,0.0,0.0,0.0,0.0,No,Yes,No,No,No,No,No,No,No,No,No,No,No,No,No,No,No,No,No,No,No,No,No,No,No,Yes,Site-based - clustered / multiple sites,No,No,No,No,No,No,No,No,No,No,No,No,No,No,No,No,No,No,34.0,0.0,,,0.0,32.0,34.0,0.9411764705882352,5,0,32.0,2.0,Shelter
2025.0,PSH,St. Joseph Center,PBV 7th and Witmer,Los Angeles,CA,SPA 4                                             ,1,1,062118,Yes,Current,,,0.0,0.0,75.0,0.0,0.0,0.0,0.0,0.0,0.0,75.0,0.0,No,No,No,No,No,No,No,No,No,No,No,No,No,No,No,No,No,No,No,No,No,No,No,No,No,No,Site-based - single site,No,No,No,No,No,No,No,No,No,No,No,No,No,No,No,No,No,No,75.0,0.0,,,0.0,60.0,75.0,0.8,4,1,60.0,15.0,Permanent Housing
2025.0,PSH,St. Joseph Center,PBV Adams Terrance,Los Angeles,CA,SPA 6                                             ,10,2,062118,Yes,Current,,,0.0,0.0,44.0,0.0,0.0,0.0,0.0,0.0,0.0,0.0,0.0,No,Yes,No,No,No,No,No,No,No,No,No,No,No,No,No,No,No,No,No,No,No,Yes,No,No,No,Yes,Site-based - single site,No,No,No,No,No,No,No,No,No,No,No,No,No,No,No,No,No,No,44.0,0.0,,,0.0,43.0,44.0,0.9772727272727272,6,10,43.0,1.0,Permanent Housing
2025.0,PSH,St. Joseph Center,PBV Chesterfield,Los Angeles,CA,SPA 6                                             ,8,2,062118,Yes,Current,,,0.0,0.0,42.0,0.0,0.0,0.0,0.0,0.0,0.0,0.0,0.0,No,Yes,No,No,No,No,No,No,No,No,No,No,No,No,No,No,No,No,No,No,No,Yes,No,No,No,Yes,Site-based - single site,No,No,No,No,No,No,No,No,No,No,No,No,No,No,No,No,No,No,42.0,0.0,,,0.0,37.0,42.0,0.8809523809523809,6,8,37.0,5.0,Permanent Housing
2025.0,PSH,St. Joseph Center,PBV Firmin Court,Los Angeles,CA,SPA 4                                             ,1,1,062118,Yes,Current,,,0.0,0.0,45.0,0.0,0.0,0.0,0.0,0.0,0.0,0.0,0.0,No,Yes,No,No,No,No,No,No,No,No,No,No,No,No,No,No,No,No,No,No,No,Yes,No,No,No,Yes,Site-based - single site,No,No,No,No,No,No,No,No,No,No,No,No,No,No,No,No,No,No,45.0,0.0,,,0.0,47.0,45.0,1.0444444444444445,4,1,47.0,0.0,Permanent Housing
2025.0,PSH,St. Joseph Center,PBV Metro at Buckingham Phase 2,Los Angeles,CA,SPA 6                                             ,10,2,062118,Yes,Current,,,0.0,0.0,51.0,0.0,0.0,0.0,0.0,0.0,0.0,0.0,0.0,No,No,No,No,No,No,No,No,No,No,No,No,No,No,No,No,No,No,No,No,No,No,No,No,No,No,Site-based - single site,No,No,No,No,No,No,No,No,No,No,No,No,No,No,No,No,No,No,51.0,0.0,,,0.0,34.0,51.0,0.6666666666666666,6,10,34.0,17.0,Permanent Housing
2025.0,PSH,St. Joseph Center,PBV The Pointe on Vermont,Los Angeles,CA,SPA 6                                             ,8,2,062118,No,Current,,,0.0,0.0,25.0,0.0,0.0,0.0,0.0,0.0,0.0,0.0,0.0,No,Yes,No,No,No,No,No,No,No,No,No,No,No,No,No,No,No,No,No,No,No,No,No,No,No,Yes,Site-based - single site,No,No,No,No,No,No,No,No,No,No,No,No,No,No,No,No,No,No,25.0,0.0,,,0.0,23.0,25.0,0.92,6,8,23.0,2.0,Permanent Housing
2025.0,PSH,St. Joseph Center,PBV Westmont Vista,Los Angeles,CA,SPA 8                                             ,0,2,062118,Yes,Current,,,62.0,10.0,26.0,0.0,0.0,0.0,0.0,0.0,0.0,0.0,0.0,No,No,No,No,No,No,No,No,No,No,No,No,No,No,No,No,No,No,No,No,No,No,No,No,No,No,Site-based - single site,No,No,No,No,No,No,No,No,No,No,No,No,No,No,No,No,No,No,88.0,0.0,,,0.0,87.0,88.0,0.9886363636363636,8,0,87.0,1.0,Permanent Housing
2025.0,PSH,St. Joseph Center,Project Homekey - Brynhurst,Los Angeles,CA,SPA 6                                             ,8,2,062118,Yes,Current,,,148.0,37.0,6.0,0.0,0.0,0.0,0.0,0.0,0.0,0.0,0.0,No,Yes,No,No,No,No,No,No,No,No,No,No,No,No,No,No,No,No,No,No,No,Yes,No,No,No,Yes,Site-based - single site,No,No,No,No,No,No,No,No,No,No,No,No,No,No,No,No,No,No,154.0,0.0,,,0.0,137.0,154.0,0.8896103896103896,6,8,137.0,17.0,Permanent Housing
2025.0,PSH,St. Joseph Center,Serenity South Side Seniors,Los Angeles,CA,SPA 6                                             ,8,2,062118,Yes,Current,,,0.0,0.0,36.0,0.0,0.0,0.0,0.0,0.0,0.0,0.0,0.0,No,Yes,No,No,No,No,No,No,No,No,No,No,No,No,No,No,No,No,No,No,No,No,No,No,No,Yes,Site-based - single site,No,No,No,No,No,No,No,No,No,No,No,No,No,No,No,No,No,No,36.0,0.0,,,0.0,0.0,36.0,0.0,6,8,0.0,36.0,Permanent Housing
2025.0,PSH,St. Joseph Center,SJC Chesterfield Sr. DMH (D7),Los Angeles,CA,SPA 6                                             ,8,2,062118,Yes,Current,,,0.0,0.0,10.0,0.0,0.0,0.0,0.0,0.0,0.0,0.0,0.0,No,Yes,No,No,No,No,No,No,No,No,No,No,No,No,No,No,No,No,No,No,No,No,No,No,No,Yes,Site-based - single site,No,No,No,No,No,No,No,No,No,No,No,No,No,No,No,No,No,No,10.0,0.0,,,0.0,12.0,10.0,1.2,6,8,12.0,0.0,Permanent Housing
2025.0,PSH,St. Joseph Center,SJC Cobb Apartments (DHS),Los Angeles,CA,SPA 4                                             ,14,1,062118,Yes,Current,,,0.0,0.0,4.0,0.0,0.0,0.0,0.0,0.0,0.0,0.0,0.0,No,Yes,No,No,No,No,No,No,No,No,No,No,No,No,No,No,No,No,No,No,No,No,No,No,No,Yes,Site-based - single site,No,No,No,No,No,No,No,No,No,No,No,No,No,No,No,No,No,No,4.0,0.0,,,0.0,3.0,4.0,0.75,4,14,3.0,1.0,Permanent Housing
2025.0,PSH,St. Joseph Center,SJC Depot at Hyde Park DMH (D7),Los Angeles,CA,SPA 6                                             ,8,2,062118,Yes,Current,,,36.0,9.0,12.0,0.0,0.0,0.0,0.0,0.0,0.0,0.0,0.0,No,Yes,No,No,No,No,No,No,No,No,No,No,No,No,No,No,No,No,No,No,No,No,No,No,No,Yes,Site-based - single site,No,No,No,No,No,No,No,No,No,No,No,No,No,No,No,No,No,No,48.0,0.0,,,0.0,45.0,48.0,0.9375,6,8,45.0,3.0,Permanent Housing
2025.0,PSH,St. Joseph Center,SJC Scattered 1 (D7),Venice,CA,SPA 5                                             ,11,3,062118,Yes,Current,,,0.0,0.0,110.0,0.0,0.0,0.0,0.0,0.0,0.0,0.0,0.0,No,Yes,No,No,No,No,No,No,No,No,No,No,No,No,No,No,No,No,No,No,No,No,No,No,No,Yes,Tenant-based - scattered site,No,No,No,No,No,No,No,No,No,No,No,No,No,No,No,No,No,No,110.0,0.0,,,0.0,101.0,110.0,0.9181818181818182,5,11,101.0,9.0,Permanent Housing
2025.0,ES,St. Joseph Center,STJ FSC Crisis Housing Motel/Hotel Vouchers,Venice,CA,SPA 5                                             ,11,3,062118,Yes,Current,,,140.0,53.0,0.0,0.0,0.0,0.0,0.0,0.0,0.0,0.0,0.0,No,Yes,No,No,No,No,No,No,No,No,No,No,No,No,No,No,No,No,No,No,No,No,No,No,No,Yes,Tenant-based - scattered site,Yes,Yes,No,No,No,No,No,No,No,No,No,No,No,No,No,No,No,No,140.0,0.0,,,0.0,140.0,140.0,1.0,5,11,140.0,0.0,Shelter
2025.0,ES,St. Joseph Center,"STJ FSC Westminster TLC Venice Community Housing Crisis Housing ""Entry/Exit",Venice,CA,SPA 5                                             ,11,3,062118,Yes,Current,,,16.0,8.0,0.0,0.0,0.0,0.0,0.0,0.0,0.0,0.0,0.0,No,Yes,No,No,No,No,No,No,No,No,No,No,No,No,No,No,No,No,No,No,No,No,No,No,No,Yes,Site-based - single site,No,No,No,No,No,No,No,No,No,No,No,No,No,No,No,No,No,No,16.0,0.0,,,0.0,15.0,16.0,0.9375,5,11,15.0,1.0,Shelter
2025.0,RRH,St. Joseph Center,TLS Adult SPA 5,Venice,CA,SPA 5                                             ,11,3,062118,Yes,Current,,,0.0,0.0,204.0,0.0,0.0,0.0,0.0,0.0,0.0,0.0,0.0,No,Yes,No,No,No,No,No,No,No,No,No,No,No,No,No,No,No,No,No,No,No,No,No,No,No,Yes,Tenant-based - scattered site,No,No,No,No,No,No,No,No,No,No,No,No,No,No,No,No,No,No,204.0,0.0,,,0.0,204.0,204.0,1.0,5,11,204.0,0.0,Permanent Housing
2025.0,RRH,St. Joseph Center,TLS Adult SPA 6,Los Angeles,CA,SPA 6                                             ,9,2,062118,Yes,Current,,,0.0,0.0,10.0,0.0,0.0,0.0,0.0,0.0,0.0,0.0,0.0,No,Yes,No,No,No,No,No,No,No,No,No,No,No,No,No,No,No,No,No,No,No,No,No,No,No,Yes,Tenant-based - scattered site,No,No,No,No,No,No,No,No,No,No,No,No,No,No,No,No,No,No,10.0,0.0,,,0.0,10.0,10.0,1.0,6,9,10.0,0.0,Permanent Housing
2025.0,RRH,St. Joseph Center,TLS FSC SPA 5,Venice,CA,SPA 5                                             ,11,3,062118,Yes,Current,,,430.0,125.0,40.0,0.0,0.0,0.0,0.0,0.0,0.0,0.0,0.0,No,Yes,No,No,No,No,No,No,No,No,No,No,No,No,No,No,No,No,No,No,No,No,No,No,No,Yes,Tenant-based - scattered site,No,No,No,No,No,No,No,No,No,No,No,No,No,No,No,No,No,No,470.0,0.0,,,0.0,470.0,470.0,1.0,5,11,470.0,0.0,Permanent Housing
2025.0,RRH,St. Joseph Center,TLS Pathway Home East Gardena,Los Angeles,CA,SPA 8                                             ,0,2,062118,Yes,Current,,,0.0,0.0,19.0,0.0,0.0,0.0,0.0,0.0,0.0,0.0,0.0,No,Yes,No,No,No,No,No,No,No,No,No,No,No,No,No,No,No,No,No,No,No,No,No,No,No,Yes,Tenant-based - scattered site,No,No,No,No,No,No,No,No,No,No,No,No,No,No,No,No,No,No,19.0,0.0,,,0.0,19.0,19.0,1.0,8,0,19.0,0.0,Permanent Housing
2025.0,PSH,Step Up on Second,CA0359 Step Up on Fifth SMHA CoC SIP-Project Based,Santa Monica,CA,SPA 5                                             ,0,3,063384,Yes,Current,,,0.0,0.0,33.0,0.0,0.0,0.0,0.0,0.0,0.0,0.0,0.0,No,No,No,No,No,No,No,No,No,No,No,No,No,No,No,No,No,No,No,No,No,No,No,No,No,No,Site-based - single site,Yes,No,No,No,No,No,No,Yes,No,No,No,No,No,No,No,No,No,No,33.0,0.0,,,0.0,25.0,33.0,0.7575757575757576,5,0,25.0,8.0,Permanent Housing
2025.0,PSH,Step Up on Second,CA0359 Step Up on Second SMHA CoC SIP-Project Based,Santa Monica,CA,SPA 5                                             ,0,3,063384,Yes,Current,,,0.0,0.0,27.0,0.0,0.0,0.0,0.0,0.0,0.0,0.0,0.0,No,No,No,No,No,No,No,No,No,No,No,No,No,No,No,No,No,No,No,No,No,No,No,No,No,No,Site-based - single site,Yes,No,No,No,No,No,No,Yes,No,No,No,No,No,No,No,No,No,No,27.0,0.0,,,0.0,23.0,27.0,0.8518518518518519,5,0,23.0,4.0,Permanent Housing
2025.0,PSH,Step Up on Second,CA0359 Step Up SMHA CoC SIP-Tenant Based,Santa Monica,CA,SPA 5                                             ,0,3,063384,Yes,Current,,,0.0,0.0,22.0,0.0,0.0,0.0,0.0,0.0,0.0,0.0,0.0,No,No,No,No,No,No,No,No,No,No,No,No,No,No,No,No,No,No,No,No,No,No,No,No,No,No,Tenant-based - scattered site,Yes,No,No,No,No,No,No,Yes,No,No,No,No,No,No,No,No,No,No,22.0,0.0,,,0.0,22.0,22.0,1.0,5,0,22.0,0.0,Permanent Housing
2025.0,PSH,Step Up on Second,CA0401 Permanent Supportive Housing,Santa Monica,CA,SPA 5                                             ,0,3,063384,Yes,Current,,,0.0,0.0,16.0,0.0,0.0,0.0,0.0,0.0,0.0,0.0,0.0,No,No,No,No,No,No,No,No,No,No,No,No,No,No,No,No,No,No,No,No,No,No,No,No,No,No,Site-based - single site,No,No,No,No,No,No,No,No,No,No,No,No,No,No,No,No,No,No,16.0,0.0,,,0.0,14.0,16.0,0.875,5,0,14.0,2.0,Permanent Housing
2025.0,PSH,Step Up on Second,CA1112 Michael's Village,Los Angeles,CA,SPA 4                                             ,13,3,062118,Yes,Current,,,0.0,0.0,23.0,0.0,0.0,0.0,0.0,0.0,0.0,23.0,0.0,No,No,No,No,No,No,No,No,No,No,No,No,No,No,No,No,No,No,No,No,No,No,No,No,No,No,Site-based - single site,No,No,No,No,No,No,No,No,No,No,No,No,No,No,No,No,No,No,23.0,0.0,,,0.0,19.0,23.0,0.8260869565217391,4,13,19.0,4.0,Permanent Housing
2025.0,PSH,Step Up on Second,CA1686 Step Up Los Angeles,Santa Monica,CA,SPA 5                                             ,0,3,063384,Yes,Current,,,0.0,0.0,100.0,0.0,0.0,0.0,0.0,0.0,8.0,0.0,0.0,No,Yes,No,No,No,No,No,No,No,No,No,No,No,No,No,No,No,No,No,No,No,No,No,No,No,Yes,Tenant-based - scattered site,No,No,No,No,No,No,No,No,No,No,No,No,No,No,No,No,No,No,100.0,0.0,,,0.0,99.0,100.0,0.99,5,0,99.0,1.0,Permanent Housing
2025.0,PSH,Step Up on Second,Daniel's Village,Santa Monica,CA,SPA 5                                             ,0,3,063384,No,Current,,,0.0,0.0,7.0,0.0,0.0,0.0,0.0,0.0,7.0,0.0,0.0,No,No,No,No,No,No,No,No,No,No,No,No,No,No,No,No,No,No,No,No,No,No,No,No,No,No,Site-based - single site,No,No,No,No,No,No,No,No,No,No,No,No,No,No,No,No,No,No,7.0,0.0,,,0.0,7.0,7.0,1.0,5,0,7.0,0.0,Permanent Housing
2025.0,PSH,Step Up on Second,DHS Scattered Sites,Santa Monica,CA,SPA 5                                             ,0,3,063384,Yes,Current,,,18.0,5.0,338.0,0.0,0.0,0.0,0.0,0.0,0.0,0.0,0.0,No,No,No,No,No,No,No,No,No,No,No,No,No,No,No,No,No,No,No,No,No,No,No,No,No,No,Tenant-based - scattered site,No,No,No,No,No,No,No,No,No,No,No,No,No,No,No,No,No,No,356.0,0.0,,,0.0,133.0,356.0,0.3735955056179775,5,0,133.0,223.0,Permanent Housing
2025.0,PSH,Step Up on Second,DHS Step Up on Colorado,Santa Monica,CA,SPA 5                                             ,0,3,063384,Yes,Current,,,0.0,0.0,32.0,0.0,0.0,0.0,0.0,0.0,0.0,0.0,0.0,No,Yes,No,No,No,No,No,No,No,No,No,No,No,No,No,No,No,No,No,No,No,No,No,No,No,Yes,Site-based - single site,No,No,No,No,No,No,No,No,No,No,No,No,No,No,No,No,No,No,32.0,0.0,,,0.0,29.0,32.0,0.91,5,0,29.0,3.0,Permanent Housing
2025.0,PSH,Step Up on Second,Step Up on 26th,Santa Monica,CA,SPA 5                                             ,0,3,063384,No,Current,,,0.0,0.0,5.0,0.0,0.0,0.0,0.0,0.0,0.0,0.0,0.0,No,No,No,No,No,No,No,No,No,No,No,No,No,No,No,No,No,No,No,No,No,No,No,No,No,No,Site-based - single site,No,No,No,No,No,No,No,No,No,No,No,No,No,No,No,No,No,No,5.0,0.0,,,0.0,5.0,5.0,1.0,5,0,5.0,0.0,Permanent Housing
2025.0,PSH,Step Up on Second,Step Up on Vine,Los Angeles,CA,SPA 4                                             ,13,3,062118,No,Current,,,0.0,0.0,32.0,0.0,0.0,0.0,0.0,0.0,8.0,0.0,0.0,No,No,No,No,No,No,No,No,No,No,No,No,No,No,No,No,No,No,No,No,No,No,No,No,No,No,Site-based - single site,No,No,No,No,No,No,No,No,No,No,No,No,No,No,No,No,No,No,32.0,0.0,,,0.0,30.0,32.0,0.9375,4,13,30.0,2.0,Permanent Housing
2025.0,PSH,Step Up on Second,SUOS Scattered 4 (SRAP),Santa Monica,CA,SPA 5                                             ,0,3,063384,Yes,Current,,,0.0,0.0,140.0,0.0,0.0,0.0,0.0,0.0,0.0,0.0,0.0,No,Yes,No,No,No,No,No,No,No,No,No,No,No,No,No,No,No,No,No,No,No,No,No,No,No,Yes,Tenant-based - scattered site,No,No,No,No,No,No,No,No,No,No,No,No,No,No,No,No,No,No,140.0,0.0,,,0.0,130.0,140.0,0.9285714285714286,5,0,130.0,10.0,Permanent Housing
2025.0,PSH,Step Up on Second,The Tammy,Los Angeles,CA,SPA 4                                             ,13,3,062118,No,Current,,,0.0,0.0,7.0,0.0,0.0,0.0,0.0,0.0,0.0,0.0,0.0,No,No,No,No,No,No,No,No,No,No,No,No,No,No,No,No,No,No,No,No,No,No,No,No,No,No,Site-based - single site,No,No,No,No,No,No,No,No,No,No,No,No,No,No,No,No,No,No,7.0,0.0,,,0.0,4.0,7.0,0.5714285714285714,4,13,4.0,3.0,Permanent Housing
2025.0,RRH,Step Up on Second,TLS Adult SPA 4,Los Angeles,CA,SPA 4                                             ,14,1,062118,Yes,Current,,,0.0,0.0,98.0,0.0,0.0,0.0,0.0,0.0,0.0,0.0,0.0,No,Yes,No,No,No,No,No,No,No,No,No,No,No,No,No,No,No,No,No,No,No,No,No,No,No,Yes,Tenant-based - scattered site,No,No,No,No,No,No,No,No,No,No,No,No,No,No,No,No,No,No,98.0,0.0,,,0.0,98.0,98.0,1.0,4,14,98.0,0.0,Permanent Housing
2025.0,PSH,Step Up on Second,VASH Building 205,Los Angeles,CA,SPA 5                                             ,0,3,062118,No,Current,,,0.0,0.0,67.0,0.0,0.0,0.0,0.0,67.0,0.0,0.0,0.0,No,Yes,Yes,No,No,No,No,No,No,No,No,No,No,No,No,No,No,No,No,No,No,No,No,No,No,Yes,Site-based - single site,No,No,No,No,No,No,No,No,No,No,No,No,No,No,No,No,No,No,67.0,0.0,,,0.0,62.0,67.0,0.93,5,0,62.0,5.0,Permanent Housing
2025.0,PSH,Step Up on Second,VASH Building 208,Los Angeles,CA,SPA 5                                             ,0,3,062118,No,Current,,,0.0,0.0,54.0,0.0,0.0,0.0,0.0,54.0,0.0,0.0,0.0,No,Yes,Yes,No,No,No,No,No,No,No,No,No,No,No,No,No,No,No,No,No,No,No,No,No,No,Yes,Site-based - single site,No,No,No,No,No,No,No,No,No,No,No,No,No,No,No,No,No,No,54.0,0.0,,,0.0,46.0,54.0,0.8518518518518519,5,0,46.0,8.0,Permanent Housing
2025.0,PSH,Step Up on Second,Western Apartments,Los Angeles,CA,SPA 6                                             ,8,2,062118,No,Current,,,0.0,0.0,32.0,0.0,0.0,0.0,0.0,0.0,0.0,0.0,0.0,No,Yes,No,No,No,No,No,No,No,No,No,No,No,No,No,No,No,No,No,No,No,Yes,No,No,No,Yes,Site-based - single site,No,No,No,No,No,No,No,No,No,No,No,No,No,No,No,No,No,No,32.0,0.0,,,0.0,23.0,32.0,0.71875,6,8,23.0,9.0,Permanent Housing
2025.0,TH,Sycamores,CES Transitional Housing Youth (New),West Covina,CA,SPA 3                                             ,0,1,064002,Yes,Current,,,0.0,0.0,72.0,0.0,0.0,0.0,0.0,0.0,72.0,0.0,0.0,No,Yes,No,No,No,No,No,No,No,No,No,No,No,No,No,No,No,No,No,No,No,No,No,No,No,Yes,Site-based - clustered / multiple sites,No,No,No,No,No,No,No,No,No,No,No,No,No,No,No,No,No,No,72.0,0.0,,,0.0,65.0,72.0,0.9027777777777778,3,0,65.0,7.0,Shelter
2025.0,TH,Sycamores,CES Transitional Housing Youth Families (New),West Covina,CA,SPA 3                                             ,0,1,064002,Yes,Current,,,15.0,5.0,0.0,0.0,0.0,6.0,0.0,0.0,0.0,0.0,0.0,No,Yes,No,No,No,No,No,No,No,No,No,No,No,No,No,No,No,No,No,No,No,No,No,No,No,Yes,Site-based - clustered / multiple sites,No,No,No,No,No,No,No,No,No,No,No,No,No,No,No,No,No,No,15.0,0.0,,,0.0,12.0,15.0,0.8,3,0,12.0,3.0,Shelter
2025.0,PSH,Sycamores,Sycamores TAY PSH,Alhambra,CA,SPA 3                                             ,0,1,060030,No,Current,,,0.0,0.0,7.0,0.0,0.0,0.0,0.0,0.0,7.0,0.0,0.0,No,Yes,No,No,No,No,No,No,No,No,No,No,No,No,No,No,No,No,No,No,No,Yes,No,No,No,No,Site-based - single site,No,No,No,No,No,No,No,No,No,No,No,No,No,No,No,No,No,No,7.0,0.0,,,0.0,3.0,7.0,0.4285714285714285,3,0,3.0,4.0,Permanent Housing
2025.0,RRH,Sycamores,TLS Youth SPA 3,Covina,CA,SPA 3                                             ,0,1,069037,Yes,Current,,,2.0,1.0,11.0,0.0,0.0,0.0,0.0,0.0,11.0,0.0,0.0,No,Yes,No,No,No,No,No,No,No,No,No,No,No,No,No,No,No,No,No,No,No,No,No,No,No,Yes,Tenant-based - scattered site,No,No,No,No,No,No,No,No,No,No,No,No,No,No,No,No,No,No,13.0,0.0,,,0.0,13.0,13.0,1.0,3,0,13.0,0.0,Permanent Housing
2025.0,ES,Tarzana Treatment Center,SAPC Interim Housing Victory,Reseda,CA,SPA 2                                             ,3,3,062118,No,Current,,,0.0,0.0,8.0,0.0,0.0,0.0,0.0,0.0,0.0,0.0,0.0,No,Yes,No,No,No,No,No,No,No,No,No,No,No,No,No,No,No,No,No,No,No,No,No,No,No,Yes,Site-based - single site,No,No,No,No,No,No,No,No,No,No,No,No,No,No,No,No,No,No,8.0,0.0,,,0.0,6.0,8.0,0.75,2,3,6.0,2.0,Shelter
2025.0,ES,Tarzana Treatment Center,"TTC Housing and Recovery Emergency Shelter ""Entry/Exit",Tarzana,CA,SPA 2                                             ,0,0,069037,Yes,Current,,,0.0,0.0,15.0,0.0,0.0,0.0,0.0,0.0,0.0,0.0,0.0,No,Yes,No,No,No,No,No,No,No,No,No,No,No,No,No,No,No,No,No,No,No,No,No,No,No,Yes,Site-based - single site,No,No,No,No,No,No,No,No,No,No,No,No,No,No,No,No,No,No,15.0,0.0,,,0.0,9.0,15.0,0.6,2,0,9.0,6.0,Shelter
2025.0,ES,Testimonial Community Love Center,"Bridge Housing City Roadmap South Western ""Entry/Exit",Los Angeles,CA,SPA 6                                             ,8,2,062118,Yes,Current,,,0.0,0.0,17.0,0.0,0.0,0.0,0.0,0.0,0.0,0.0,0.0,No,Yes,No,No,No,No,No,No,No,No,No,No,No,No,No,No,No,No,No,No,No,No,No,No,No,Yes,Site-based - single site,No,No,No,No,No,No,No,No,No,No,No,No,No,No,No,No,No,No,17.0,0.0,,,0.0,17.0,17.0,1.0,6,8,17.0,0.0,Shelter
2025.0,ES,Testimonial Community Love Center,"CES Bridge Housing Program (New) ""Entry/Exit",Los Angeles,CA,SPA 6                                             ,8,2,062118,Yes,Current,,,0.0,0.0,20.0,0.0,0.0,0.0,0.0,0.0,0.0,0.0,0.0,No,Yes,No,No,No,No,No,No,No,No,No,No,No,No,No,No,No,No,No,No,No,No,No,No,No,Yes,Site-based - single site,No,No,No,No,No,No,No,No,No,No,No,No,No,No,No,No,No,No,20.0,0.0,,,0.0,20.0,20.0,1.0,6,8,20.0,0.0,Shelter
2025.0,ES,Testimonial Community Love Center,"CES Crisis Housing Program (New) ""Entry/Exit",Los Angeles,CA,SPA 6                                             ,8,2,062118,Yes,Current,,,0.0,0.0,40.0,0.0,0.0,0.0,0.0,0.0,0.0,0.0,0.0,No,Yes,No,No,No,No,No,No,No,No,No,No,No,No,No,No,No,No,No,No,No,No,No,No,No,Yes,Site-based - single site,No,No,No,No,No,No,No,No,No,No,No,No,No,No,No,No,No,No,40.0,0.0,,,0.0,35.0,40.0,0.875,6,8,35.0,5.0,Shelter
2025.0,ES,Testimonial Community Love Center,DMH Interim Housing Program,Los Angeles,CA,SPA 6                                             ,8,2,062118,Yes,Current,,,0.0,0.0,108.0,0.0,0.0,0.0,0.0,0.0,0.0,0.0,0.0,No,No,No,No,No,No,No,No,No,No,No,No,No,No,No,No,No,No,No,No,No,No,No,No,No,No,Site-based - clustered / multiple sites,No,No,No,No,No,No,No,No,No,No,No,No,No,No,No,No,No,No,108.0,0.0,,,0.0,45.0,108.0,0.4166666666666667,6,8,45.0,63.0,Shelter
2025.0,RRH,Testimonial Community Love Center,TLS Adult SPA 4,Los Angeles,CA,SPA 4                                             ,10,2,062118,Yes,Current,,,0.0,0.0,54.0,0.0,0.0,0.0,0.0,0.0,0.0,0.0,0.0,No,Yes,No,No,No,No,No,No,No,No,No,No,No,No,No,No,No,No,No,No,No,No,No,No,No,Yes,Tenant-based - scattered site,No,No,No,No,No,No,No,No,No,No,No,No,No,No,No,No,No,No,54.0,0.0,,,0.0,54.0,54.0,1.0,4,10,54.0,0.0,Permanent Housing
2025.0,RRH,Testimonial Community Love Center,TLS Adult SPA 6,Los Angeles,CA,SPA 6                                             ,8,2,062118,Yes,Current,,,0.0,0.0,70.0,0.0,0.0,0.0,0.0,0.0,0.0,0.0,0.0,No,Yes,No,No,No,No,No,No,No,No,No,No,No,No,No,No,No,No,No,No,No,No,No,No,No,Yes,Tenant-based - scattered site,No,No,No,No,No,No,No,No,No,No,No,No,No,No,No,No,No,No,70.0,0.0,,,0.0,70.0,70.0,1.0,6,8,70.0,0.0,Permanent Housing
2025.0,TH,The Amaad Institute,House of Abundance,Los Angeles,CA,SPA 6                                             ,9,2,062118,Yes,Current,,,0.0,0.0,20.0,0.0,0.0,0.0,0.0,0.0,0.0,0.0,0.0,No,Yes,No,No,No,No,No,No,No,No,No,No,No,No,No,No,No,No,No,No,No,No,No,No,No,Yes,Site-based - single site,No,No,No,No,No,No,No,No,No,No,No,No,No,No,No,No,No,No,20.0,0.0,,,0.0,9.0,20.0,0.45,6,9,9.0,11.0,Shelter
2025.0,TH,The Amaad Institute,Project Impact Cohort III,Los Angeles,CA,SPA 6                                             ,9,2,062118,Yes,Current,,,0.0,0.0,8.0,0.0,0.0,0.0,0.0,0.0,0.0,0.0,0.0,No,Yes,No,No,No,No,No,No,No,No,No,No,No,No,No,No,No,No,No,No,No,No,No,No,No,Yes,Site-based - single site,No,No,No,No,No,No,No,No,No,No,No,No,No,No,No,No,No,No,8.0,0.0,,,0.0,2.0,8.0,0.25,6,9,2.0,6.0,Shelter
2025.0,TH,The Amaad Institute,Resilient Solutions,Los Angeles,CA,SPA 6                                             ,9,2,062118,Yes,Current,,,0.0,0.0,10.0,0.0,0.0,0.0,0.0,0.0,0.0,0.0,0.0,No,Yes,No,No,No,No,No,No,No,No,No,No,No,No,No,No,No,No,No,No,No,No,No,No,No,Yes,Site-based - single site,No,No,No,No,No,No,No,No,No,No,No,No,No,No,No,No,No,No,10.0,0.0,,,0.0,1.0,10.0,0.1,6,9,1.0,9.0,Shelter
2025.0,TH,The Amaad Institute,Resilient Solutions SAMHSA,Los Angeles,CA,SPA 6                                             ,9,2,062118,Yes,Current,,,0.0,0.0,10.0,0.0,0.0,0.0,0.0,0.0,0.0,0.0,0.0,No,Yes,No,No,No,No,No,No,No,No,No,No,No,No,No,No,No,No,No,No,No,No,No,No,No,Yes,Site-based - single site,No,No,No,No,No,No,No,No,No,No,No,No,No,No,No,No,No,No,10.0,0.0,,,0.0,3.0,10.0,0.3,6,9,3.0,7.0,Shelter
2025.0,PSH,The Catalyst Foundation,The Catalyst Foundation (HDAP D7),Lancaster,CA,SPA 1                                             ,0,5,061914,Yes,Current,,,0.0,0.0,25.0,0.0,0.0,0.0,0.0,0.0,0.0,0.0,0.0,No,Yes,No,No,No,No,No,No,No,No,No,No,No,No,No,No,No,No,No,No,No,No,No,No,No,Yes,Tenant-based - scattered site,No,No,No,No,No,No,No,No,No,No,No,No,No,No,No,No,No,No,25.0,0.0,,,0.0,35.0,25.0,1.4,1,0,35.0,0.0,Permanent Housing
2025.0,PSH,The Catalyst Foundation,The Catalyst Foundation DHS (H4HC),Lancaster,CA,SPA 1                                             ,0,5,061914,Yes,Current,,,0.0,0.0,10.0,0.0,0.0,0.0,0.0,0.0,0.0,0.0,0.0,No,Yes,No,No,No,No,No,No,No,No,No,No,No,No,No,No,No,No,No,No,No,No,No,No,No,Yes,Tenant-based - scattered site,No,No,No,No,No,No,No,No,No,No,No,No,No,No,No,No,No,No,10.0,0.0,,,0.0,8.0,10.0,0.8,1,0,8.0,2.0,Permanent Housing
2025.0,PSH,The Catalyst Foundation,The Catalyst Foundation GR Housing (HDAP GR),Lancaster,CA,SPA 1                                             ,0,5,061914,Yes,Current,,,0.0,0.0,20.0,0.0,0.0,0.0,0.0,0.0,0.0,0.0,0.0,No,Yes,No,No,No,No,No,No,No,No,No,No,No,No,No,No,No,No,No,No,No,No,No,No,No,Yes,Tenant-based - scattered site,No,No,No,No,No,No,No,No,No,No,No,No,No,No,No,No,No,No,20.0,0.0,,,0.0,2.0,20.0,0.1,1,0,2.0,18.0,Permanent Housing
2025.0,PSH,The Catalyst Foundation,The Catalyst Foundation Scattered 1 (D7),Lancaster,CA,SPA 1                                             ,0,5,061914,Yes,Current,,,0.0,0.0,67.0,0.0,0.0,0.0,0.0,0.0,0.0,0.0,0.0,No,Yes,No,No,No,No,No,No,No,No,No,No,No,No,No,No,No,No,No,No,No,No,No,No,No,Yes,Tenant-based - scattered site,No,No,No,No,No,No,No,No,No,No,No,No,No,No,No,No,No,No,67.0,0.0,,,0.0,61.0,67.0,0.9104477611940298,1,0,61.0,6.0,Permanent Housing
2025.0,PSH,The Center at Blessed Sacrament,The Center CoC DMH (DHS),Wilmington,CA,SPA 8                                             ,15,4,062118,Yes,Current,,,0.0,0.0,9.0,0.0,0.0,0.0,0.0,0.0,0.0,0.0,0.0,No,Yes,No,No,No,No,No,No,No,No,No,No,No,No,No,No,No,No,No,No,No,No,No,No,No,Yes,Tenant-based - scattered site,No,No,No,No,No,No,No,No,No,No,No,No,No,No,No,No,No,No,9.0,0.0,,,0.0,5.0,9.0,0.5555555555555556,8,15,5.0,4.0,Permanent Housing
2025.0,PSH,The Center at Blessed Sacrament,The Center FHSP TBV (DHS),Wilmington,CA,SPA 8                                             ,15,4,062118,Yes,Current,,,0.0,0.0,49.0,0.0,0.0,0.0,0.0,0.0,0.0,0.0,0.0,No,Yes,No,No,No,No,No,No,No,No,No,No,No,No,No,No,No,No,No,No,No,No,No,No,No,Yes,Tenant-based - scattered site,No,No,No,No,No,No,No,No,No,No,No,No,No,No,No,No,No,No,49.0,0.0,,,0.0,45.0,49.0,0.9183673469387756,8,15,45.0,4.0,Permanent Housing
2025.0,PSH,The Center at Blessed Sacrament,The Center Lake House DMH (D7),Los Angeles,CA,SPA 4                                             ,1,1,062118,Yes,Current,,,0.0,0.0,31.0,0.0,0.0,0.0,0.0,0.0,0.0,0.0,0.0,No,Yes,No,No,No,No,No,No,No,No,No,No,No,No,No,No,No,No,No,No,No,No,No,No,No,Yes,Site-based - single site,No,No,No,No,No,No,No,No,No,No,No,No,No,No,No,No,No,No,31.0,0.0,,,0.0,35.0,31.0,1.1290322580645162,4,1,35.0,0.0,Permanent Housing
2025.0,ES,The Midnight Mission,"CES Bridge Housing Program ""Entry/Exit",Los Angeles,CA,SPA 4                                             ,14,1,062118,Yes,Current,,,0.0,0.0,29.0,0.0,0.0,0.0,0.0,0.0,0.0,0.0,0.0,No,Yes,No,No,No,No,No,No,No,No,No,No,No,No,No,No,No,No,No,No,No,No,No,No,No,Yes,Site-based - single site,No,No,No,No,No,No,No,No,No,No,No,No,No,No,No,No,No,No,29.0,0.0,,,0.0,30.0,29.0,1.0344827586206895,4,14,30.0,0.0,Shelter
2025.0,ES,The Midnight Mission,"CES Crisis Housing Program (New) ""Entry/Exit",Los Angeles,CA,SPA 4                                             ,14,1,062118,Yes,Current,,,0.0,0.0,121.0,0.0,0.0,0.0,0.0,0.0,0.0,0.0,0.0,No,Yes,No,No,No,No,No,No,No,No,No,No,No,No,No,No,No,No,No,No,No,No,No,No,No,Yes,Site-based - single site,No,No,No,No,No,No,No,No,No,No,No,No,No,No,No,No,No,No,121.0,0.0,,,0.0,120.0,121.0,0.9917355371900828,4,14,120.0,1.0,Shelter
2025.0,ES,The Midnight Mission,"Healthy Living Program ""Entry/Exit",Los Angeles,CA,SPA 4                                             ,14,1,062118,Yes,Current,,,0.0,0.0,84.0,0.0,0.0,0.0,0.0,0.0,0.0,0.0,0.0,No,Yes,No,No,No,No,No,No,No,No,No,No,No,No,No,No,No,No,No,No,No,No,No,No,No,Yes,Site-based - single site,No,No,No,No,No,No,No,No,No,No,No,No,No,No,No,No,No,No,84.0,0.0,,,0.0,78.0,84.0,0.9285714285714286,4,14,78.0,6.0,Shelter
2025.0,TH,The Midnight Mission,Homelight Family Living,Los Angeles,CA,SPA 4                                             ,14,1,062118,Yes,Current,,,44.0,11.0,0.0,0.0,0.0,0.0,0.0,0.0,0.0,0.0,0.0,No,No,No,No,No,No,No,No,No,No,No,No,No,No,No,No,No,No,No,No,No,No,No,No,No,No,Site-based - single site,No,No,No,No,No,No,No,No,No,No,No,No,No,No,No,No,No,No,44.0,0.0,,,0.0,45.0,44.0,1.0227272727272727,4,14,45.0,0.0,Shelter
2025.0,ES,The People Concern,"A Bridge Home El Puente ""Entry/Exit",Los Angeles,CA,SPA 4                                             ,14,1,062118,Yes,Current,,,0.0,0.0,45.0,0.0,0.0,0.0,0.0,0.0,0.0,0.0,0.0,No,Yes,No,No,No,No,No,No,No,No,No,No,No,No,No,No,No,No,No,No,No,No,No,No,No,Yes,Site-based - single site,No,No,No,No,No,No,No,No,No,No,No,No,No,No,No,No,No,No,45.0,0.0,,,0.0,41.0,45.0,0.9111111111111112,4,14,41.0,4.0,Shelter
2025.0,PSH,The People Concern,Burlington Apartments,Los Angeles,CA,SPA 4                                             ,1,1,062118,No,Current,,,58.0,12.0,9.0,0.0,0.0,0.0,0.0,0.0,0.0,0.0,0.0,No,Yes,No,No,No,No,No,No,No,No,No,No,No,No,No,No,No,No,No,No,No,No,No,No,No,Yes,Site-based - single site,No,No,No,No,No,No,No,No,No,No,No,No,No,No,No,No,No,No,67.0,0.0,,,0.0,70.0,67.0,1.044776119402985,4,1,70.0,0.0,Permanent Housing
2025.0,PSH,The People Concern,CA0408 Lodge Supportive Housing Program,Los Angeles,CA,SPA 4                                             ,14,1,062118,Yes,Current,,,0.0,0.0,30.0,0.0,0.0,0.0,0.0,0.0,0.0,0.0,0.0,No,No,No,No,No,No,No,No,No,No,No,No,No,No,No,No,No,No,No,No,No,No,No,No,No,No,Tenant-based - scattered site,No,No,No,No,No,No,No,No,No,No,No,No,No,No,No,No,No,No,30.0,0.0,,,0.0,20.0,30.0,0.6666666666666666,4,14,20.0,10.0,Permanent Housing
2025.0,PSH,The People Concern,CA0409 Lamp Lodge - Supportive Services,Los Angeles,CA,SPA 4                                             ,14,1,062118,Yes,Current,,,0.0,0.0,12.0,0.0,0.0,0.0,0.0,0.0,0.0,12.0,0.0,No,Yes,No,No,No,No,No,No,No,No,No,No,No,No,No,No,No,No,No,No,No,No,No,No,No,Yes,Site-based - single site,Yes,No,No,No,No,No,No,Yes,No,No,No,No,No,No,No,No,No,No,12.0,0.0,,,0.0,12.0,12.0,1.0,4,14,12.0,0.0,Permanent Housing
2025.0,SH,The People Concern,CA0527 Westside Safe Haven - Residential Program,Santa Monica,CA,SPA 5                                             ,0,3,063384,Yes,Current,,,0.0,0.0,25.0,0.0,0.0,0.0,0.0,0.0,0.0,0.0,0.0,No,Yes,No,No,No,No,No,No,No,No,No,No,No,No,No,No,No,No,No,No,No,No,No,No,No,Yes,Site-based - single site,No,No,No,No,No,No,No,No,No,No,No,No,No,No,No,No,No,No,25.0,0.0,,,0.0,22.0,25.0,0.88,5,0,22.0,3.0,Shelter
2025.0,PSH,The People Concern,CA0920 TPC Tenant Based,Los Angeles,CA,SPA 4                                             ,10,2,062118,Yes,Current,,,0.0,0.0,170.0,0.0,0.0,0.0,0.0,0.0,0.0,0.0,0.0,No,No,No,No,No,No,No,No,No,No,No,No,No,No,No,No,No,No,No,No,No,No,No,No,No,No,Tenant-based - scattered site,No,No,No,No,No,No,No,No,No,No,No,No,No,No,No,No,No,No,170.0,0.0,,,0.0,126.0,170.0,0.7411764705882353,4,10,126.0,44.0,Permanent Housing
2025.0,PSH,The People Concern,CA1109 OPCC 2,Santa Monica,CA,SPA 5                                             ,0,3,063384,No,Current,,,0.0,0.0,60.0,0.0,0.0,0.0,0.0,0.0,0.0,0.0,0.0,No,No,No,No,No,No,No,No,No,No,No,No,No,No,No,No,No,No,No,No,No,No,No,No,No,No,Tenant-based - scattered site,No,No,No,No,No,No,No,No,No,No,No,No,No,No,No,No,No,No,60.0,0.0,,,0.0,55.0,60.0,0.9166666666666666,5,0,55.0,5.0,Permanent Housing
2025.0,PSH,The People Concern,CA1689 LAMP Downtown,Los Angeles,CA,SPA 4                                             ,14,1,062118,Yes,Current,,,0.0,0.0,79.0,0.0,0.0,0.0,0.0,0.0,0.0,0.0,0.0,No,No,No,No,No,No,No,No,No,No,No,No,No,No,No,No,No,No,No,No,No,No,No,No,No,No,Site-based - clustered / multiple sites,No,No,No,No,No,No,No,No,No,No,No,No,No,No,No,No,No,No,79.0,0.0,,,0.0,75.0,79.0,0.9493670886075948,4,14,75.0,4.0,Permanent Housing
2025.0,ES,The People Concern,"CES Bridge Housing Kensington SPA 1 ""Entry/Exit",Lancaster,CA,SPA 1                                             ,0,5,061914,Yes,Current,,,0.0,0.0,51.0,0.0,0.0,0.0,0.0,0.0,0.0,0.0,0.0,No,Yes,No,No,No,No,No,No,No,No,No,No,No,No,No,No,No,No,No,No,No,No,No,No,No,Yes,Site-based - clustered / multiple sites,No,No,No,No,No,No,No,No,No,No,No,No,No,No,No,No,No,No,51.0,0.0,,,0.0,49.0,51.0,0.9607843137254902,1,0,49.0,2.0,Shelter
2025.0,ES,The People Concern,"CES Bridge Housing Program (New) ""Entry/Exit",Los Angeles,CA,SPA 4                                             ,14,1,062118,Yes,Current,,,0.0,0.0,30.0,0.0,0.0,0.0,0.0,0.0,0.0,0.0,0.0,No,Yes,No,No,No,No,No,No,No,No,No,No,No,No,No,No,No,No,No,No,No,No,No,No,No,Yes,Site-based - single site,No,No,No,No,No,No,No,No,No,No,No,No,No,No,No,No,No,No,30.0,0.0,,,0.0,29.0,30.0,0.9666666666666668,4,14,29.0,1.0,Shelter
2025.0,ES,The People Concern,"CES Bridge Housing Program SPA 5 ""Entry/Exit",Santa Monica,CA,SPA 5                                             ,0,3,062118,Yes,Current,,,0.0,0.0,3.0,0.0,0.0,0.0,0.0,0.0,0.0,0.0,0.0,No,Yes,No,No,No,No,No,No,No,No,No,No,No,No,No,No,No,No,No,No,No,No,No,No,No,Yes,Site-based - single site,No,No,No,No,No,No,No,No,No,No,No,No,No,No,No,No,No,No,3.0,0.0,,,0.0,3.0,3.0,1.0,5,0,3.0,0.0,Shelter
2025.0,ES,The People Concern,"CES Crisis Housing Program CITY SPA 5 ""Entry/Exit",Santa Monica,CA,SPA 5                                             ,0,3,062118,Yes,Current,,,0.0,0.0,6.0,0.0,0.0,0.0,0.0,0.0,0.0,0.0,0.0,No,Yes,No,No,No,No,No,No,No,No,No,No,No,No,No,No,No,No,No,No,No,No,No,No,No,Yes,Site-based - single site,No,No,No,No,No,No,No,No,No,No,No,No,No,No,No,No,No,No,6.0,0.0,,,0.0,5.0,6.0,0.8333333333333334,5,0,5.0,1.0,Shelter
2025.0,ES,The People Concern,"CES Crisis Housing Program LAMP Village ""Entry/Exit",Los Angeles,CA,SPA 4                                             ,14,1,062118,Yes,Current,,,0.0,0.0,13.0,0.0,0.0,0.0,0.0,0.0,0.0,0.0,0.0,No,Yes,No,No,No,No,No,No,No,No,No,No,No,No,No,No,No,No,No,No,No,No,No,No,No,Yes,Site-based - single site,No,No,No,No,No,No,No,No,No,No,No,No,No,No,No,No,No,No,13.0,0.0,,,0.0,13.0,13.0,1.0,4,14,13.0,0.0,Shelter
2025.0,ES,The People Concern,"CES Enhanced Bridge Housing Older Adults SPA 1 ""Entry/Exit",Lancaster,CA,SPA 1                                             ,0,5,061914,Yes,Current,,,0.0,0.0,30.0,0.0,0.0,0.0,0.0,0.0,0.0,0.0,0.0,No,Yes,No,No,No,No,No,No,No,No,No,No,No,No,No,No,No,No,No,No,No,No,No,No,No,Yes,Site-based - clustered / multiple sites,No,No,No,No,No,No,No,No,No,No,No,No,No,No,No,No,No,No,30.0,0.0,,,0.0,30.0,30.0,1.0,1,0,30.0,0.0,Shelter
2025.0,ES,The People Concern,"CES Enhanced Bridge Housing Single Females SPA 1 ""Entry/Exit",Lancaster,CA,SPA 1                                             ,0,5,061914,Yes,Current,,,0.0,0.0,29.0,0.0,0.0,0.0,0.0,0.0,0.0,0.0,0.0,No,Yes,No,No,No,No,No,No,No,No,No,No,No,No,No,No,No,No,No,No,No,No,No,No,No,Yes,Site-based - clustered / multiple sites,No,No,No,No,No,No,No,No,No,No,No,No,No,No,No,No,No,No,29.0,0.0,,,0.0,28.0,29.0,0.9655172413793104,1,0,28.0,1.0,Shelter
2025.0,ES,The People Concern,COL Interim Housing SPA 1,Lancaster,CA,SPA 1                                             ,0,5,061914,Yes,Current,,,0.0,0.0,5.0,0.0,0.0,0.0,0.0,0.0,0.0,0.0,0.0,No,Yes,No,No,No,No,No,No,No,No,No,No,No,No,No,No,No,No,No,No,No,No,No,No,No,Yes,Site-based - single site,No,No,No,No,No,No,No,No,No,No,No,No,No,No,No,No,No,No,5.0,0.0,,,0.0,2.0,5.0,0.4,1,0,2.0,3.0,Shelter
2025.0,PSH,The People Concern,Colden,Los Angeles,CA,SPA 6                                             ,8,2,062118,No,Current,,,28.0,5.0,0.0,0.0,0.0,0.0,0.0,0.0,0.0,0.0,0.0,No,No,No,No,No,No,No,No,No,No,No,No,No,No,No,No,No,No,No,No,No,No,No,No,No,No,Site-based - single site,No,No,No,No,No,No,No,No,No,No,No,No,No,No,No,No,No,No,28.0,0.0,,,0.0,36.0,28.0,1.2857142857142858,6,8,36.0,0.0,Permanent Housing
2025.0,PSH,The People Concern,DHS 127th Street Apartments,Los Angeles,CA,SPA 8                                             ,15,2,062118,No,Current,,,0.0,0.0,84.0,0.0,0.0,0.0,0.0,0.0,0.0,0.0,0.0,No,Yes,No,No,No,No,No,No,No,No,No,No,No,No,No,No,No,No,No,No,No,No,No,No,No,Yes,Site-based - single site,No,No,No,No,No,No,No,No,No,No,No,No,No,No,No,No,No,No,84.0,0.0,,,0.0,75.0,84.0,0.8928571428571429,8,15,75.0,9.0,Permanent Housing
2025.0,ES,The People Concern,"DHS Enhanced Services Beds - Village ""Entry/Exit",Los Angeles,CA,SPA 4                                             ,14,1,062118,Yes,Current,,,0.0,0.0,13.0,0.0,0.0,0.0,0.0,0.0,0.0,0.0,0.0,No,Yes,No,No,No,No,No,No,No,No,No,No,No,No,No,No,No,No,No,No,No,No,No,No,No,Yes,Site-based - single site,No,No,No,No,No,No,No,No,No,No,No,No,No,No,No,No,No,No,13.0,0.0,,,0.0,12.0,13.0,0.9230769230769232,4,14,12.0,1.0,Shelter
2025.0,ES,The People Concern,"DHS Interim Housing SOLAR ""Entry/Exit",Compton,CA,SPA 6                                             ,0,2,060804,Yes,Current,,,0.0,0.0,38.0,0.0,0.0,0.0,0.0,0.0,0.0,0.0,0.0,No,Yes,No,No,No,No,No,No,No,No,No,No,No,No,No,No,No,No,No,No,No,No,No,No,No,Yes,Site-based - single site,No,No,No,No,No,No,No,No,No,No,No,No,No,No,No,No,No,No,38.0,0.0,,,0.0,27.0,38.0,0.7105263157894737,6,0,27.0,11.0,Shelter
2025.0,ES,The People Concern,"DHS/LAHSA Co-Funded Beds - Village ""Entry/Exit",Los Angeles,CA,SPA 4                                             ,14,1,062118,Yes,Current,,,0.0,0.0,7.0,0.0,0.0,0.0,0.0,0.0,0.0,0.0,0.0,No,Yes,No,No,No,No,No,No,No,No,No,No,No,No,No,No,No,No,No,No,No,No,No,No,No,Yes,Site-based - single site,No,No,No,No,No,No,No,No,No,No,No,No,No,No,No,No,No,No,7.0,0.0,,,0.0,3.0,7.0,0.4285714285714285,4,14,3.0,4.0,Shelter
2025.0,ES,The People Concern,"DMH Interim Housing Cloverfield/Daybreak ""Entry/Exit",Santa Monica,CA,SPA 5                                             ,0,3,063384,Yes,Current,,,0.0,0.0,14.0,0.0,0.0,0.0,0.0,0.0,0.0,0.0,0.0,No,Yes,No,No,No,No,No,No,No,No,No,No,No,No,No,No,No,No,No,No,No,No,No,No,No,Yes,Site-based - single site,No,No,No,No,No,No,No,No,No,No,No,No,No,No,No,No,No,No,14.0,0.0,,,0.0,14.0,14.0,1.0,5,0,14.0,0.0,Shelter
2025.0,ES,The People Concern,"DMH Interim Housing Kensington ""Entry/Exit",Lancaster,CA,SPA 1                                             ,0,5,061914,Yes,Current,,,0.0,0.0,38.0,0.0,0.0,0.0,0.0,0.0,0.0,0.0,0.0,No,Yes,No,No,No,No,No,No,No,No,No,No,No,No,No,No,No,No,No,No,No,No,No,No,No,Yes,Site-based - single site,No,No,No,No,No,No,No,No,No,No,No,No,No,No,No,No,No,No,38.0,0.0,,,0.0,36.0,38.0,0.9473684210526316,1,0,36.0,2.0,Shelter
2025.0,ES,The People Concern,DMH Interim Housing The Village,Los Angeles,CA,SPA 4                                             ,14,1,062118,Yes,Current,,,0.0,0.0,7.0,0.0,0.0,0.0,0.0,0.0,0.0,0.0,0.0,No,No,No,No,No,No,No,No,No,No,No,No,No,No,No,No,No,No,No,No,No,No,No,No,No,No,Site-based - single site,No,No,No,No,No,No,No,No,No,No,No,No,No,No,No,No,No,No,7.0,0.0,,,0.0,5.0,7.0,0.7142857142857143,4,14,5.0,2.0,Shelter
2025.0,ES,The People Concern,"DMH Interim Housing Turning Point ""Entry/Exit",Santa Monica,CA,SPA 5                                             ,0,3,062118,Yes,Current,,,0.0,0.0,21.0,0.0,0.0,0.0,0.0,0.0,0.0,0.0,0.0,No,Yes,No,No,No,No,No,No,No,No,No,No,No,No,No,No,No,No,No,No,No,No,No,No,No,Yes,Site-based - single site,No,No,No,No,No,No,No,No,No,No,No,No,No,No,No,No,No,No,21.0,0.0,,,0.0,21.0,21.0,1.0,5,0,21.0,0.0,Shelter
2025.0,PSH,The People Concern,DMH Kensington III,Lancaster,CA,SPA 1                                             ,0,5,061914,Yes,Current,,,0.0,0.0,50.0,0.0,0.0,0.0,0.0,0.0,0.0,0.0,0.0,No,Yes,No,No,No,No,No,No,No,No,No,No,No,No,No,No,No,No,No,No,No,No,No,No,No,Yes,Site-based - clustered / multiple sites,No,No,No,No,No,No,No,No,No,No,No,No,No,No,No,No,No,No,50.0,0.0,,,0.0,45.0,50.0,0.9,1,0,45.0,5.0,Permanent Housing
2025.0,ES,The People Concern,"HAUS ""Entry/Exit",Los Angeles,CA,SPA 4                                             ,14,1,062118,Yes,Current,,,0.0,0.0,25.0,0.0,0.0,0.0,0.0,0.0,0.0,0.0,0.0,No,Yes,No,No,No,No,No,No,No,No,No,No,No,No,No,No,No,No,No,No,No,No,No,No,No,Yes,Site-based - single site,No,No,No,No,No,No,No,No,No,No,No,No,No,No,No,No,No,No,25.0,0.0,,,0.0,18.0,25.0,0.72,4,14,18.0,7.0,Shelter
2025.0,ES,The People Concern,Inside Safe Hotel/Motel Voucher Program,Los Angeles,CA,SPA 4                                             ,13,3,062118,Yes,Current,,,0.0,0.0,108.0,0.0,0.0,0.0,0.0,0.0,0.0,0.0,0.0,No,Yes,No,No,No,No,No,No,No,No,No,No,No,No,No,No,No,No,No,No,No,No,No,No,No,Yes,Site-based - clustered / multiple sites,No,No,No,No,No,No,No,No,No,No,No,No,No,No,No,No,No,No,108.0,0.0,,,0.0,97.0,108.0,0.8981481481481481,4,13,97.0,11.0,Shelter
2025.0,PSH,The People Concern,LAMP EHV (HDAP),Santa Monica,CA,SPA 5                                             ,0,3,063384,Yes,Current,,,0.0,0.0,10.0,0.0,0.0,0.0,0.0,0.0,0.0,0.0,0.0,No,No,No,No,No,No,No,No,No,No,No,No,No,No,No,No,No,No,No,No,No,No,No,No,No,No,Tenant-based - scattered site,No,No,No,No,No,No,No,No,No,No,No,No,No,No,No,No,No,No,10.0,0.0,,,0.0,3.0,10.0,0.3,5,0,3.0,7.0,Permanent Housing
2025.0,PSH,The People Concern,LAMP Scattered 1 RIST 2 (D7),Los Angeles,CA,SPA 4                                             ,14,1,062118,Yes,Current,,,0.0,0.0,127.0,0.0,0.0,0.0,0.0,0.0,0.0,0.0,0.0,No,Yes,No,No,No,No,No,No,No,No,No,No,No,No,No,No,No,No,No,No,No,No,No,No,No,Yes,Tenant-based - scattered site,No,No,No,No,No,No,No,No,No,No,No,No,No,No,No,No,No,No,127.0,0.0,,,0.0,116.0,127.0,0.9133858267716536,4,14,116.0,11.0,Permanent Housing
2025.0,PSH,The People Concern,LAMP Scattered 3 RIST 4 (D7),Los Angeles,CA,SPA 4                                             ,14,1,062118,Yes,Current,,,0.0,0.0,64.0,0.0,0.0,0.0,0.0,0.0,0.0,0.0,0.0,No,Yes,No,No,No,No,No,No,No,No,No,No,No,No,No,No,No,No,No,No,No,No,No,No,No,Yes,Tenant-based - scattered site,No,No,No,No,No,No,No,No,No,No,No,No,No,No,No,No,No,No,64.0,0.0,,,0.0,61.0,64.0,0.953125,4,14,61.0,3.0,Permanent Housing
2025.0,PSH,The People Concern,LAMP TBV (HDAP),Los Angeles,CA,SPA 4                                             ,14,1,062118,Yes,Current,,,0.0,0.0,7.0,0.0,0.0,0.0,0.0,0.0,0.0,0.0,0.0,No,Yes,No,No,No,No,No,No,No,No,No,No,No,No,No,No,No,No,No,No,No,No,No,No,No,Yes,Site-based - single site,No,No,No,No,No,No,No,No,No,No,No,No,No,No,No,No,No,No,7.0,0.0,,,0.0,5.0,7.0,0.7142857142857143,4,14,5.0,2.0,Permanent Housing
2025.0,PSH,The People Concern,LAMP Tiki (DHS),Huntington Park,CA,SPA 6                                             ,0,2,061698,Yes,Current,,,0.0,0.0,36.0,0.0,0.0,0.0,0.0,0.0,0.0,0.0,0.0,No,Yes,No,No,No,No,No,No,No,No,No,No,No,No,No,No,No,No,No,No,No,No,No,No,No,Yes,Site-based - single site,No,No,No,No,No,No,No,No,No,No,No,No,No,No,No,No,No,No,36.0,0.0,,,0.0,32.0,36.0,0.8888888888888888,6,0,32.0,4.0,Permanent Housing
2025.0,ES,The People Concern,"Non-DMH Interim Housing Daybreak Residents ""Entry/Exit",Santa Monica,CA,SPA 5                                             ,0,3,063384,Yes,Current,,,0.0,0.0,6.0,0.0,0.0,0.0,0.0,0.0,0.0,0.0,0.0,No,Yes,No,No,No,No,No,No,No,No,No,No,No,No,No,No,No,No,No,No,No,No,No,No,No,Yes,Site-based - single site,No,No,No,No,No,No,No,No,No,No,No,No,No,No,No,No,No,No,6.0,0.0,,,0.0,6.0,6.0,1.0,5,0,6.0,0.0,Shelter
2025.0,PSH,The People Concern,OPCC 6th Street Place DMH (D7),Los Angeles,CA,SPA 4                                             ,14,1,062118,Yes,Current,,,0.0,0.0,96.0,0.0,0.0,0.0,0.0,0.0,0.0,0.0,0.0,No,Yes,No,No,No,No,No,No,No,No,No,No,No,No,No,No,No,No,No,No,No,No,No,No,No,Yes,Site-based - single site,No,No,No,No,No,No,No,No,No,No,No,No,No,No,No,No,No,No,96.0,0.0,,,0.0,22.0,96.0,0.2291666666666666,4,14,22.0,74.0,Permanent Housing
2025.0,PSH,The People Concern,OPCC Amani Senior (D7),Los Angeles,CA,SPA 4                                             ,10,2,062118,No,Current,,,0.0,0.0,42.0,0.0,0.0,0.0,0.0,0.0,0.0,0.0,0.0,No,Yes,No,No,No,No,No,No,No,No,No,No,No,No,No,No,No,No,No,No,No,No,No,No,No,Yes,Site-based - single site,No,No,No,No,No,No,No,No,No,No,No,No,No,No,No,No,No,No,42.0,0.0,,,0.0,42.0,42.0,1.0,4,10,42.0,0.0,Permanent Housing
2025.0,PSH,The People Concern,OPCC Amani Senior DMH (D7),Los Angeles,CA,SPA 4                                             ,10,2,062118,Yes,Current,,,0.0,0.0,11.0,0.0,0.0,0.0,0.0,0.0,0.0,0.0,0.0,No,Yes,No,No,No,No,No,No,No,No,No,No,No,No,No,No,No,No,No,No,No,No,No,No,No,Yes,Site-based - single site,No,No,No,No,No,No,No,No,No,No,No,No,No,No,No,No,No,No,11.0,0.0,,,0.0,10.0,11.0,0.9090909090909092,4,10,10.0,1.0,Permanent Housing
2025.0,PSH,The People Concern,OPCC Arminta Square (H4HC),Sun Valley,CA,SPA 2                                             ,6,3,062118,Yes,Current,,,123.0,28.0,7.0,0.0,0.0,0.0,0.0,0.0,0.0,0.0,0.0,No,Yes,No,No,No,No,No,No,No,No,No,No,No,No,No,No,No,No,No,No,No,No,No,No,No,Yes,Site-based - single site,No,No,No,No,No,No,No,No,No,No,No,No,No,No,No,No,No,No,130.0,0.0,,,0.0,125.0,130.0,0.9615384615384616,2,6,125.0,5.0,Permanent Housing
2025.0,PSH,The People Concern,OPCC Avenida PHK Unsubsidized (D7),Los Angeles,CA,SPA 4                                             ,13,3,062118,Yes,Current,,,0.0,0.0,75.0,0.0,0.0,0.0,0.0,0.0,0.0,0.0,0.0,No,Yes,No,No,No,No,No,No,No,No,No,No,No,No,No,No,No,No,No,No,No,No,No,No,No,Yes,Site-based - single site,No,No,No,No,No,No,No,No,No,No,No,No,No,No,No,No,No,No,75.0,0.0,,,0.0,73.0,75.0,0.9733333333333334,4,13,73.0,2.0,Permanent Housing
2025.0,PSH,The People Concern,OPCC Burbank Blvd. Senior DMH (D7),Sherman Oaks,CA,SPA 2                                             ,4,3,060456,Yes,Current,,,0.0,0.0,26.0,0.0,0.0,0.0,0.0,0.0,0.0,0.0,0.0,No,Yes,No,No,No,No,No,No,No,No,No,No,No,No,No,No,No,No,No,No,No,No,No,No,No,Yes,Site-based - single site,No,No,No,No,No,No,No,No,No,No,No,No,No,No,No,No,No,No,26.0,0.0,,,0.0,26.0,26.0,1.0,2,4,26.0,0.0,Permanent Housing
2025.0,PSH,The People Concern,OPCC Integrated Housing Program,Santa Monica,CA,SPA 5                                             ,0,3,063384,Yes,Current,,,0.0,0.0,73.0,0.0,0.0,0.0,0.0,0.0,0.0,0.0,0.0,No,No,No,No,No,No,No,No,No,No,No,No,No,No,No,No,No,No,No,No,No,No,No,No,No,No,Tenant-based - scattered site,No,No,No,No,No,No,No,No,No,No,No,No,No,No,No,No,No,No,73.0,0.0,,,0.0,49.0,73.0,0.6712328767123288,5,0,49.0,24.0,Permanent Housing
2025.0,PSH,The People Concern,OPCC Kensington Villa E DMH (D7),Lancaster,CA,SPA 1                                             ,0,5,061914,Yes,Current,,,0.0,0.0,25.0,0.0,0.0,0.0,0.0,0.0,0.0,0.0,0.0,No,Yes,No,No,No,No,No,No,No,No,No,No,No,No,No,No,No,No,No,No,No,No,No,No,No,Yes,Site-based - single site,No,No,No,No,No,No,No,No,No,No,No,No,No,No,No,No,No,No,25.0,0.0,,,0.0,22.0,25.0,0.88,1,0,22.0,3.0,Permanent Housing
2025.0,PSH,The People Concern,OPCC Main St. Apartments DHS/DMH (D7),Los Angeles,CA,SPA 6                                             ,9,2,062118,Yes,Current,,,0.0,0.0,14.0,0.0,0.0,0.0,0.0,0.0,0.0,0.0,0.0,No,Yes,No,No,No,No,No,No,No,No,No,No,No,No,No,No,No,No,No,No,No,No,No,No,No,Yes,Site-based - single site,No,No,No,No,No,No,No,No,No,No,No,No,No,No,No,No,No,No,14.0,0.0,,,0.0,5.0,14.0,0.3571428571428571,6,9,5.0,9.0,Permanent Housing
2025.0,PSH,The People Concern,OPCC Parthenia Place (PHK),North Hills,CA,SPA 2                                             ,6,3,069037,No,Current,,,0.0,0.0,40.0,0.0,0.0,0.0,0.0,0.0,0.0,0.0,0.0,No,Yes,No,No,No,No,No,No,No,No,No,No,No,No,No,No,No,No,No,No,No,No,No,No,No,Yes,Site-based - single site,No,No,No,No,No,No,No,No,No,No,No,No,No,No,No,No,No,No,40.0,0.0,,,0.0,30.0,40.0,0.75,2,6,30.0,10.0,Permanent Housing
2025.0,PSH,The People Concern,OPCC Quincy Sr. DMH (D7),Los Angeles,CA,SPA 4                                             ,1,2,062118,Yes,Current,,,0.0,0.0,53.0,0.0,0.0,0.0,0.0,0.0,0.0,0.0,0.0,No,Yes,No,No,No,No,No,No,No,No,No,No,No,No,No,No,No,No,No,No,No,No,No,No,No,Yes,Site-based - single site,No,No,No,No,No,No,No,No,No,No,No,No,No,No,No,No,No,No,53.0,0.0,,,0.0,53.0,53.0,1.0,4,1,53.0,0.0,Permanent Housing
2025.0,PSH,The People Concern,OPCC The Argent PHK (D7),Van Nuys,CA,SPA 2                                             ,6,3,069037,No,Current,,,0.0,0.0,31.0,0.0,0.0,0.0,0.0,0.0,0.0,0.0,0.0,No,Yes,No,No,No,No,No,No,No,No,No,No,No,No,No,No,No,No,No,No,No,No,No,No,No,Yes,Site-based - single site,No,No,No,No,No,No,No,No,No,No,No,No,No,No,No,No,No,No,31.0,0.0,,,0.0,29.0,31.0,0.935483870967742,2,6,29.0,2.0,Permanent Housing
2025.0,PSH,The People Concern,OPCC The Collection PHK (D7),Los Angeles,CA,SPA 5                                             ,11,3,062118,Yes,Current,,,57.0,16.0,8.0,0.0,0.0,0.0,0.0,0.0,0.0,0.0,0.0,No,Yes,No,No,No,No,No,No,No,No,No,No,No,No,No,No,No,No,No,No,No,No,No,No,No,Yes,Site-based - single site,No,No,No,No,No,No,No,No,No,No,No,No,No,No,No,No,No,No,65.0,0.0,,,0.0,62.0,65.0,0.953846153846154,5,11,62.0,3.0,Permanent Housing
2025.0,PSH,The People Concern,OPCC The Lodge (H4HC),Los Angeles,CA,SPA 4                                             ,14,1,062118,Yes,Current,,,0.0,0.0,24.0,0.0,0.0,0.0,0.0,0.0,0.0,0.0,0.0,No,Yes,No,No,No,No,No,No,No,No,No,No,No,No,No,No,No,No,No,No,No,No,No,No,No,Yes,Site-based - single site,No,No,No,No,No,No,No,No,No,No,No,No,No,No,No,No,No,No,24.0,0.0,,,0.0,24.0,24.0,1.0,4,14,24.0,0.0,Permanent Housing
2025.0,PSH,The People Concern,OPCC Vermont Corridor Sr. DMH (H4HC),Los Angeles,CA,SPA 4                                             ,10,2,062118,Yes,Current,,,0.0,0.0,18.0,0.0,0.0,0.0,0.0,0.0,0.0,0.0,0.0,No,Yes,No,No,No,No,No,No,No,No,No,No,No,No,No,No,No,No,No,No,No,No,No,No,No,Yes,Site-based - single site,No,No,No,No,No,No,No,No,No,No,No,No,No,No,No,No,No,No,18.0,0.0,,,0.0,16.0,18.0,0.8888888888888888,4,10,16.0,2.0,Permanent Housing
2025.0,PSH,The People Concern,OPCC Washington Crossing Bldg 1 DHS/DMH (D7),Los Angeles,CA,SPA 4                                             ,10,2,062118,Yes,Current,,,0.0,0.0,10.0,0.0,0.0,0.0,0.0,0.0,0.0,0.0,0.0,No,Yes,No,No,No,No,No,No,No,No,No,No,No,No,No,No,No,No,No,No,No,No,No,No,No,Yes,Site-based - single site,No,No,No,No,No,No,No,No,No,No,No,No,No,No,No,No,No,No,10.0,0.0,,,0.0,5.0,10.0,0.5,4,10,5.0,5.0,Permanent Housing
2025.0,PSH,The People Concern,OPCC Washington Crossing Bldg 2 DHS/DMH (D7),Los Angeles,CA,SPA 6                                             ,10,2,062118,Yes,Current,,,0.0,0.0,18.0,0.0,0.0,0.0,0.0,0.0,0.0,0.0,0.0,No,Yes,No,No,No,No,No,No,No,No,No,No,No,No,No,No,No,No,No,No,No,No,No,No,No,Yes,Site-based - single site,No,No,No,No,No,No,No,No,No,No,No,No,No,No,No,No,No,No,18.0,0.0,,,0.0,15.0,18.0,0.8333333333333334,6,10,15.0,3.0,Permanent Housing
2025.0,PSH,The People Concern,OPCC Watts Works (H4HC),Los Angeles,CA,SPA 6                                             ,15,2,062118,Yes,Current,,,0.0,0.0,6.0,0.0,0.0,0.0,0.0,0.0,0.0,0.0,0.0,No,Yes,No,No,No,No,No,No,No,No,No,No,No,No,No,No,No,No,No,No,No,No,No,No,No,Yes,Site-based - single site,No,No,No,No,No,No,No,No,No,No,No,No,No,No,No,No,No,No,6.0,0.0,,,0.0,7.0,6.0,1.1666666666666667,6,15,7.0,0.0,Permanent Housing
2025.0,PSH,The People Concern,OPCC Watts Works DMH (ARPA/FHSP),Los Angeles,CA,SPA 6                                             ,15,2,062118,Yes,Current,,,30.0,10.0,12.0,0.0,0.0,0.0,0.0,0.0,0.0,0.0,0.0,No,Yes,No,No,No,No,No,No,No,No,No,No,No,No,No,No,No,No,No,No,No,No,No,No,No,Yes,Site-based - single site,No,No,No,No,No,No,No,No,No,No,No,No,No,No,No,No,No,No,42.0,0.0,,,0.0,13.0,42.0,0.3095238095238095,6,15,13.0,29.0,Permanent Housing
2025.0,PSH,The People Concern,OPCC Westhaven DMH (D7),Los Angeles,CA,SPA 8                                             ,0,2,062118,Yes,Current,,,0.0,0.0,39.0,0.0,0.0,0.0,0.0,0.0,0.0,0.0,0.0,No,Yes,No,No,No,No,No,No,No,No,No,No,No,No,No,No,No,No,No,No,No,No,No,No,No,Yes,Site-based - single site,No,No,No,No,No,No,No,No,No,No,No,No,No,No,No,No,No,No,39.0,0.0,,,0.0,39.0,39.0,1.0,8,0,39.0,0.0,Permanent Housing
2025.0,PSH,The People Concern,OPCC Westlake 619 DMH (D7),Los Angeles,CA,SPA 4                                             ,1,1,062118,Yes,Current,,,0.0,0.0,39.0,0.0,0.0,0.0,0.0,0.0,0.0,0.0,0.0,No,Yes,No,No,No,No,No,No,No,No,No,No,No,No,No,No,No,No,No,No,No,No,No,No,No,Yes,Site-based - single site,No,No,No,No,No,No,No,No,No,No,No,No,No,No,No,No,No,No,39.0,0.0,,,0.0,36.0,39.0,0.9230769230769232,4,1,36.0,3.0,Permanent Housing
2025.0,ES,The People Concern,Pathway Home,Los Angeles,CA,SPA 6                                             ,9,2,062118,Yes,Current,,,0.0,0.0,95.0,0.0,0.0,0.0,0.0,0.0,0.0,0.0,0.0,No,Yes,No,No,No,No,No,No,No,No,No,No,No,No,No,No,No,No,No,No,No,No,No,No,No,Yes,Site-based - clustered / multiple sites,No,No,No,No,No,No,No,No,No,No,No,No,No,No,No,No,No,No,95.0,0.0,,,0.0,100.0,95.0,1.0526315789473684,6,9,100.0,0.0,Shelter
2025.0,PSH,The People Concern,PBV Kensington II,Lancaster,CA,SPA 1                                             ,0,5,061914,No,Current,,,0.0,0.0,50.0,0.0,0.0,0.0,0.0,0.0,0.0,0.0,0.0,No,No,No,No,No,No,No,No,No,No,No,No,No,No,No,No,No,No,No,No,No,No,No,No,No,No,Site-based - single site,No,No,No,No,No,No,No,No,No,No,No,No,No,No,No,No,No,No,50.0,0.0,,,0.0,48.0,50.0,0.96,1,0,48.0,2.0,Permanent Housing
2025.0,PSH,The People Concern,PBV Mosaic Gardens at Westlake,Los Angeles,CA,SPA 4                                             ,1,1,062118,No,Current,,,85.0,19.0,44.0,0.0,0.0,0.0,0.0,0.0,0.0,0.0,0.0,No,No,No,No,No,No,No,No,No,No,No,No,No,No,No,No,No,No,No,No,No,No,No,No,No,No,Site-based - single site,No,No,No,No,No,No,No,No,No,No,No,No,No,No,No,No,No,No,129.0,0.0,,,0.0,55.0,129.0,0.4263565891472868,4,1,55.0,74.0,Permanent Housing
2025.0,PSH,The People Concern,PBV Vermont Corridor Apartments,Los Angeles,CA,SPA 4                                             ,10,2,062118,No,Current,,,0.0,0.0,17.0,0.0,0.0,0.0,0.0,0.0,0.0,0.0,0.0,No,Yes,No,No,No,No,No,No,No,No,No,No,No,No,No,No,No,No,No,No,No,No,No,No,No,Yes,Site-based - single site,No,No,No,No,No,No,No,No,No,No,No,No,No,No,No,No,No,No,17.0,0.0,,,0.0,18.0,17.0,1.0588235294117647,4,10,18.0,0.0,Permanent Housing
2025.0,PSH,The People Concern,PBV/ King 1101,Los Angeles,CA,SPA 6                                             ,8,2,062118,No,Current,,,89.0,18.0,7.0,0.0,0.0,0.0,0.0,0.0,0.0,0.0,0.0,No,No,No,No,No,No,No,No,No,No,No,No,No,No,No,No,No,No,No,No,No,No,No,No,No,No,Site-based - single site,No,No,No,No,No,No,No,No,No,No,No,No,No,No,No,No,No,No,96.0,0.0,,,0.0,43.0,96.0,0.4479166666666667,6,8,43.0,53.0,Permanent Housing
2025.0,ES,The People Concern,"PHK CITY The Layover ""Entry/Exit",Los Angeles,CA,SPA 5                                             ,11,2,062118,Yes,Current,,,0.0,0.0,44.0,0.0,0.0,0.0,0.0,0.0,0.0,0.0,0.0,No,Yes,No,No,No,No,No,No,No,No,No,No,No,No,No,No,No,No,No,No,No,No,No,No,No,Yes,Site-based - single site,Yes,No,No,Yes,No,No,No,No,No,No,No,No,No,No,No,No,No,No,44.0,0.0,,,0.0,50.0,44.0,1.1363636363636365,5,11,50.0,0.0,Shelter
2025.0,PSH,The People Concern,Project Homekey - 10150 Hillhaven,Tujunga,CA,SPA 2                                             ,7,5,069037,No,Current,,,0.0,0.0,16.0,0.0,0.0,0.0,0.0,0.0,0.0,0.0,0.0,No,Yes,No,No,No,No,No,No,No,No,No,No,No,No,No,No,No,No,No,No,No,Yes,No,No,No,Yes,Site-based - single site,No,No,No,No,No,No,No,No,No,No,No,No,No,No,No,No,No,No,16.0,0.0,,,0.0,9.0,16.0,0.5625,2,7,9.0,7.0,Permanent Housing
2025.0,PSH,The People Concern,Project Homekey - 14949 Roscoe Blvd,Panorama City,CA,SPA 2                                             ,6,3,069037,No,Current,,,50.0,14.0,15.0,0.0,0.0,0.0,0.0,0.0,0.0,0.0,0.0,No,Yes,No,No,No,No,No,No,No,No,No,No,No,No,No,No,No,No,No,No,No,No,No,No,No,Yes,Site-based - single site,No,No,No,No,No,No,No,No,No,No,No,No,No,No,No,No,No,No,65.0,0.0,,,0.0,61.0,65.0,0.94,2,6,61.0,4.0,Permanent Housing
2025.0,PSH,The People Concern,Project Homekey - 5050 W. Pico,Los Angeles,CA,SPA 4                                             ,10,2,062118,No,Current,,,0.0,0.0,78.0,0.0,0.0,0.0,0.0,0.0,0.0,0.0,0.0,No,Yes,No,No,No,No,No,No,No,No,No,No,No,No,No,No,No,No,No,No,No,Yes,No,No,No,Yes,Site-based - single site,No,No,No,No,No,No,No,No,No,No,No,No,No,No,No,No,No,No,78.0,0.0,,,0.0,53.0,78.0,0.6794871794871795,4,10,53.0,25.0,Permanent Housing
2025.0,PSH,The People Concern,Rosa De Castilla Apartments,Los Angeles,CA,SPA 4                                             ,14,1,062118,No,Current,,,0.0,0.0,19.0,0.0,0.0,0.0,0.0,19.0,0.0,0.0,0.0,No,Yes,Yes,No,No,No,No,No,No,No,No,No,No,No,No,No,No,No,No,No,No,No,No,No,No,Yes,Site-based - single site,No,No,No,No,No,No,No,No,No,No,No,No,No,No,No,No,No,No,19.0,0.0,,,0.0,20.0,19.0,1.0526315789473684,4,14,20.0,0.0,Permanent Housing
2025.0,ES,The People Concern,SAMOSHEL Interim Housing,Santa Monica,CA,SPA 5                                             ,0,3,063384,Yes,Current,,,0.0,0.0,60.0,0.0,0.0,0.0,0.0,0.0,0.0,0.0,0.0,No,Yes,No,No,No,No,No,No,No,No,No,No,No,No,No,No,No,No,No,No,No,No,No,No,No,Yes,Site-based - single site,Yes,Yes,No,No,No,No,No,No,No,No,No,No,No,No,No,No,No,No,60.0,0.0,,,0.0,50.0,60.0,0.8333333333333334,5,0,50.0,10.0,Shelter
2025.0,RRH,The People Concern,SUNOFO TLS Adult SPA 4,Los Angeles,CA,SPA 4                                             ,14,1,062118,Yes,Current,,,0.0,0.0,2.0,0.0,0.0,0.0,0.0,0.0,0.0,0.0,0.0,No,Yes,No,No,No,No,No,No,No,No,No,No,No,No,No,No,No,No,No,No,No,No,No,No,No,Yes,Tenant-based - scattered site,Yes,No,No,No,No,No,No,No,No,No,No,No,No,No,No,No,Yes,No,2.0,0.0,,,0.0,2.0,2.0,1.0,4,14,2.0,0.0,Permanent Housing
2025.0,ES,The People Concern,The People Concern - Village IH,Los Angeles,CA,SPA 4                                             ,14,1,062118,Yes,Current,,,0.0,0.0,25.0,0.0,0.0,0.0,0.0,0.0,0.0,0.0,0.0,No,Yes,No,No,No,No,No,No,No,No,No,No,No,No,No,No,No,No,No,No,No,No,No,No,No,Yes,Site-based - single site,No,No,No,No,No,No,No,No,No,No,No,No,No,No,No,No,No,No,25.0,0.0,,,0.0,18.0,25.0,0.72,4,14,18.0,7.0,Shelter
2025.0,RRH,The People Concern,TLS Adult SPA 4,Los Angeles,CA,SPA 4                                             ,14,1,062118,Yes,Current,,,0.0,0.0,157.0,0.0,0.0,0.0,0.0,0.0,0.0,0.0,0.0,No,Yes,No,No,No,No,No,No,No,No,No,No,No,No,No,No,No,No,No,No,No,No,No,No,No,Yes,Tenant-based - scattered site,No,No,No,No,No,No,No,No,No,No,No,No,No,No,No,No,No,No,157.0,0.0,,,0.0,157.0,157.0,1.0,4,14,157.0,0.0,Permanent Housing
2025.0,RRH,The People Concern,TLS Adult SPA 5,Santa Monica,CA,SPA 5                                             ,0,3,063384,Yes,Current,,,0.0,0.0,34.0,0.0,0.0,0.0,0.0,0.0,0.0,0.0,0.0,No,Yes,No,No,No,No,No,No,No,No,No,No,No,No,No,No,No,No,No,No,No,No,No,No,No,Yes,Tenant-based - scattered site,No,No,No,No,No,No,No,No,No,No,No,No,No,No,No,No,No,No,34.0,0.0,,,0.0,34.0,34.0,1.0,5,0,34.0,0.0,Permanent Housing
2025.0,RRH,The People Concern,TLS Pathway Home Florence/Firestone,Los Angeles,CA,SPA 4                                             ,14,1,062118,Yes,Current,,,0.0,0.0,0.0,0.0,0.0,0.0,0.0,0.0,0.0,0.0,0.0,No,Yes,No,No,No,No,No,No,No,No,No,No,No,No,No,No,No,No,No,No,No,No,No,No,No,Yes,Tenant-based - scattered site,No,No,No,No,No,No,No,No,No,No,No,No,No,No,No,No,No,No,0.0,0.0,,,0.0,0.0,0.0,0.0,4,14,0.0,0.0,Permanent Housing
2025.0,RRH,The People Concern,TLS Pathway Home Santa Monica,Santa Monica,CA,SPA 5                                             ,0,3,063384,Yes,Current,,,0.0,0.0,0.0,0.0,0.0,0.0,0.0,0.0,0.0,0.0,0.0,No,Yes,No,No,No,No,No,No,No,No,No,No,No,No,No,No,No,No,No,No,No,No,No,No,No,Yes,Tenant-based - scattered site,No,No,No,No,No,No,No,No,No,No,No,No,No,No,No,No,No,No,0.0,0.0,,,0.0,0.0,0.0,0.0,5,0,0.0,0.0,Permanent Housing
2025.0,ES,The People Concern,"Turning Point Case Management ""Entry/Exit",Santa Monica,CA,SPA 5                                             ,0,3,062118,Yes,Current,,,0.0,0.0,25.0,0.0,0.0,0.0,0.0,0.0,0.0,0.0,0.0,No,Yes,No,No,No,No,No,No,No,No,No,No,No,No,No,No,No,No,No,No,No,No,No,No,No,Yes,Site-based - single site,No,No,No,No,No,No,No,No,No,No,No,No,No,No,No,No,No,No,25.0,0.0,,,0.0,17.0,25.0,0.68,5,0,17.0,8.0,Shelter
2025.0,ES,The Salvation Army,"A Bridge Home Imperial Hwy ""Entry/Exit",Los Angeles,CA,SPA 6                                             ,0,2,062118,Yes,Current,,,0.0,0.0,100.0,0.0,0.0,0.0,0.0,0.0,0.0,0.0,0.0,No,Yes,No,No,No,No,No,No,No,No,No,No,No,No,No,No,No,No,No,No,No,No,No,No,No,Yes,Site-based - single site,No,No,No,No,No,No,No,No,No,No,No,No,No,No,No,No,No,No,100.0,0.0,,,0.0,98.0,100.0,0.98,6,0,98.0,2.0,Shelter
2025.0,ES,The Salvation Army,"A Bridge Home Lafayette ""Entry/Exit",Los Angeles,CA,SPA 4                                             ,10,2,062118,Yes,Current,,,0.0,0.0,72.0,0.0,0.0,0.0,0.0,0.0,0.0,0.0,0.0,No,Yes,No,No,No,No,No,No,No,No,No,No,No,No,No,No,No,No,No,No,No,No,No,No,No,Yes,Site-based - single site,No,No,No,No,No,No,No,No,No,No,No,No,No,No,No,No,No,No,72.0,0.0,,,0.0,71.0,72.0,0.9861111111111112,4,10,71.0,1.0,Shelter
2025.0,ES,The Salvation Army,Bell Shelter City of Bell,Bell,CA,SPA 7                                             ,0,4,069037,Yes,Current,,,0.0,0.0,36.0,0.0,0.0,0.0,0.0,0.0,0.0,0.0,0.0,No,Yes,No,No,No,No,No,No,No,No,No,No,No,No,No,No,No,No,No,No,No,No,No,No,No,Yes,Site-based - single site,No,No,No,No,No,No,No,No,No,No,No,No,No,No,No,No,No,No,36.0,0.0,,,0.0,28.0,36.0,0.7777777777777778,7,0,28.0,8.0,Shelter
2025.0,ES,The Salvation Army,Bell Shelter City of Paramount,Bell,CA,SPA 7                                             ,0,4,069037,Yes,Current,,,0.0,0.0,12.0,0.0,0.0,0.0,0.0,0.0,0.0,0.0,0.0,No,Yes,No,No,No,No,No,No,No,No,No,No,No,No,No,No,No,No,No,No,No,No,No,No,No,Yes,Site-based - single site,No,No,No,No,No,No,No,No,No,No,No,No,No,No,No,No,No,No,12.0,0.0,,,0.0,17.0,12.0,1.4166666666666667,7,0,17.0,0.0,Shelter
2025.0,ES,The Salvation Army,Bell Shelter District 1,Bell,CA,SPA 7                                             ,0,4,069037,Yes,Current,,,0.0,0.0,4.0,0.0,0.0,0.0,0.0,0.0,0.0,0.0,0.0,No,Yes,No,No,No,No,No,No,No,No,No,No,No,No,No,No,No,No,No,No,No,No,No,No,No,Yes,Site-based - single site,No,No,No,No,No,No,No,No,No,No,No,No,No,No,No,No,No,No,4.0,0.0,,,0.0,1.0,4.0,0.25,7,0,1.0,3.0,Shelter
2025.0,ES,The Salvation Army,Bell Shelter Lakewood,Bell,CA,SPA 7                                             ,0,4,069037,Yes,Current,,,0.0,0.0,15.0,0.0,0.0,0.0,0.0,0.0,0.0,0.0,0.0,No,Yes,No,No,No,No,No,No,No,No,No,No,No,No,No,No,No,No,No,No,No,No,No,No,No,Yes,Site-based - single site,No,No,No,No,No,No,No,No,No,No,No,No,No,No,No,No,No,No,15.0,0.0,,,0.0,9.0,15.0,0.6,7,0,9.0,6.0,Shelter
2025.0,TH,The Salvation Army,Bell Shelter Transitional Housing,Bell,CA,SPA 7                                             ,0,4,069037,Yes,Current,,,0.0,0.0,10.0,0.0,0.0,0.0,0.0,0.0,0.0,0.0,0.0,No,No,No,No,No,No,No,No,No,No,No,No,No,No,No,No,No,No,No,No,No,No,No,No,No,No,Site-based - single site,No,No,No,No,No,No,No,No,No,No,No,No,No,No,No,No,No,No,10.0,0.0,,,0.0,14.0,10.0,1.4,7,0,14.0,0.0,Shelter
2025.0,ES,The Salvation Army,"Bridge Housing City Roadmap Isaiah's House ""Entry/Exit",Los Angeles,CA,SPA 4                                             ,13,3,062118,Yes,Current,,,0.0,0.0,30.0,0.0,0.0,0.0,0.0,0.0,0.0,0.0,0.0,No,Yes,No,No,No,No,No,No,No,No,No,No,No,No,No,No,No,No,No,No,No,No,No,No,No,Yes,Site-based - single site,No,No,No,No,No,No,No,No,No,No,No,No,No,No,No,No,No,No,30.0,0.0,,,0.0,28.0,30.0,0.9333333333333332,4,13,28.0,2.0,Shelter
2025.0,PSH,The Salvation Army,CA1684 CIS PSH Youth,Los Angeles,CA,SPA 4                                             ,14,1,062118,Yes,Current,,,0.0,0.0,68.0,0.0,0.0,0.0,0.0,0.0,68.0,0.0,0.0,No,Yes,No,No,No,No,No,No,No,No,No,No,No,No,No,No,No,No,No,No,No,No,No,No,No,Yes,Site-based - single site,No,No,No,No,No,No,No,No,No,No,No,No,No,No,No,No,No,No,68.0,0.0,,,0.0,67.0,68.0,0.9852941176470588,4,14,67.0,1.0,Permanent Housing
2025.0,PSH,The Salvation Army,CA1685 CIS PSH,Los Angeles,CA,SPA 4                                             ,14,1,062118,Yes,Current,,,134.0,67.0,0.0,0.0,0.0,0.0,0.0,0.0,0.0,0.0,0.0,No,Yes,No,No,No,No,No,No,No,No,No,No,No,No,No,No,No,No,No,No,No,No,No,No,No,Yes,Site-based - single site,No,No,No,No,No,No,No,No,No,No,No,No,No,No,No,No,No,No,134.0,0.0,,,0.0,85.0,134.0,0.6343283582089553,4,14,85.0,49.0,Permanent Housing
2025.0,ES,The Salvation Army,"CES Bridge Housing Program Reserved ""Entry/Exit",Bell,CA,SPA 7                                             ,0,4,069037,Yes,Current,,,0.0,0.0,19.0,0.0,0.0,0.0,0.0,0.0,0.0,0.0,0.0,No,Yes,No,No,No,No,No,No,No,No,No,No,No,No,No,No,No,No,No,No,No,No,No,No,No,Yes,Site-based - single site,No,No,No,No,No,No,No,No,No,No,No,No,No,No,No,No,No,No,19.0,0.0,,,0.0,19.0,19.0,1.0,7,0,19.0,0.0,Shelter
2025.0,ES,The Salvation Army,"CES Bridge Housing Program Way In Youth ""Entry/Exit",Los Angeles,CA,SPA 4                                             ,13,3,062118,Yes,Current,,,0.0,0.0,3.0,0.0,0.0,0.0,0.0,0.0,3.0,0.0,0.0,No,Yes,No,No,No,No,No,No,No,No,No,No,No,No,No,No,No,No,No,No,No,No,No,No,No,Yes,Site-based - single site,No,No,No,No,No,No,No,No,No,No,No,No,No,No,No,No,No,No,3.0,0.0,,,0.0,3.0,3.0,1.0,4,13,3.0,0.0,Shelter
2025.0,ES,The Salvation Army,"CES Crisis Housing Program (New) ""Entry/Exit",Bell,CA,SPA 7                                             ,0,4,069037,Yes,Current,,,0.0,0.0,57.0,0.0,0.0,0.0,0.0,0.0,0.0,0.0,0.0,No,Yes,No,No,No,No,No,No,No,No,No,No,No,No,No,No,No,No,No,No,No,No,No,No,No,Yes,Site-based - single site,No,No,No,No,No,No,No,No,No,No,No,No,No,No,No,No,No,No,57.0,0.0,,,0.0,58.0,57.0,1.0175438596491229,7,0,58.0,0.0,Shelter
2025.0,ES,The Salvation Army,"CES Crisis Housing Way In Youth ""Entry/Exit",Los Angeles,CA,SPA 4                                             ,13,3,062118,Yes,Current,,,0.0,0.0,5.0,0.0,0.0,0.0,0.0,0.0,5.0,0.0,0.0,No,Yes,No,No,No,No,No,No,No,No,No,No,No,No,No,No,No,No,No,No,No,No,No,No,No,Yes,Site-based - single site,No,No,No,No,No,No,No,No,No,No,No,No,No,No,No,No,No,No,5.0,0.0,,,0.0,5.0,5.0,1.0,4,13,5.0,0.0,Shelter
2025.0,TH,The Salvation Army,CES Transitional Housing SPA 1,Palmdale,CA,SPA 1                                             ,0,5,062658,Yes,Current,,,0.0,0.0,11.0,0.0,0.0,0.0,0.0,0.0,11.0,0.0,0.0,No,Yes,No,No,No,No,No,No,No,No,No,No,No,No,No,No,No,No,No,No,No,No,No,No,No,Yes,Site-based - single site,No,No,No,No,No,No,No,No,No,No,No,No,No,No,No,No,No,No,11.0,0.0,,,0.0,2.0,11.0,0.1818181818181818,1,0,2.0,9.0,Shelter
2025.0,TH,The Salvation Army,CES Transitional Housing SPA 5,Los Angeles,CA,SPA 6                                             ,8,2,062118,Yes,Current,,,0.0,0.0,12.0,0.0,0.0,0.0,0.0,0.0,12.0,0.0,0.0,No,Yes,No,No,No,No,No,No,No,No,No,No,No,No,No,No,No,No,No,No,No,No,No,No,No,Yes,Site-based - single site,No,No,No,No,No,No,No,No,No,No,No,No,No,No,No,No,No,No,12.0,0.0,,,0.0,6.0,12.0,0.5,6,8,6.0,6.0,Shelter
2025.0,RRH,The Salvation Army,County Bridge to Subsidy SPA 3,El Monte,CA,SPA 3                                             ,0,1,061152,Yes,Current,,,0.0,0.0,1.0,0.0,0.0,0.0,0.0,0.0,0.0,0.0,0.0,No,Yes,No,No,No,No,No,No,No,No,No,No,No,No,No,No,No,No,No,No,No,No,No,No,No,Yes,Tenant-based - scattered site,No,No,No,No,No,No,No,No,No,No,No,No,No,No,No,No,No,No,1.0,0.0,,,0.0,1.0,1.0,1.0,3,0,1.0,0.0,Permanent Housing
2025.0,ES,The Salvation Army,DHS Interim Housing Lilly's Place,Los Angeles,CA,SPA 4                                             ,1,1,062118,Yes,Current,,,30.0,10.0,0.0,0.0,0.0,0.0,0.0,0.0,0.0,0.0,0.0,No,Yes,No,No,No,No,No,No,No,No,No,No,No,No,No,No,No,No,No,No,No,No,No,No,No,Yes,Site-based - single site,No,No,No,No,No,No,No,No,No,No,No,No,No,No,No,No,No,No,30.0,0.0,,,0.0,29.0,30.0,0.9666666666666668,4,1,29.0,1.0,Shelter
2025.0,ES,The Salvation Army,DMH Interim Housing Bell Shelter,Bell,CA,SPA 7                                             ,0,4,069037,Yes,Current,,,0.0,0.0,93.0,0.0,0.0,0.0,0.0,0.0,0.0,0.0,0.0,No,No,No,No,No,No,No,No,No,No,No,No,No,No,No,No,No,No,No,No,No,No,No,No,No,No,Site-based - single site,No,No,No,No,No,No,No,No,No,No,No,No,No,No,No,No,No,No,93.0,0.0,,,0.0,77.0,93.0,0.8279569892473119,7,0,77.0,16.0,Shelter
2025.0,ES,The Salvation Army,DMH Interim Housing Hope Harbor,Los Angeles,CA,SPA 6                                             ,9,2,062118,Yes,Current,,,0.0,0.0,15.0,0.0,0.0,0.0,0.0,0.0,0.0,0.0,0.0,No,No,No,No,No,No,No,No,No,No,No,No,No,No,No,No,No,No,No,No,No,No,No,No,No,No,Site-based - single site,No,No,No,No,No,No,No,No,No,No,No,No,No,No,No,No,No,No,15.0,0.0,,,0.0,16.0,15.0,1.0666666666666669,6,9,16.0,0.0,Shelter
2025.0,ES,The Salvation Army,DMH Interim Housing Santa Fe Springs,Whittier,CA,SPA 7                                             ,0,4,064074,Yes,Current,,,53.0,17.0,0.0,0.0,0.0,0.0,0.0,0.0,0.0,0.0,0.0,No,Yes,No,No,No,No,No,No,No,No,No,No,No,No,No,No,No,No,No,No,No,No,No,No,No,Yes,Site-based - single site,No,No,No,No,No,No,No,No,No,No,No,No,No,No,No,No,No,No,53.0,0.0,,,0.0,46.0,53.0,0.87,7,0,46.0,7.0,Shelter
2025.0,ES,The Salvation Army,DMH Interim Housing West Wing,Whittier,CA,SPA 7                                             ,0,4,064074,Yes,Current,,,0.0,0.0,24.0,0.0,0.0,0.0,0.0,0.0,0.0,0.0,0.0,No,Yes,No,No,No,No,No,No,No,No,No,No,No,No,No,No,No,No,No,No,No,No,No,No,No,Yes,Site-based - single site,No,No,No,No,No,No,No,No,No,No,No,No,No,No,No,No,No,No,24.0,0.0,,,0.0,21.0,24.0,0.875,7,0,21.0,3.0,Shelter
2025.0,ES,The Salvation Army,DMH Interim Housing Zahn,Los Angeles,CA,SPA 4                                             ,14,1,062118,Yes,Current,,,36.0,12.0,0.0,0.0,0.0,0.0,0.0,0.0,0.0,0.0,0.0,No,No,No,No,No,No,No,No,No,No,No,No,No,No,No,No,No,No,No,No,No,No,No,No,No,No,Site-based - single site,No,No,No,No,No,No,No,No,No,No,No,No,No,No,No,No,No,No,36.0,0.0,,,0.0,35.0,36.0,0.9722222222222222,4,14,35.0,1.0,Shelter
2025.0,ES,The Salvation Army,Downey TSA Emergency Housing,Bell,CA,SPA 7                                             ,0,4,069037,Yes,Current,,,0.0,0.0,6.0,0.0,0.0,0.0,0.0,0.0,0.0,0.0,0.0,No,Yes,No,No,No,No,No,No,No,No,No,No,No,No,No,No,No,No,No,No,No,No,No,No,No,Yes,Site-based - single site,No,No,No,No,No,No,No,No,No,No,No,No,No,No,No,No,No,No,6.0,0.0,,,0.0,1.0,6.0,0.1666666666666666,7,0,1.0,5.0,Shelter
2025.0,ES,The Salvation Army,Enhanced Emergency Shelter Program The Way In,Los Angeles,CA,SPA 4                                             ,13,3,062118,Yes,Current,,,0.0,0.0,14.0,0.0,0.0,0.0,0.0,0.0,0.0,0.0,0.0,No,No,No,No,No,No,No,No,No,No,No,No,No,No,No,No,No,No,No,No,No,No,No,No,No,No,Site-based - single site,No,No,No,No,No,No,No,No,No,No,No,No,No,No,No,No,No,No,14.0,0.0,,,0.0,14.0,14.0,1.0,4,13,14.0,0.0,Shelter
2025.0,TH,The Salvation Army,GPD VA Bridge Housing Program,Bell,CA,SPA 7                                             ,0,4,069037,Yes,Current,,,0.0,0.0,5.0,0.0,0.0,0.0,0.0,5.0,0.0,0.0,0.0,No,Yes,No,No,Yes,No,No,No,No,No,No,No,No,No,No,No,No,No,No,No,No,No,No,No,No,No,Site-based - single site,No,No,No,No,No,No,No,No,No,No,No,No,No,No,No,No,No,No,5.0,0.0,,,0.0,3.0,5.0,0.6,7,0,3.0,2.0,Shelter
2025.0,TH,The Salvation Army,GPD VA Bridge Housing Program Hope Harbor,Los Angeles,CA,SPA 6                                             ,9,2,062118,Yes,Current,,,0.0,0.0,5.0,0.0,0.0,0.0,0.0,5.0,0.0,0.0,0.0,No,Yes,No,No,Yes,No,No,No,No,No,No,No,No,No,No,No,No,No,No,No,No,No,No,No,No,No,Site-based - single site,No,No,No,No,No,No,No,No,No,No,No,No,No,No,No,No,No,No,5.0,0.0,,,0.0,2.0,5.0,0.4,6,9,2.0,3.0,Shelter
2025.0,TH,The Salvation Army,GPD VA Clinical Treatment,Bell,CA,SPA 7                                             ,0,4,069037,Yes,Current,,,0.0,0.0,13.0,0.0,0.0,0.0,0.0,13.0,0.0,0.0,0.0,No,Yes,No,No,No,No,No,Yes,No,No,No,No,No,No,No,No,No,No,No,No,No,No,No,No,No,No,Site-based - single site,No,No,No,No,No,No,No,No,No,No,No,No,No,No,No,No,No,No,13.0,0.0,,,0.0,11.0,13.0,0.8461538461538461,7,0,11.0,2.0,Shelter
2025.0,TH,The Salvation Army,GPD VA Clinical Treatment Hope Harbor,Los Angeles,CA,SPA 6                                             ,9,2,062118,Yes,Current,,,0.0,0.0,17.0,0.0,0.0,0.0,0.0,17.0,0.0,0.0,0.0,No,Yes,No,No,No,No,No,Yes,No,No,No,No,No,No,No,No,No,No,No,No,No,No,No,No,No,No,Site-based - single site,No,No,No,No,No,No,No,No,No,No,No,No,No,No,No,No,No,No,17.0,0.0,,,0.0,14.0,17.0,0.8235294117647058,6,9,14.0,3.0,Shelter
2025.0,SH,The Salvation Army,GPD VA Low Demand Safe Haven,Bell,CA,SPA 7                                             ,0,4,069037,Yes,Current,,,0.0,0.0,30.0,0.0,0.0,0.0,0.0,30.0,0.0,0.0,0.0,No,Yes,No,No,No,Yes,No,No,No,No,No,No,No,No,No,No,No,No,No,No,No,No,No,No,No,No,Site-based - single site,No,No,No,No,No,No,No,No,No,No,No,No,No,No,No,No,No,No,30.0,0.0,,,0.0,27.0,30.0,0.9,7,0,27.0,3.0,Shelter
2025.0,TH,The Salvation Army,GPD VA Service Intensive Transitional Housing Bell Shelter,Bell,CA,SPA 7                                             ,0,4,069037,Yes,Current,,,0.0,0.0,35.0,0.0,0.0,0.0,0.0,35.0,0.0,0.0,0.0,No,Yes,No,No,No,No,No,No,Yes,No,No,No,No,No,No,No,No,No,No,No,No,No,No,No,No,No,Site-based - single site,No,No,No,No,No,No,No,No,No,No,No,No,No,No,No,No,No,No,35.0,0.0,,,0.0,37.0,35.0,1.0571428571428572,7,0,37.0,0.0,Shelter
2025.0,OPH,The Salvation Army,PBV Athens Vista,Los Angeles,CA,SPA 6                                             ,0,2,069037,Yes,Current,,,0.0,0.0,37.0,0.0,0.0,0.0,0.0,0.0,0.0,0.0,0.0,No,Yes,No,No,No,No,No,No,No,No,No,No,No,No,No,No,No,No,No,No,No,No,No,No,No,Yes,Site-based - single site,No,No,No,No,No,No,No,No,No,No,No,No,No,No,No,No,No,No,37.0,0.0,,,0.0,1.0,37.0,0.027027027027027,6,0,1.0,36.0,Permanent Housing
2025.0,PSH,The Salvation Army,Salvation Army Harding Apts (DHS),San Fernando,CA,SPA 2                                             ,0,3,069037,Yes,Current,,,0.0,0.0,11.0,0.0,0.0,0.0,0.0,0.0,0.0,0.0,0.0,No,Yes,No,No,No,No,No,No,No,No,No,No,No,No,No,No,No,No,No,No,No,No,No,No,No,Yes,Site-based - single site,No,No,No,No,No,No,No,No,No,No,No,No,No,No,No,No,No,No,11.0,0.0,,,0.0,9.0,11.0,0.8181818181818182,2,0,9.0,2.0,Permanent Housing
2025.0,RRH,The Salvation Army,SSVF RRH 20CA017,Los Angeles,CA,SPA 5                                             ,11,3,062118,Yes,Current,,,25.0,8.0,59.0,0.0,25.0,0.0,0.0,59.0,0.0,0.0,0.0,No,Yes,No,Yes,No,No,No,No,No,No,No,No,No,No,No,No,No,No,No,No,No,No,No,No,No,No,Tenant-based - scattered site,No,No,No,No,No,No,No,No,No,No,No,No,No,No,No,No,No,No,84.0,0.0,,,0.0,84.0,84.0,1.0,5,11,84.0,0.0,Permanent Housing
2025.0,TH,The Salvation Army,The Way In Youth Transitional Housing,Los Angeles,CA,SPA 4                                             ,13,3,062118,Yes,Current,,,0.0,0.0,24.0,0.0,0.0,0.0,0.0,0.0,24.0,0.0,0.0,No,Yes,No,No,No,No,No,No,No,No,No,No,No,No,No,No,No,No,No,No,No,No,No,No,No,Yes,Site-based - clustered / multiple sites,No,No,No,No,No,No,No,No,No,No,No,No,No,No,No,No,No,No,24.0,0.0,,,0.0,20.0,24.0,0.8333333333333334,4,13,20.0,4.0,Shelter
2025.0,ES,The Salvation Army,"Tiny Home Village Harbor Park ""Entry/Exit",Wilmington,CA,SPA 8                                             ,15,4,062118,Yes,Current,,,0.0,0.0,80.0,0.0,0.0,0.0,0.0,0.0,0.0,0.0,0.0,No,Yes,No,No,No,No,No,No,No,No,No,No,No,No,No,No,No,No,No,No,No,No,No,No,No,Yes,Site-based - single site,No,No,No,No,No,No,No,No,No,No,No,No,No,No,No,No,No,No,80.0,0.0,,,0.0,75.0,80.0,0.9375,8,15,75.0,5.0,Shelter
2025.0,RRH,The Salvation Army,TLS Adult SPA 3,El Monte,CA,SPA 3                                             ,0,1,061152,Yes,Current,,,0.0,0.0,20.0,0.0,0.0,0.0,0.0,0.0,0.0,0.0,0.0,No,Yes,No,No,No,No,No,No,No,No,No,No,No,No,No,No,No,No,No,No,No,No,No,No,No,Yes,Tenant-based - scattered site,No,No,No,No,No,No,No,No,No,No,No,No,No,No,No,No,No,No,20.0,0.0,,,0.0,20.0,20.0,1.0,3,0,20.0,0.0,Permanent Housing
2025.0,RRH,The Salvation Army,TLS Adult SPA 4,Los Angeles,CA,SPA 4                                             ,14,1,062118,Yes,Current,,,0.0,0.0,85.0,0.0,0.0,0.0,0.0,0.0,0.0,0.0,0.0,No,Yes,No,No,No,No,No,No,No,No,No,No,No,No,No,No,No,No,No,No,No,No,No,No,No,Yes,Tenant-based - scattered site,No,No,No,No,No,No,No,No,No,No,No,No,No,No,No,No,No,No,85.0,0.0,,,0.0,85.0,85.0,1.0,4,14,85.0,0.0,Permanent Housing
2025.0,RRH,The Salvation Army,TLS Adult SPA 7,Signal Hill,CA,SPA 7                                             ,0,4,069037,Yes,Current,,,0.0,0.0,25.0,0.0,0.0,0.0,0.0,0.0,0.0,0.0,0.0,No,Yes,No,No,No,No,No,No,No,No,No,No,No,No,No,No,No,No,No,No,No,No,No,No,No,Yes,Tenant-based - scattered site,No,No,No,No,No,No,No,No,No,No,No,No,No,No,No,No,No,No,25.0,0.0,,,0.0,25.0,25.0,1.0,7,0,25.0,0.0,Permanent Housing
2025.0,RRH,The Salvation Army,TLS Adult SPA 8,Inglewood,CA,SPA 8                                             ,0,2,061740,Yes,Current,,,0.0,0.0,72.0,0.0,0.0,0.0,0.0,0.0,0.0,0.0,0.0,No,Yes,No,No,No,No,No,No,No,No,No,No,No,No,No,No,No,No,No,No,No,No,No,No,No,Yes,Tenant-based - scattered site,No,No,No,No,No,No,No,No,No,No,No,No,No,No,No,No,No,No,72.0,0.0,,,0.0,72.0,72.0,1.0,8,0,72.0,0.0,Permanent Housing
2025.0,RRH,The Salvation Army,TLS Shallow Subsidy Rental Assistance,Los Angeles,CA,SPA 4                                             ,14,1,062118,Yes,Current,,,641.0,181.0,194.0,0.0,0.0,0.0,0.0,0.0,0.0,0.0,0.0,No,Yes,No,No,No,No,No,No,No,No,No,No,No,No,No,No,No,No,No,No,No,No,No,No,No,Yes,Tenant-based - scattered site,No,No,No,No,No,No,No,No,No,No,No,No,No,No,No,No,No,No,835.0,0.0,,,0.0,835.0,835.0,1.0,4,14,835.0,0.0,Permanent Housing
2025.0,ES,The Salvation Army,"TSA FSC Westwood Transitional Village Crisis Housing ""Entry/Exit",Los Angeles,CA,SPA 5                                             ,5,3,062118,Yes,Current,,,116.0,29.0,0.0,0.0,0.0,0.0,0.0,0.0,0.0,0.0,0.0,No,Yes,No,No,No,No,No,No,No,No,No,No,No,No,No,No,No,No,No,No,No,No,No,No,No,Yes,Site-based - single site,No,No,No,No,No,No,No,No,No,No,No,No,No,No,No,No,No,No,116.0,0.0,,,0.0,93.0,116.0,0.8017241379310345,5,5,93.0,23.0,Shelter
2025.0,ES,The Salvation Army,"TSA FSC Whittier Crisis Housing ""Entry/Exit",Whittier,CA,SPA 7                                             ,0,4,064074,Yes,Current,,,10.0,5.0,0.0,0.0,0.0,0.0,0.0,0.0,0.0,0.0,0.0,No,Yes,No,No,No,No,No,No,No,No,No,No,No,No,No,No,No,No,No,No,No,No,No,No,No,Yes,Site-based - single site,No,No,No,No,No,No,No,No,No,No,No,No,No,No,No,No,No,No,10.0,0.0,,,0.0,8.0,10.0,0.8,7,0,8.0,2.0,Shelter
2025.0,ES,The Salvation Army,"TSA FSC Zahn Memorial Center Crisis Housing ""Entry/Exit",Los Angeles,CA,SPA 4                                             ,14,1,062118,Yes,Current,,,24.0,8.0,0.0,0.0,0.0,0.0,0.0,0.0,0.0,0.0,0.0,No,Yes,No,No,No,No,No,No,No,No,No,No,No,No,No,No,No,No,No,No,No,No,No,No,No,Yes,Site-based - single site,No,No,No,No,No,No,No,No,No,No,No,No,No,No,No,No,No,No,24.0,0.0,,,0.0,20.0,24.0,0.8333333333333334,4,14,20.0,4.0,Shelter
2025.0,TH,The Salvation Army,VA Transitional Housing Westwood,Los Angeles,CA,SPA 5                                             ,5,3,062118,Yes,Current,,,20.0,10.0,0.0,0.0,20.0,0.0,0.0,0.0,0.0,0.0,0.0,No,No,No,No,No,No,No,No,No,No,No,No,No,No,No,No,No,No,No,No,No,No,No,No,No,No,Site-based - single site,Yes,No,No,No,No,No,Yes,No,No,No,No,No,No,No,No,No,No,No,20.0,0.0,,,0.0,14.0,20.0,0.7,5,5,14.0,6.0,Shelter
2025.0,TH,The Salvation Army,Wellness Center Transitional Housing,Bell,CA,SPA 7                                             ,0,4,069037,Yes,Current,,,0.0,0.0,38.0,0.0,0.0,0.0,0.0,38.0,0.0,0.0,0.0,No,Yes,No,No,No,No,No,Yes,No,No,No,No,No,No,No,No,No,No,No,No,No,No,No,No,No,No,Site-based - single site,No,No,No,No,No,No,No,No,No,No,No,No,No,No,No,No,No,No,38.0,0.0,,,0.0,31.0,38.0,0.8157894736842105,7,0,31.0,7.0,Shelter
2025.0,ES,The Village Family Services,"CES Bridge Housing Program Hope of the Valley ""Entry/Exit",Burbank,CA,SPA 2                                             ,0,5,060456,Yes,Current,,,0.0,0.0,20.0,0.0,0.0,0.0,0.0,0.0,20.0,0.0,0.0,No,Yes,No,No,No,No,No,No,No,No,No,No,No,No,No,No,No,No,No,No,No,No,No,No,No,Yes,Site-based - single site,No,No,No,No,No,No,No,No,No,No,No,No,No,No,No,No,No,No,20.0,0.0,,,0.0,20.0,20.0,1.0,2,0,20.0,0.0,Shelter
2025.0,TH,The Village Family Services,CES Transitional Housing Program Hope of the Valley SPA 2,Burbank,CA,SPA 2                                             ,0,5,060456,Yes,Current,,,0.0,0.0,18.0,0.0,0.0,0.0,0.0,0.0,18.0,0.0,0.0,No,Yes,No,No,No,No,No,No,No,No,No,No,No,No,No,No,No,No,No,No,No,No,No,No,No,Yes,Site-based - single site,No,No,No,No,No,No,No,No,No,No,No,No,No,No,No,No,No,No,18.0,0.0,,,0.0,18.0,18.0,1.0,2,0,18.0,0.0,Shelter
2025.0,RRH,The Village Family Services,TLS Youth SPA 2,Los Angeles,CA,SPA 2                                             ,2,3,062118,Yes,Current,,,0.0,0.0,32.0,0.0,0.0,0.0,0.0,0.0,32.0,0.0,0.0,No,Yes,No,No,No,No,No,No,No,No,No,No,No,No,No,No,No,No,No,No,No,No,No,No,No,Yes,Tenant-based - scattered site,No,No,No,No,No,No,No,No,No,No,No,No,No,No,No,No,No,No,32.0,0.0,,,0.0,32.0,32.0,1.0,2,2,32.0,0.0,Permanent Housing
2025.0,RRH,The Village Family Services,YHDP TLS,Los Angeles,CA,SPA 2                                             ,2,3,062118,Yes,Current,,,0.0,0.0,18.0,0.0,0.0,0.0,0.0,0.0,0.0,0.0,0.0,No,Yes,No,No,No,No,No,No,No,No,No,No,No,No,No,No,No,No,No,No,No,No,No,No,No,Yes,Tenant-based - scattered site,Yes,No,No,No,No,No,No,No,No,No,No,No,No,No,Yes,No,No,No,18.0,0.0,,,0.0,18.0,18.0,1.0,2,2,18.0,0.0,Permanent Housing
2025.0,PSH,The Whole Child,CA0465 Shelter Plus Care,Downey,CA,SPA 7                                             ,0,4,061032,Yes,Current,,,508.0,123.0,96.0,0.0,0.0,0.0,0.0,0.0,0.0,0.0,0.0,No,No,No,No,No,No,No,No,No,No,No,No,No,No,No,No,No,No,No,No,No,No,No,No,No,No,Tenant-based - scattered site,No,No,No,No,No,No,No,No,No,No,No,No,No,No,No,No,No,No,604.0,0.0,,,0.0,549.0,604.0,0.9089403973509934,7,0,549.0,55.0,Permanent Housing
2025.0,RRH,The Whole Child,CDC Bringing Families Home SPA 3,Pomona,CA,SPA 3                                             ,0,1,062850,Yes,Current,,,18.0,6.0,0.0,0.0,0.0,0.0,0.0,0.0,0.0,0.0,0.0,No,Yes,No,No,No,No,No,No,No,No,No,No,No,No,No,No,No,No,No,No,No,No,No,No,No,Yes,Tenant-based - scattered site,No,No,No,No,No,No,No,No,No,No,No,No,No,No,No,No,No,No,18.0,0.0,,,0.0,18.0,18.0,1.0,3,0,18.0,0.0,Permanent Housing
2025.0,RRH,The Whole Child,CDC Bringing Families Home SPA 7,Downey,CA,SPA 7                                             ,0,4,061032,Yes,Current,,,66.0,19.0,0.0,0.0,0.0,0.0,0.0,0.0,0.0,0.0,0.0,No,Yes,No,No,No,No,No,No,No,No,No,No,No,No,No,No,No,No,No,No,No,No,No,No,No,Yes,Tenant-based - scattered site,No,No,No,No,No,No,No,No,No,No,No,No,No,No,No,No,No,No,66.0,0.0,,,0.0,66.0,66.0,1.0,7,0,66.0,0.0,Permanent Housing
2025.0,RRH,The Whole Child,TLS FSC SPA 7,Santa Fe Springs,CA,SPA 7                                             ,0,4,069037,Yes,Current,,,436.0,129.0,10.0,0.0,0.0,0.0,0.0,0.0,0.0,0.0,0.0,No,Yes,No,No,No,No,No,No,No,No,No,No,No,No,No,No,No,No,No,No,No,No,No,No,No,Yes,Tenant-based - scattered site,No,No,No,No,No,No,No,No,No,No,No,No,No,No,No,No,No,No,446.0,0.0,,,0.0,446.0,446.0,1.0,7,0,446.0,0.0,Permanent Housing
2025.0,RRH,The Whole Child,TLS Shallow Subsidy SPA 3,Pomona,CA,SPA 3                                             ,0,1,062850,Yes,Current,,,27.0,7.0,4.0,0.0,0.0,0.0,0.0,0.0,0.0,0.0,0.0,No,Yes,No,No,No,No,No,No,No,No,No,No,No,No,No,No,No,No,No,No,No,No,No,No,No,Yes,Tenant-based - scattered site,No,No,No,No,No,No,No,No,No,No,No,No,No,No,No,No,No,No,31.0,0.0,,,0.0,31.0,31.0,1.0,3,0,31.0,0.0,Permanent Housing
2025.0,RRH,The Whole Child,TLS Shallow Subsidy SPA 7,Downey,CA,SPA 7                                             ,0,4,061032,Yes,Current,,,65.0,18.0,10.0,0.0,0.0,0.0,0.0,0.0,0.0,0.0,0.0,No,Yes,No,No,No,No,No,No,No,No,No,No,No,No,No,No,No,No,No,No,No,No,No,No,No,Yes,Tenant-based - scattered site,No,No,No,No,No,No,No,No,No,No,No,No,No,No,No,No,No,No,75.0,0.0,,,0.0,75.0,75.0,1.0,7,0,75.0,0.0,Permanent Housing
2025.0,RRH,The Whole Child,TWC Downey Rapid Re-Housing,Downey,CA,SPA 7                                             ,0,4,061032,Yes,Current,,,8.0,3.0,0.0,0.0,0.0,0.0,0.0,0.0,0.0,0.0,0.0,No,No,No,No,No,No,No,No,No,No,No,No,No,No,No,No,No,No,No,No,No,No,No,No,No,No,Tenant-based - scattered site,No,No,No,No,No,No,No,No,No,No,No,No,No,No,No,No,No,No,8.0,0.0,,,0.0,8.0,8.0,1.0,7,0,8.0,0.0,Permanent Housing
2025.0,RRH,The Whole Child,TWC Downey Rental Assistance,Downey,CA,SPA 7                                             ,0,4,061032,Yes,Current,,,0.0,0.0,0.0,0.0,0.0,0.0,0.0,0.0,0.0,0.0,0.0,No,No,No,No,No,No,No,No,No,No,No,No,No,No,No,No,No,No,No,No,No,No,No,No,No,No,Tenant-based - scattered site,No,No,No,No,No,No,No,No,No,No,No,No,No,No,No,No,No,No,0.0,0.0,,,0.0,0.0,0.0,0.0,7,0,0.0,0.0,Permanent Housing
2025.0,ES,The Whole Child,"TWC FSC Crisis Housing ""Entry/Exit",Los Angeles,CA,SPA 4                                             ,14,1,062118,Yes,Current,,,30.0,6.0,0.0,0.0,0.0,0.0,0.0,0.0,0.0,0.0,0.0,No,Yes,No,No,No,No,No,No,No,No,No,No,No,No,No,No,No,No,No,No,No,No,No,No,No,Yes,Site-based - single site,No,No,No,No,No,No,No,No,No,No,No,No,No,No,No,No,No,No,30.0,0.0,,,0.0,26.0,30.0,0.8666666666666667,4,14,26.0,4.0,Shelter
2025.0,ES,The Whole Child,TWC FSC Crisis Housing Motel/Hotel Vouchers 2,Whittier,CA,SPA 7                                             ,0,4,064074,Yes,Current,,,9.0,4.0,0.0,0.0,0.0,0.0,0.0,0.0,0.0,0.0,0.0,No,Yes,No,No,No,No,No,No,No,No,No,No,No,No,No,No,No,No,No,No,No,No,No,No,No,Yes,Tenant-based - scattered site,No,No,No,No,No,No,No,No,No,No,No,No,No,No,No,No,No,No,9.0,0.0,,,0.0,9.0,9.0,1.0,7,0,9.0,0.0,Shelter
2025.0,ES,The Whole Child,"TWC FSC Crisis Housing Safe Families ""Entry/Exit",Los Angeles,CA,SPA 4                                             ,13,1,062118,Yes,Current,,,88.0,44.0,0.0,0.0,0.0,0.0,0.0,0.0,0.0,0.0,0.0,No,Yes,No,No,No,No,No,No,No,No,No,No,No,No,No,No,No,No,No,No,No,No,No,No,No,Yes,Site-based - single site,No,No,No,No,No,No,No,No,No,No,No,No,No,No,No,No,No,No,88.0,0.0,,,0.0,48.0,88.0,0.5454545454545454,4,13,48.0,40.0,Shelter
2025.0,ES,The Whole Child,TWC FSC Crisis Housing Safe Families (SFS),Santa Fe Springs,CA,SPA 7                                             ,0,4,069037,Yes,Current,,,80.0,40.0,0.0,0.0,0.0,0.0,0.0,0.0,0.0,0.0,0.0,No,Yes,No,No,No,No,No,No,No,No,No,No,No,No,No,No,No,No,No,No,No,No,No,No,No,Yes,Site-based - single site,No,No,No,No,No,No,No,No,No,No,No,No,No,No,No,No,No,No,80.0,0.0,,,0.0,29.0,80.0,0.3625,7,0,29.0,51.0,Shelter
2025.0,PSH,Thomas Safran and Associates,VASH Building 207,Los Angeles,CA,SPA 5                                             ,0,3,062118,No,Current,,,0.0,0.0,59.0,0.0,0.0,0.0,0.0,59.0,0.0,0.0,0.0,No,Yes,Yes,No,No,No,No,No,No,No,No,No,No,No,No,No,No,No,No,No,No,No,No,No,No,No,Site-based - single site,No,No,No,No,No,No,No,No,No,No,No,No,No,No,No,No,No,No,59.0,0.0,,,0.0,55.0,59.0,0.93,5,0,55.0,4.0,Permanent Housing
2025.0,PSH,Tri-City Mental Health Center,HACoLA Shelter Plus Care,Pomona,CA,SPA 3                                             ,0,1,062850,Yes,Current,,,0.0,0.0,12.0,0.0,0.0,0.0,0.0,0.0,0.0,12.0,0.0,No,No,No,No,No,No,No,No,No,No,No,No,No,No,No,No,No,No,No,No,No,No,No,No,No,No,Tenant-based - scattered site,Yes,No,No,No,No,No,No,Yes,No,No,No,No,No,No,No,No,No,No,12.0,0.0,,,0.0,8.0,12.0,0.6666666666666666,3,0,8.0,4.0,Permanent Housing
2025.0,RRH,"Turning Point Alcohol & Drug Education Program, Inc.",TLS Adult SPA 4,Los Angeles,CA,SPA 4                                             ,4,5,062118,Yes,Current,,,0.0,0.0,38.0,0.0,0.0,0.0,0.0,0.0,0.0,0.0,0.0,No,Yes,No,No,No,No,No,No,No,No,No,No,No,No,No,No,No,No,No,No,No,No,No,No,No,Yes,Tenant-based - scattered site,No,No,No,No,No,No,No,No,No,No,No,No,No,No,No,No,No,No,38.0,0.0,,,0.0,38.0,38.0,1.0,4,4,38.0,0.0,Permanent Housing
2025.0,PSH,"Turning Point Alcohol & Drug Education Program, Inc.",Turning Point LA Care DHS (H4HC),Los Angeles,CA,SPA 6                                             ,8,2,062118,Yes,Current,,,0.0,0.0,20.0,0.0,0.0,0.0,0.0,0.0,0.0,0.0,0.0,No,Yes,No,No,No,No,No,No,No,No,No,No,No,No,No,No,No,No,No,No,No,No,No,No,No,Yes,Tenant-based - scattered site,No,No,No,No,No,No,No,No,No,No,No,No,No,No,No,No,No,No,20.0,0.0,,,0.0,23.0,20.0,1.15,6,8,23.0,0.0,Permanent Housing
2025.0,PSH,U.S. Department of Veterans Affairs,VASH - HACLA,Los Angeles,CA,SPA 4                                             ,1,1,062118,No,Current,,,456.0,157.0,1961.0,0.0,456.0,0.0,0.0,1961.0,0.0,0.0,0.0,No,Yes,Yes,No,No,No,No,No,No,No,No,No,No,No,No,No,No,No,No,No,No,No,No,No,No,No,Tenant-based - scattered site,No,No,No,No,No,No,No,No,No,No,No,No,No,No,No,No,No,No,2417.0,0.0,,,0.0,515.0,2417.0,0.2130740587505171,4,1,515.0,1902.0,Permanent Housing
2025.0,PSH,U.S. Department of Veterans Affairs,VASH - LACDA,Alhambra,CA,SPA 3                                             ,0,1,060030,No,Current,,,1190.0,423.0,2508.0,0.0,1190.0,0.0,0.0,2508.0,0.0,0.0,0.0,No,Yes,Yes,No,No,No,No,No,No,No,No,No,No,No,No,No,No,No,No,No,No,No,No,No,No,No,Tenant-based - scattered site,No,No,No,No,No,No,No,No,No,No,No,No,No,No,No,No,No,No,2223.0,0.0,,,0.0,2110.0,3698.0,0.5705786911844241,3,0,2110.0,1588.0,Permanent Housing
2025.0,RRH,Union Station Homeless Services,CDC Bringing Families Home SPA 3,Los Angeles,CA,SPA 4                                             ,0,5,062118,Yes,Current,,,7.0,1.0,0.0,0.0,0.0,0.0,0.0,0.0,0.0,0.0,0.0,No,Yes,No,No,No,No,No,No,No,No,No,No,No,No,No,No,No,No,No,No,No,No,No,No,No,Yes,Tenant-based - scattered site,No,No,No,No,No,No,No,No,No,No,No,No,No,No,No,No,No,No,7.0,0.0,,,0.0,7.0,7.0,1.0,4,0,7.0,0.0,Permanent Housing
2025.0,ES,Union Station Homeless Services,FSC TLS Motel Vouchers SPA 3,Altadena,CA,SPA 3                                             ,0,5,069037,Yes,Current,,,139.0,39.0,0.0,0.0,0.0,0.0,0.0,0.0,0.0,0.0,0.0,No,Yes,No,No,No,No,No,No,No,No,No,No,No,No,No,No,No,No,No,No,No,No,No,No,No,Yes,Tenant-based - scattered site,No,No,No,No,No,No,No,No,No,No,No,No,No,No,No,No,No,No,139.0,0.0,,,0.0,139.0,139.0,1.0,3,0,139.0,0.0,Shelter
2025.0,ES,Union Station Homeless Services,Pathway Home,El Monte,CA,SPA 3                                             ,0,1,069037,Yes,Current,,,0.0,0.0,84.0,0.0,0.0,0.0,0.0,0.0,0.0,0.0,0.0,No,Yes,No,No,No,No,No,No,No,No,No,No,No,No,No,No,No,No,No,No,No,No,No,No,No,Yes,Site-based - clustered / multiple sites,No,No,No,No,No,No,No,No,No,No,No,No,No,No,No,No,No,No,84.0,0.0,,,0.0,71.0,84.0,0.8452380952380952,3,0,71.0,13.0,Shelter
2025.0,ES,Union Station Homeless Services,"PHK CITY Casa Luna ""Entry/Exit",Los Angeles,CA,SPA 4                                             ,14,1,062118,Yes,Current,,,0.0,0.0,47.0,0.0,0.0,0.0,0.0,0.0,0.0,0.0,0.0,No,Yes,No,No,No,No,No,No,No,No,No,No,No,No,No,No,No,No,No,No,No,No,No,No,No,Yes,Site-based - single site,Yes,No,No,Yes,No,No,No,No,No,No,No,No,No,No,No,No,No,No,47.0,0.0,,,0.0,48.0,47.0,1.0212765957446808,4,14,48.0,0.0,Shelter
2025.0,ES,Union Station Homeless Services,"PHK CITY Huntington Villas ""Entry/Exit",Los Angeles,CA,SPA 4                                             ,14,1,062118,Yes,Current,,,0.0,0.0,52.0,0.0,0.0,0.0,0.0,0.0,0.0,0.0,0.0,No,Yes,No,No,No,No,No,No,No,No,No,No,No,No,No,No,No,No,No,No,No,No,No,No,No,Yes,Site-based - single site,No,No,No,No,No,No,No,No,No,No,No,No,No,No,No,No,No,No,52.0,0.0,,,0.0,48.0,52.0,0.9230769230769232,4,14,48.0,4.0,Shelter
2025.0,RRH,Union Station Homeless Services,SUNOFO TLS Adult SPA 3,Altadena,CA,SPA 3                                             ,0,5,069037,Yes,Current,,,0.0,0.0,0.0,0.0,0.0,0.0,0.0,0.0,0.0,0.0,0.0,No,Yes,No,No,No,No,No,No,No,No,No,No,No,No,No,No,No,No,No,No,No,No,No,No,No,Yes,Tenant-based - scattered site,Yes,No,No,No,No,No,No,No,No,No,No,No,No,No,No,No,Yes,No,0.0,0.0,,,0.0,0.0,0.0,0.0,3,0,0.0,0.0,Permanent Housing
2025.0,ES,Union Station Homeless Services,"Tiny Home Village Eagle Rock ""Entry/Exit",Los Angeles,CA,SPA 4                                             ,14,1,062118,Yes,Current,,,0.0,0.0,46.0,0.0,0.0,0.0,0.0,0.0,0.0,0.0,0.0,No,Yes,No,No,No,No,No,No,No,No,No,No,No,No,No,No,No,No,No,No,No,No,No,No,No,Yes,Site-based - single site,No,No,No,No,No,No,No,No,No,No,No,No,No,No,No,No,No,No,46.0,0.0,,,0.0,42.0,46.0,0.9130434782608696,4,14,42.0,4.0,Shelter
2025.0,RRH,Union Station Homeless Services,TLS Adult SPA 3,Altadena,CA,SPA 3                                             ,0,5,069037,Yes,Current,,,0.0,0.0,162.0,0.0,0.0,0.0,0.0,0.0,0.0,0.0,0.0,No,Yes,No,No,No,No,No,No,No,No,No,No,No,No,No,No,No,No,No,No,No,No,No,No,No,Yes,Tenant-based - scattered site,No,No,No,No,No,No,No,No,No,No,No,No,No,No,No,No,No,No,162.0,0.0,,,0.0,162.0,162.0,1.0,3,0,162.0,0.0,Permanent Housing
2025.0,RRH,Union Station Homeless Services,TLS FSC SPA 3,Altadena,CA,SPA 3                                             ,0,5,069037,Yes,Current,,,226.0,70.0,7.0,12.0,0.0,0.0,0.0,0.0,0.0,0.0,0.0,No,Yes,No,No,No,No,No,No,No,No,No,No,No,No,No,No,No,No,No,No,No,No,No,No,No,Yes,Tenant-based - scattered site,No,No,No,No,No,No,No,No,No,No,No,No,No,No,No,No,No,No,245.0,0.0,,,0.0,245.0,245.0,1.0,3,0,245.0,0.0,Permanent Housing
2025.0,RRH,Union Station Homeless Services,TLS Pathway Home Pomona,Irwindale,CA,SPA 3                                             ,0,1,069037,Yes,Current,,,0.0,0.0,13.0,0.0,0.0,0.0,0.0,0.0,0.0,0.0,0.0,No,Yes,No,No,No,No,No,No,No,No,No,No,No,No,No,No,No,No,No,No,No,No,No,No,No,Yes,Tenant-based - scattered site,No,No,No,No,No,No,No,No,No,No,No,No,No,No,No,No,No,No,13.0,0.0,,,0.0,13.0,13.0,1.0,3,0,13.0,0.0,Permanent Housing
2025.0,RRH,Union Station Homeless Services,TLS Pathway Home Santa Fe,El Monte,CA,SPA 3                                             ,0,1,061152,Yes,Current,,,0.0,0.0,15.0,0.0,0.0,0.0,0.0,0.0,0.0,0.0,0.0,No,Yes,No,No,No,No,No,No,No,No,No,No,No,No,No,No,No,No,No,No,No,No,No,No,No,Yes,Tenant-based - scattered site,No,No,No,No,No,No,No,No,No,No,No,No,No,No,No,No,No,No,15.0,0.0,,,0.0,15.0,15.0,1.0,3,0,15.0,0.0,Permanent Housing
2025.0,PSH,Union Station Homeless Services,USH DHS ICMS LACDA EHV (D7),Altadena,CA,SPA 3                                             ,0,5,069037,Yes,Current,,,6.0,2.0,8.0,0.0,0.0,0.0,0.0,0.0,0.0,0.0,0.0,No,Yes,No,No,No,No,No,No,No,No,No,No,No,No,No,No,No,No,No,No,No,No,No,No,No,Yes,Tenant-based - scattered site,No,No,No,No,No,No,No,No,No,No,No,No,No,No,No,No,No,No,14.0,0.0,,,0.0,2.0,14.0,0.1428571428571428,3,0,2.0,12.0,Permanent Housing
2025.0,ES,Union Station Homeless Services,USHS FSC Crisis Housing Vouchers,Los Angeles,CA,SPA 4                                            ,14,1,062118,Yes,Current,,,139.0,39.0,0.0,0.0,0.0,0.0,0.0,0.0,0.0,0.0,0.0,No,No,No,No,No,No,No,No,No,No,No,No,No,No,No,No,No,No,No,No,No,No,No,No,No,No,Tenant-based - scattered site,No,No,No,No,No,No,No,No,No,No,No,No,No,No,No,No,No,No,139.0,0.0,,,0.0,139.0,139.0,1.0,4,14,139.0,0.0,Shelter
2025.0,PSH,Union Station Homeless Services,USHS Housing For Health,Duarte,CA,SPA 3                                             ,0,5,069037,Yes,Current,,,0.0,0.0,326.0,0.0,0.0,0.0,0.0,0.0,0.0,0.0,0.0,No,No,No,No,No,No,No,No,No,No,No,No,No,No,No,No,No,No,No,No,No,No,No,No,No,No,Tenant-based - scattered site,No,No,No,No,No,No,No,No,No,No,No,No,No,No,No,No,No,No,326.0,0.0,,,0.0,261.0,326.0,0.8006134969325154,3,0,261.0,65.0,Permanent Housing
2025.0,PSH,Union Station Homeless Services,USHS SPA 3 Scattered Site PSH LACDA 1,Duarte,CA,SPA 3                                             ,0,5,069037,Yes,Current,,,0.0,0.0,56.0,0.0,0.0,0.0,0.0,0.0,0.0,0.0,0.0,No,No,No,No,No,No,No,No,No,No,No,No,No,No,No,No,No,No,No,No,No,No,No,No,No,No,Tenant-based - scattered site,Yes,No,No,No,No,No,No,Yes,No,No,No,No,No,No,No,No,No,No,56.0,0.0,,,0.0,45.0,56.0,0.8035714285714286,3,0,45.0,11.0,Permanent Housing
2025.0,PSH,Union Station Homeless Services,USHS SPA 3 Scattered Site PSH LACDA 2,Duarte,CA,SPA 3                                             ,0,5,069037,Yes,Current,,,0.0,0.0,54.0,0.0,0.0,0.0,0.0,0.0,0.0,0.0,0.0,No,No,No,No,No,No,No,No,No,No,No,No,No,No,No,No,No,No,No,No,No,No,No,No,No,No,Tenant-based - scattered site,Yes,No,No,No,No,No,No,Yes,No,No,No,No,No,No,No,No,No,No,54.0,0.0,,,0.0,52.0,54.0,0.9629629629629628,3,0,52.0,2.0,Permanent Housing
2025.0,ES,Union Station Homeless Services,Winter Shelter Program SPA 3,El Monte,CA,SPA 3                                             ,0,1,061152,Yes,Current,,,0.0,0.0,40.0,0.0,0.0,0.0,0.0,0.0,0.0,0.0,0.0,No,Yes,No,No,No,No,No,No,No,No,No,No,No,No,No,No,No,No,No,No,No,No,No,No,No,Yes,Site-based - single site,No,No,No,No,No,No,No,No,No,No,No,No,No,No,No,No,No,No,40.0,0.0,,,0.0,39.0,40.0,0.975,3,0,39.0,1.0,Shelter
2025.0,RRH,United American Indian Involvement (UAII),TLS Adult SPA 4,Los Angeles,CA,SPA 4                                             ,1,1,062118,Yes,Current,,,0.0,0.0,40.0,0.0,0.0,0.0,0.0,0.0,0.0,0.0,0.0,No,Yes,No,No,No,No,No,No,No,No,No,No,No,No,No,No,No,No,No,No,No,No,No,No,No,Yes,Tenant-based - scattered site,No,No,No,No,No,No,No,No,No,No,No,No,No,No,No,No,No,No,40.0,0.0,,,0.0,40.0,40.0,1.0,4,1,40.0,0.0,Permanent Housing
2025.0,TH,United Friends of the Children,CES Transitional Housing Youth Families SPA 5 (New),Los Angeles,CA,SPA 5                                             ,11,2,062118,Yes,Current,,,2.0,1.0,0.0,0.0,0.0,2.0,0.0,0.0,0.0,0.0,0.0,No,Yes,No,No,No,No,No,No,No,No,No,No,No,No,No,No,No,No,No,No,No,No,No,No,No,Yes,Site-based - clustered / multiple sites,No,No,No,No,No,No,No,No,No,No,No,No,No,No,No,No,No,No,2.0,0.0,,,0.0,2.0,2.0,1.0,5,11,2.0,0.0,Shelter
2025.0,TH,United Friends of the Children,CES Transitional Housing Youth Families SPA 7 (New),Whittier,CA,SPA 7                                             ,0,4,064074,Yes,Current,,,6.0,3.0,0.0,0.0,0.0,6.0,0.0,0.0,0.0,0.0,0.0,No,Yes,No,No,No,No,No,No,No,No,No,No,No,No,No,No,No,No,No,No,No,No,No,No,No,Yes,Site-based - clustered / multiple sites,No,No,No,No,No,No,No,No,No,No,No,No,No,No,No,No,No,No,6.0,0.0,,,0.0,6.0,6.0,1.0,7,0,6.0,0.0,Shelter
2025.0,TH,United Friends of the Children,CES Transitional Housing Youth SPA 5 (New),Los Angeles,CA,SPA 5                                             ,11,2,062118,Yes,Current,,,0.0,0.0,6.0,0.0,0.0,0.0,0.0,0.0,6.0,0.0,0.0,No,Yes,No,No,No,No,No,No,No,No,No,No,No,No,No,No,No,No,No,No,No,No,No,No,No,Yes,Site-based - clustered / multiple sites,No,No,No,No,No,No,No,No,No,No,No,No,No,No,No,No,No,No,6.0,0.0,,,0.0,5.0,6.0,0.8333333333333334,5,11,5.0,1.0,Shelter
2025.0,TH,United Friends of the Children,CES Transitional Housing Youth SPA 7 (New),Whittier,CA,SPA 7                                             ,0,1,064074,Yes,Current,,,0.0,0.0,59.0,0.0,0.0,0.0,0.0,0.0,59.0,0.0,0.0,No,Yes,No,No,No,No,No,No,No,No,No,No,No,No,No,No,No,No,No,No,No,No,No,No,No,Yes,Site-based - clustered / multiple sites,No,No,No,No,No,No,No,No,No,No,No,No,No,No,No,No,No,No,59.0,0.0,,,0.0,55.0,59.0,0.9322033898305084,7,0,55.0,4.0,Shelter
2025.0,TH,United Friends of the Children,CES Transitional Housing Youth SPA 8 (New),Los Angeles,CA,SPA 8                                             ,0,2,062118,Yes,Current,,,0.0,0.0,8.0,0.0,0.0,0.0,0.0,0.0,8.0,0.0,0.0,No,Yes,No,No,No,No,No,No,No,No,No,No,No,No,No,No,No,No,No,No,No,No,No,No,No,Yes,Site-based - clustered / multiple sites,No,No,No,No,No,No,No,No,No,No,No,No,No,No,No,No,No,No,8.0,0.0,,,0.0,7.0,8.0,0.875,8,0,7.0,1.0,Shelter
2025.0,ES,"United States Veterans Initiative, Inc.","A Bridge Home Eubank CD15 ""Entry/Exit",Wilmington,CA,SPA 8                                             ,15,4,062118,Yes,Current,,,0.0,0.0,100.0,0.0,0.0,0.0,0.0,0.0,0.0,0.0,0.0,No,Yes,No,No,No,No,No,No,No,No,No,No,No,No,No,No,No,No,No,No,No,No,No,No,No,Yes,Site-based - single site,No,No,No,No,No,No,No,No,No,No,No,No,No,No,No,No,No,No,100.0,0.0,,,0.0,95.0,100.0,0.95,8,15,95.0,5.0,Shelter
2025.0,ES,"United States Veterans Initiative, Inc.","B7 Bridge Housing Program ""Entry/Exit",Inglewood,CA,SPA 8                                             ,0,2,061740,Yes,Current,,,0.0,0.0,19.0,0.0,0.0,0.0,0.0,0.0,0.0,0.0,0.0,No,Yes,No,No,No,No,No,No,No,No,No,No,No,No,No,No,No,No,No,No,No,No,No,No,No,Yes,Site-based - single site,No,No,No,No,No,No,No,No,No,No,No,No,No,No,No,No,No,No,19.0,0.0,,,0.0,17.0,19.0,0.8947368421052632,8,0,17.0,2.0,Shelter
2025.0,TH,"United States Veterans Initiative, Inc.",CA0520 Veterans In Progress,Inglewood,CA,SPA 8                                             ,0,2,061740,Yes,Current,,,0.0,0.0,170.0,0.0,0.0,0.0,0.0,170.0,0.0,0.0,0.0,No,No,No,No,No,No,No,No,No,No,No,No,No,No,No,No,No,No,No,No,No,No,No,No,No,No,Site-based - single site,No,No,No,No,No,No,No,No,No,No,No,No,No,No,No,No,No,No,170.0,0.0,,,0.0,159.0,170.0,0.9352941176470588,8,0,159.0,11.0,Shelter
2025.0,ES,"United States Veterans Initiative, Inc.","CES Bridge Housing Program ""Entry/Exit",Inglewood,CA,SPA 8                                             ,0,2,061740,Yes,Current,,,0.0,0.0,7.0,0.0,0.0,0.0,0.0,0.0,0.0,0.0,0.0,No,Yes,No,No,No,No,No,No,No,No,No,No,No,No,No,No,No,No,No,No,No,No,No,No,No,Yes,Site-based - single site,No,No,No,No,No,No,No,No,No,No,No,No,No,No,No,No,No,No,7.0,0.0,,,0.0,7.0,7.0,1.0,8,0,7.0,0.0,Shelter
2025.0,ES,"United States Veterans Initiative, Inc.","CES Bridge Housing Program for Women ""Entry/Exit""",Long Beach,CA,SPA 8                                             ,0,4,062088,Yes,Current,,,0.0,0.0,15.0,0.0,0.0,0.0,0.0,0.0,0.0,0.0,0.0,No,No,No,No,No,No,No,No,No,No,No,No,No,No,No,No,No,No,No,No,No,No,No,No,No,No,Site-based - single site,No,No,No,No,No,No,No,No,No,No,No,No,No,No,No,No,No,No,15.0,0.0,,,0.0,14.0,15.0,0.9333333333333332,8,0,14.0,1.0,Shelter
2025.0,ES,"United States Veterans Initiative, Inc.","CES Crisis Housing Program ""Entry/Exit",Inglewood,CA,SPA 8                                             ,0,2,061740,Yes,Current,,,0.0,0.0,14.0,0.0,0.0,0.0,0.0,0.0,0.0,0.0,0.0,No,Yes,No,No,No,No,No,No,No,No,No,No,No,No,No,No,No,No,No,No,No,No,No,No,No,Yes,Site-based - single site,No,No,No,No,No,No,No,No,No,No,No,No,No,No,No,No,No,No,14.0,0.0,,,0.0,12.0,14.0,0.8571428571428571,8,0,12.0,2.0,Shelter
2025.0,ES,"United States Veterans Initiative, Inc.","CES Enhanced Bridge Housing for Older Adult ""Entry/Exit""",Los Angeles,CA,SPA 8                                             ,0,4,062088,Yes,Current,,,0.0,0.0,5.0,0.0,0.0,0.0,0.0,0.0,0.0,0.0,0.0,No,No,No,No,No,No,No,No,No,No,No,No,No,No,No,No,No,No,No,No,No,No,No,No,No,No,Site-based - single site,No,No,No,No,No,No,No,No,No,No,No,No,No,No,No,No,No,No,5.0,0.0,,,0.0,4.0,5.0,0.8,8,0,4.0,1.0,Shelter
2025.0,RRH,"United States Veterans Initiative, Inc.",SSVF RRH,Los Angeles,CA,SPA 4                                             ,0,5,062118,Yes,Current,,,19.0,4.0,21.0,0.0,19.0,0.0,0.0,21.0,0.0,0.0,0.0,No,Yes,No,Yes,No,No,No,No,No,No,No,No,No,No,No,No,No,No,No,No,No,No,No,No,No,No,Tenant-based - scattered site,No,No,No,No,No,No,No,No,No,No,No,No,No,No,No,No,No,No,40.0,0.0,,,0.0,40.0,40.0,1.0,4,0,40.0,0.0,Permanent Housing
2025.0,PSH,"United States Veterans Initiative, Inc.",West LA VA Campus - Bldg.207,Los Angeles,CA,SPA 5                                             ,0,3,069037,Yes,Current,,,0.0,0.0,26.0,0.0,0.0,0.0,0.0,26.0,0.0,0.0,0.0,No,Yes,No,No,No,No,No,No,No,No,No,No,No,No,No,No,No,No,No,No,No,No,No,No,No,Yes,Site-based - single site,No,No,No,No,No,No,No,No,No,No,No,No,No,No,No,No,No,No,26.0,0.0,,,0.0,1.0,26.0,0.0384615384615384,5,0,1.0,25.0,Permanent Housing
2025.0,TH,Upward Bound House,CA0518 Family Place Transitional SHP,Santa Monica,CA,SPA 5                                             ,0,3,063384,Yes,Current,,,46.0,23.0,0.0,0.0,0.0,0.0,0.0,0.0,0.0,0.0,0.0,No,No,No,No,No,No,No,No,No,No,No,No,No,No,No,No,No,No,No,No,No,No,No,No,No,No,Site-based - single site,No,No,No,No,No,No,No,No,No,No,No,No,No,No,No,No,No,No,46.0,0.0,,,0.0,18.0,46.0,0.391304347826087,5,0,18.0,28.0,Shelter
2025.0,RRH,Upward Bound House,CA1335 South Los Angeles Rapid Re-Housing,Compton,CA,SPA 6                                             ,0,2,060804,Yes,Current,,,144.0,48.0,1.0,0.0,0.0,0.0,0.0,0.0,0.0,0.0,0.0,No,Yes,No,No,No,No,No,No,No,No,No,No,No,No,No,No,No,No,No,No,No,No,No,No,No,Yes,Tenant-based - scattered site,No,No,No,No,No,No,No,No,No,No,No,No,No,No,No,No,No,No,145.0,0.0,,,0.0,145.0,145.0,1.0,6,0,145.0,0.0,Permanent Housing
2025.0,PSH,Upward Bound House,CA1500 Ruth's PSH Program,Culver City,CA,SPA 5                                             ,0,2,069037,Yes,Current,,,5.0,2.0,0.0,0.0,0.0,0.0,0.0,0.0,0.0,0.0,0.0,No,No,No,No,No,No,No,No,No,No,No,No,No,No,No,No,No,No,No,No,No,No,No,No,No,No,Tenant-based - scattered site,No,No,No,No,No,No,No,No,No,No,No,No,No,No,No,No,No,No,5.0,0.0,,,0.0,5.0,5.0,1.0,5,0,5.0,0.0,Permanent Housing
2025.0,RRH,Upward Bound House,CDC Bringing Families Home SPA 6,Los Angeles,CA,SPA 6                                             ,9,2,062118,Yes,Current,,,35.0,8.0,0.0,0.0,0.0,0.0,0.0,0.0,0.0,0.0,0.0,No,Yes,No,No,No,No,No,No,No,No,No,No,No,No,No,No,No,No,No,No,No,No,No,No,No,Yes,Tenant-based - scattered site,No,No,No,No,No,No,No,No,No,No,No,No,No,No,No,No,No,No,35.0,0.0,,,0.0,35.0,35.0,1.0,6,9,35.0,0.0,Permanent Housing
2025.0,RRH,Upward Bound House,CDC Bringing Families Home SPA 8,Los Angeles,CA,SPA 6                                             ,9,2,062118,Yes,Current,,,28.0,8.0,4.0,0.0,0.0,0.0,0.0,0.0,0.0,0.0,0.0,No,Yes,No,No,No,No,No,No,No,No,No,No,No,No,No,No,No,No,No,No,No,No,No,No,No,Yes,Tenant-based - scattered site,No,No,No,No,No,No,No,No,No,No,No,No,No,No,No,No,No,No,32.0,0.0,,,0.0,32.0,32.0,1.0,6,9,32.0,0.0,Permanent Housing
2025.0,TH,Upward Bound House,CES Transitional Housing Program SPA 6,Compton,CA,SPA 6                                             ,8,2,060804,Yes,Current,,,18.0,9.0,0.0,0.0,0.0,18.0,0.0,0.0,0.0,0.0,0.0,No,No,No,No,No,No,No,No,No,No,No,No,No,No,No,No,No,No,No,No,No,No,No,No,No,No,Site-based - single site,No,No,No,No,No,No,No,No,No,No,No,No,No,No,No,No,No,No,18.0,0.0,,,0.0,12.0,18.0,0.6666666666666666,6,8,12.0,6.0,Shelter
2025.0,ES,Upward Bound House,LA County Emergency Shelter,Culver City,CA,SPA 5                                             ,0,2,069037,Yes,Current,,,20.0,10.0,0.0,0.0,0.0,0.0,0.0,0.0,0.0,0.0,0.0,No,No,No,No,No,No,No,No,No,No,No,No,No,No,No,No,No,No,No,No,No,No,No,No,No,No,Site-based - single site,No,No,No,No,No,No,No,No,No,No,No,No,No,No,No,No,No,No,20.0,0.0,,,0.0,14.0,20.0,0.7,5,0,14.0,6.0,Shelter
2025.0,TH,Upward Bound House,Transitional Housing Bright Futures Youth SPA 6,Los Angeles,CA,SPA 6                                             ,9,2,062118,Yes,Current,,,10.0,5.0,0.0,0.0,0.0,10.0,0.0,0.0,0.0,0.0,0.0,No,No,No,No,No,No,No,No,No,No,No,No,No,No,No,No,No,No,No,No,No,No,No,No,No,No,Site-based - single site,No,No,No,No,No,No,No,No,No,No,No,No,No,No,No,No,No,No,10.0,0.0,,,0.0,2.0,10.0,0.2,6,9,2.0,8.0,Shelter
2025.0,ES,Upward Bound House,"UBH FSC Crisis Housing SPA 5 ""Entry/Exit",Culver City,CA,SPA 5                                             ,0,2,069037,Yes,Current,,,16.0,8.0,0.0,0.0,0.0,0.0,0.0,0.0,0.0,0.0,0.0,No,Yes,No,No,No,No,No,No,No,No,No,No,No,No,No,No,No,No,No,No,No,No,No,No,No,Yes,Site-based - single site,No,No,No,No,No,No,No,No,No,No,No,No,No,No,No,No,No,No,16.0,0.0,,,0.0,26.0,16.0,1.625,5,0,26.0,0.0,Shelter
2025.0,ES,Upward Bound House,"UBH FSC Crisis Housing SPA 6 ""Entry/Exit",Los Angeles,CA,SPA 6                                             ,0,0,062118,Yes,Current,,,72.0,36.0,0.0,0.0,0.0,0.0,0.0,0.0,0.0,0.0,0.0,No,Yes,No,No,No,No,No,No,No,No,No,No,No,No,No,No,No,No,No,No,No,No,No,No,No,Yes,Site-based - clustered / multiple sites,No,No,No,No,No,No,No,No,No,No,No,No,No,No,No,No,No,No,72.0,0.0,,,0.0,50.0,72.0,0.6944444444444444,6,0,50.0,22.0,Shelter
2025.0,TH,Upward Bound House,YHDP TH-Joint Component,Los Angeles,CA,SPA 4                                             ,8,2,062118,Yes,Current,,,18.0,9.0,0.0,0.0,0.0,18.0,0.0,0.0,0.0,0.0,0.0,No,Yes,No,No,No,No,No,No,No,No,No,No,No,No,No,No,No,No,No,No,No,No,No,No,No,Yes,Site-based - single site,Yes,No,No,No,No,No,No,No,No,No,Yes,No,No,No,Yes,No,No,No,18.0,0.0,,,0.0,19.0,18.0,1.0555555555555556,4,8,19.0,0.0,Shelter
2025.0,RRH,Upward Bound House,YHDP TLS,Los Angeles,CA,SPA 5                                             ,0,2,069037,Yes,Current,,,18.0,5.0,2.0,0.0,0.0,0.0,0.0,0.0,0.0,0.0,0.0,No,Yes,No,No,No,No,No,No,No,No,No,No,No,No,No,No,No,No,No,No,No,No,No,No,No,Yes,Tenant-based - scattered site,Yes,No,No,No,No,No,No,No,No,No,No,No,No,No,Yes,No,No,No,20.0,0.0,,,0.0,20.0,20.0,1.0,5,0,20.0,0.0,Permanent Housing
2025.0,RRH,Upward Bound House,YHDP TLS-Joint Component,Los Angeles,CA,SPA 5                                             ,0,2,069037,Yes,Current,,,49.0,12.0,1.0,0.0,0.0,0.0,0.0,0.0,0.0,0.0,0.0,No,Yes,No,No,No,No,No,No,No,No,No,No,No,No,No,No,No,No,No,No,No,No,No,No,No,Yes,Tenant-based - scattered site,Yes,No,No,No,No,No,No,No,No,No,Yes,No,No,No,Yes,No,No,No,50.0,0.0,,,0.0,50.0,50.0,1.0,5,0,50.0,0.0,Permanent Housing
2025.0,ES,Urban Alchemy,Tiny Home Village Westlake,Los Angeles,CA,SPA 4                                             ,13,1,062118,Yes,Current,,,0.0,0.0,110.0,0.0,0.0,0.0,0.0,0.0,0.0,0.0,0.0,No,Yes,No,No,No,No,No,No,No,No,No,No,No,No,No,No,No,No,No,No,No,No,No,No,No,Yes,Site-based - single site,No,No,No,No,No,No,No,No,No,No,No,No,No,No,No,No,No,No,110.0,0.0,,,0.0,97.0,110.0,0.8818181818181818,4,13,97.0,13.0,Shelter
2025.0,ES,Valley Oasis,"AVD FSC Crisis Housing ""Entry/Exit",Palmdale,CA,SPA 1                                             ,0,5,062658,Yes,Current,,,26.0,13.0,0.0,0.0,0.0,0.0,0.0,0.0,0.0,0.0,0.0,No,Yes,No,No,No,No,No,No,No,No,No,No,No,No,No,No,No,No,No,No,No,No,No,No,No,Yes,Site-based - single site,No,No,No,No,No,No,No,No,No,No,No,No,No,No,No,No,No,No,26.0,0.0,,,0.0,27.0,26.0,1.0384615384615383,1,0,27.0,0.0,Shelter
2025.0,PSH,Valley Oasis,CA0339 Shelter Plus Care - Tenant Based Project,Lancaster,CA,SPA 1                                             ,0,5,061914,No,Current,,,0.0,0.0,1.0,0.0,0.0,0.0,0.0,0.0,0.0,0.0,0.0,No,No,No,No,No,No,No,No,No,No,No,No,No,No,No,No,No,No,No,No,No,No,No,No,No,No,Tenant-based - scattered site,No,No,No,No,No,No,No,No,No,No,No,No,No,No,No,No,No,No,1.0,0.0,,,0.0,1.0,1.0,1.0,1,0,1.0,0.0,Permanent Housing
2025.0,RRH,Valley Oasis,CDC Bringing Families Home SPA 1,Palmdale,CA,SPA 1                                             ,0,5,062658,Yes,Current,,,27.0,7.0,1.0,0.0,0.0,0.0,0.0,0.0,0.0,0.0,0.0,No,Yes,No,No,No,No,No,No,No,No,No,No,No,No,No,No,No,No,No,No,No,No,No,No,No,Yes,Tenant-based - scattered site,No,No,No,No,No,No,No,No,No,No,No,No,No,No,No,No,No,No,28.0,0.0,,,0.0,28.0,28.0,1.0,1,0,28.0,0.0,Permanent Housing
2025.0,TH,Valley Oasis,Host Homes Transitional Housing,Lancaster,CA,SPA 1                                             ,0,5,061914,Yes,Current,,,0.0,0.0,4.0,0.0,0.0,0.0,0.0,0.0,4.0,0.0,0.0,No,Yes,No,No,No,No,No,No,No,No,No,No,No,No,No,No,No,No,No,No,No,No,No,No,No,Yes,Tenant-based - scattered site,No,No,No,No,No,No,No,No,No,No,No,No,No,No,No,No,No,No,4.0,0.0,,,0.0,3.0,4.0,0.75,1,0,3.0,1.0,Shelter
2025.0,RRH,Valley Oasis,SUNOFO TLS Adult SPA 1,Lancaster,CA,SPA 1                                             ,0,5,061914,Yes,Current,,,0.0,0.0,26.0,0.0,0.0,0.0,0.0,0.0,0.0,0.0,0.0,No,Yes,No,No,No,No,No,No,No,No,No,No,No,No,No,No,No,No,No,No,No,No,No,No,No,Yes,Tenant-based - scattered site,Yes,No,No,No,No,No,No,No,No,No,No,No,No,No,No,No,Yes,No,26.0,0.0,,,0.0,26.0,26.0,1.0,1,0,26.0,0.0,Permanent Housing
2025.0,RRH,Valley Oasis,TLS Adult SPA 1,Lancaster,CA,SPA 1                                             ,0,5,061914,Yes,Current,,,0.0,0.0,205.0,0.0,0.0,0.0,0.0,0.0,0.0,0.0,0.0,No,Yes,No,No,No,No,No,No,No,No,No,No,No,No,No,No,No,No,No,No,No,No,No,No,No,Yes,Tenant-based - scattered site,No,No,No,No,No,No,No,No,No,No,No,No,No,No,No,No,No,No,205.0,0.0,,,0.0,205.0,205.0,1.0,1,0,205.0,0.0,Permanent Housing
2025.0,RRH,Valley Oasis,TLS FSC SPA 1,Lancaster,CA,SPA 1                                             ,0,5,061914,Yes,Current,,,535.0,179.0,10.0,0.0,0.0,0.0,0.0,0.0,0.0,0.0,0.0,No,Yes,No,No,No,No,No,No,No,No,No,No,No,No,No,No,No,No,No,No,No,No,No,No,No,Yes,Tenant-based - scattered site,No,No,No,No,No,No,No,No,No,No,No,No,No,No,No,No,No,No,545.0,0.0,,,0.0,545.0,545.0,1.0,1,0,545.0,0.0,Permanent Housing
2025.0,RRH,Valley Oasis,TLS Youth SPA 1,Lancaster,CA,SPA 1                                             ,0,5,061914,Yes,Current,,,11.0,5.0,16.0,0.0,0.0,0.0,0.0,0.0,16.0,0.0,0.0,No,Yes,No,No,No,No,No,No,No,No,No,No,No,No,No,No,No,No,No,No,No,No,No,No,No,Yes,Tenant-based - scattered site,No,No,No,No,No,No,No,No,No,No,No,No,No,No,No,No,No,No,27.0,0.0,,,0.0,27.0,27.0,1.0,1,0,27.0,0.0,Permanent Housing
2025.0,PSH,Valley Village,CA0348 Carriage House,Winnetka,CA,SPA 2                                             ,3,3,062118,Yes,Current,,,0.0,0.0,8.0,0.0,0.0,0.0,0.0,0.0,0.0,0.0,0.0,No,Yes,No,No,No,No,No,No,No,No,No,No,No,No,No,No,No,No,No,No,No,No,No,No,No,Yes,Site-based - single site,No,No,No,No,No,No,No,No,No,No,No,No,No,No,No,No,No,No,8.0,0.0,,,0.0,7.0,8.0,0.875,2,3,7.0,1.0,Permanent Housing
2025.0,PSH,Venice Community Housing,Gateway Apartments,Marina Del Rey,CA,SPA 5                                             ,11,2,069037,Yes,Current,,,0.0,0.0,20.0,0.0,0.0,0.0,0.0,0.0,0.0,0.0,0.0,No,Yes,No,No,No,No,No,No,No,No,No,No,No,No,No,No,No,No,No,No,No,No,No,No,No,Yes,Site-based - single site,No,No,No,No,No,No,No,No,No,No,No,No,No,No,No,No,No,No,20.0,0.0,,,0.0,18.0,20.0,0.9,5,11,18.0,2.0,Permanent Housing
2025.0,PSH,Venice Community Housing,Horizon Apartments,Venice,CA,SPA 5                                             ,11,3,062118,Yes,Current,,,0.0,0.0,20.0,0.0,0.0,0.0,0.0,0.0,0.0,0.0,0.0,No,No,No,No,No,No,No,No,No,No,No,No,No,No,No,No,No,No,No,No,No,No,No,No,No,No,Site-based - single site,No,No,No,No,No,No,No,No,No,No,No,No,No,No,No,No,No,No,20.0,0.0,,,0.0,17.0,20.0,0.85,5,11,17.0,3.0,Permanent Housing
2025.0,PSH,Venice Community Housing,Shelter Plus Care Scattered Sites,Venice,CA,SPA 5                                             ,11,3,062118,Yes,Current,,,0.0,0.0,36.0,0.0,0.0,0.0,0.0,0.0,0.0,0.0,0.0,No,No,No,No,No,No,No,No,No,No,No,No,No,No,No,No,No,No,No,No,No,No,No,No,No,No,Site-based - clustered / multiple sites,No,No,No,No,No,No,No,No,No,No,No,No,No,No,No,No,No,No,36.0,0.0,,,0.0,28.0,36.0,0.7777777777777778,5,11,28.0,8.0,Permanent Housing
2025.0,TH,Venice Community Housing,Transitional Housing Youth SPA 5,Los Angeles,CA,SPA 5                                             ,11,3,062118,Yes,Current,,,0.0,0.0,20.0,0.0,0.0,0.0,0.0,0.0,20.0,0.0,0.0,No,Yes,No,No,No,No,No,No,No,No,No,No,No,No,No,No,No,No,No,No,No,No,No,No,No,Yes,Site-based - clustered / multiple sites,No,No,No,No,No,No,No,No,No,No,No,No,No,No,No,No,No,No,20.0,0.0,,,0.0,20.0,20.0,1.0,5,11,20.0,0.0,Shelter
2025.0,PSH,Venice Community Housing,VCH Aviation Apartments (PHK),Inglewood,CA,SPA 8                                             ,0,2,061740,Yes,Current,,,0.0,0.0,47.0,0.0,0.0,0.0,0.0,0.0,0.0,0.0,0.0,No,Yes,No,No,No,No,No,No,No,No,No,No,No,No,No,No,No,No,No,No,No,No,No,No,No,Yes,Site-based - single site,No,No,No,No,No,No,No,No,No,No,No,No,No,No,No,No,No,No,47.0,0.0,,,0.0,47.0,47.0,1.0,8,0,47.0,0.0,Permanent Housing
2025.0,PSH,Venice Community Housing,VCH Marian Place DMH (D7),Venice,CA,SPA 5                                             ,11,3,062118,Yes,Current,,,0.0,0.0,8.0,0.0,0.0,0.0,0.0,0.0,0.0,0.0,0.0,No,Yes,No,No,No,No,No,No,No,No,No,No,No,No,No,No,No,No,No,No,No,No,No,No,No,Yes,Site-based - single site,No,No,No,No,No,No,No,No,No,No,No,No,No,No,No,No,No,No,8.0,0.0,,,0.0,7.0,8.0,0.875,5,11,7.0,1.0,Permanent Housing
2025.0,PSH,Venice Community Housing,VCH Rose Apartments DMH (D7),Venice,CA,SPA 5                                             ,11,3,069037,Yes,Current,,,0.0,0.0,37.0,0.0,0.0,0.0,0.0,0.0,0.0,0.0,0.0,No,Yes,No,No,No,No,No,No,No,No,No,No,No,No,No,No,No,No,No,No,No,No,No,No,No,Yes,Site-based - single site,No,No,No,No,No,No,No,No,No,No,No,No,No,No,No,No,No,No,37.0,0.0,,,0.0,32.0,37.0,0.8648648648648649,5,11,32.0,5.0,Permanent Housing
2025.0,PSH,Venice Community Housing,VCH The Journey (D7),Venice,CA,SPA 8                                             ,11,3,069037,Yes,Current,,,0.0,0.0,39.0,0.0,0.0,0.0,0.0,0.0,0.0,0.0,0.0,No,Yes,No,No,No,No,No,No,No,No,No,No,No,No,No,No,No,No,No,No,No,No,No,No,No,Yes,Site-based - single site,No,No,No,No,No,No,No,No,No,No,No,No,No,No,No,No,No,No,39.0,0.0,,,0.0,19.0,39.0,0.4871794871794871,8,11,19.0,20.0,Permanent Housing
2025.0,RRH,Village for Vets,SSVF RRH,Los Angeles,CA,SPA 5                                             ,11,3,062118,Yes,Current,,,17.0,5.0,29.0,0.0,17.0,0.0,0.0,29.0,0.0,0.0,0.0,No,Yes,No,Yes,No,No,No,No,No,No,No,No,No,No,No,No,No,No,No,No,No,No,No,No,No,No,Tenant-based - scattered site,No,No,No,No,No,No,No,No,No,No,No,No,No,No,No,No,No,No,46.0,0.0,,,0.0,46.0,46.0,1.0,5,11,46.0,0.0,Permanent Housing
2025.0,RRH,Village for Vets,SSVF RRH VA Campus CTRS,Los Angeles,CA,SPA 5                                             ,0,3,069037,Yes,Current,,,0.0,0.0,33.0,0.0,0.0,0.0,0.0,33.0,0.0,0.0,0.0,No,Yes,No,Yes,No,No,No,No,No,No,No,No,No,No,No,No,No,No,No,No,No,No,No,No,No,No,Tenant-based - scattered site,No,No,No,No,No,No,No,No,No,No,No,No,No,No,No,No,No,No,33.0,0.0,,,0.0,33.0,33.0,1.0,5,0,33.0,0.0,Permanent Housing
2025.0,PSH,VIP Community Mental Health Center Inc.,The Brine Residential,Los Angeles,CA,SPA 4                                             ,14,1,062118,No,Current,,,0.0,0.0,72.0,0.0,0.0,0.0,0.0,0.0,0.0,0.0,0.0,No,Yes,No,No,No,No,No,No,No,No,No,No,No,No,No,No,No,No,No,No,No,No,No,No,No,Yes,Site-based - single site,No,No,No,No,No,No,No,No,No,No,No,No,No,No,No,No,No,No,72.0,0.0,,,0.0,63.0,72.0,0.875,4,14,63.0,9.0,Permanent Housing
2025.0,ES,Volunteers of America of Los Angeles,"A Bridge Home CD 9 ""Entry/Exit",Los Angeles,CA,SPA 6                                             ,9,2,062118,Yes,Current,,,0.0,0.0,100.0,0.0,0.0,0.0,0.0,0.0,0.0,0.0,0.0,No,Yes,No,No,No,No,No,No,No,No,No,No,No,No,No,No,No,No,No,No,No,No,No,No,No,Yes,Site-based - single site,No,No,No,No,No,No,No,No,No,No,No,No,No,No,No,No,No,No,100.0,0.0,,,0.0,97.0,100.0,0.97,6,9,97.0,3.0,Shelter
2025.0,RRH,Volunteers of America of Los Angeles,Adult Reentry Rental Assistance (ARRAP),West Covina,CA,SPA 3                                             ,0,1,064002,Yes,Current,,,0.0,0.0,18.0,0.0,0.0,0.0,0.0,0.0,0.0,0.0,0.0,No,No,No,No,No,No,No,No,No,No,No,No,No,No,No,No,No,No,No,No,No,No,No,No,No,No,Tenant-based - scattered site,No,No,No,No,No,No,No,No,No,No,No,No,No,No,No,No,No,No,18.0,0.0,,,0.0,18.0,18.0,1.0,3,0,18.0,0.0,Permanent Housing
2025.0,ES,Volunteers of America of Los Angeles,Avalon Recuperative Care,Los Angeles,CA,SPA 6                                             ,9,2,062118,Yes,Current,,,0.0,0.0,46.0,0.0,0.0,0.0,0.0,0.0,0.0,0.0,0.0,No,No,No,No,No,No,No,No,No,No,No,No,No,No,No,No,No,No,No,No,No,No,No,No,No,No,Site-based - single site,No,No,No,No,No,No,No,No,No,No,No,No,No,No,No,No,No,No,46.0,0.0,,,0.0,42.0,46.0,0.9130434782608696,6,9,42.0,4.0,Shelter
2025.0,ES,Volunteers of America of Los Angeles,"Bridge Housing City Roadmap Bailey ""Entry/Exit""",Los Angeles,CA,SPA 4                                             ,14,1,062118,Yes,Current,,,0.0,0.0,67.0,0.0,0.0,0.0,0.0,0.0,0.0,0.0,0.0,No,No,No,No,No,No,No,No,No,No,No,No,No,No,No,No,No,No,No,No,No,No,No,No,No,No,Site-based - single site,No,No,No,No,No,No,No,No,No,No,No,No,No,No,No,No,No,No,67.0,0.0,,,0.0,55.0,67.0,0.8208955223880597,4,14,55.0,12.0,Shelter
2025.0,ES,Volunteers of America of Los Angeles,"Bridge Housing City Roadmap T-House ""Entry/Exit",Los Angeles,CA,SPA 4                                             ,14,1,062118,Yes,Current,,,0.0,0.0,60.0,0.0,0.0,0.0,0.0,0.0,0.0,0.0,0.0,No,Yes,No,No,No,No,No,No,No,No,No,No,No,No,No,No,No,No,No,No,No,No,No,No,No,Yes,Site-based - single site,No,No,No,No,No,No,No,No,No,No,No,No,No,No,No,No,No,No,60.0,0.0,,,0.0,55.0,60.0,0.9166666666666666,4,14,55.0,5.0,Shelter
2025.0,ES,Volunteers of America of Los Angeles,"Bridge Housing Roadmap Long Beach ""Entry/Exit""",Los Angeles,CA,SPA 8                                             ,9,2,062088,Yes,Current,,,0.0,0.0,138.0,0.0,0.0,0.0,0.0,0.0,0.0,0.0,0.0,No,No,No,No,No,No,No,No,No,No,No,No,No,No,No,No,No,No,No,No,No,No,No,No,No,No,Site-based - single site,No,No,No,No,No,No,No,No,No,No,No,No,No,No,No,No,No,No,138.0,0.0,,,0.0,131.0,138.0,0.9492753623188406,8,9,131.0,7.0,Shelter
2025.0,RRH,Volunteers of America of Los Angeles,CDC Bringing Families Home SPA 2,Sunland,CA,SPA 2                                             ,2,3,069037,Yes,Current,,,21.0,2.0,0.0,0.0,0.0,0.0,0.0,0.0,0.0,0.0,0.0,No,Yes,No,No,No,No,No,No,No,No,No,No,No,No,No,No,No,No,No,No,No,No,No,No,No,Yes,Tenant-based - scattered site,No,No,No,No,No,No,No,No,No,No,No,No,No,No,No,No,No,No,21.0,0.0,,,0.0,21.0,21.0,1.0,2,2,21.0,0.0,Permanent Housing
2025.0,RRH,Volunteers of America of Los Angeles,CDC Bringing Families Home SPA 3,El Monte,CA,SPA 3                                             ,0,1,061152,Yes,Current,,,42.0,8.0,0.0,0.0,0.0,0.0,0.0,0.0,0.0,0.0,0.0,No,Yes,No,No,No,No,No,No,No,No,No,No,No,No,No,No,No,No,No,No,No,No,No,No,No,Yes,Tenant-based - scattered site,No,No,No,No,No,No,No,No,No,No,No,No,No,No,No,No,No,No,42.0,0.0,,,0.0,42.0,42.0,1.0,3,0,42.0,0.0,Permanent Housing
2025.0,RRH,Volunteers of America of Los Angeles,CDC Bringing Families Home SPA 6,Los Angeles,CA,SPA 6                                             ,9,2,062118,Yes,Current,,,56.0,16.0,6.0,0.0,0.0,0.0,0.0,0.0,0.0,0.0,0.0,No,Yes,No,No,No,No,No,No,No,No,No,No,No,No,No,No,No,No,No,No,No,No,No,No,No,Yes,Tenant-based - scattered site,No,No,No,No,No,No,No,No,No,No,No,No,No,No,No,No,No,No,62.0,0.0,,,0.0,62.0,62.0,1.0,6,9,62.0,0.0,Permanent Housing
2025.0,ES,Volunteers of America of Los Angeles,"CES Bridge Housing City Alliance Sunset CD13 ""Entry/Exit",Los Angeles,CA,SPA 4                                             ,13,1,062118,Yes,Current,,,0.0,0.0,52.0,0.0,0.0,0.0,0.0,0.0,0.0,0.0,0.0,No,Yes,No,No,No,No,No,No,No,No,No,No,No,No,No,No,No,No,No,No,No,No,No,No,No,Yes,Site-based - single site,No,No,No,No,No,No,No,No,No,No,No,No,No,No,No,No,No,No,52.0,0.0,,,0.0,54.0,52.0,1.0384615384615383,4,13,54.0,0.0,Shelter
2025.0,ES,Volunteers of America of Los Angeles,"CES Bridge Housing for Women Foley ""Entry/Exit",Whittier,CA,SPA 7                                             ,0,4,064074,Yes,Current,,,0.0,0.0,42.0,0.0,0.0,0.0,0.0,0.0,0.0,0.0,0.0,No,Yes,No,No,No,No,No,No,No,No,No,No,No,No,No,No,No,No,No,No,No,No,No,No,No,Yes,Site-based - clustered / multiple sites,No,No,No,No,No,No,No,No,No,No,No,No,No,No,No,No,No,No,42.0,0.0,,,0.0,39.0,42.0,0.9285714285714286,7,0,39.0,3.0,Shelter
2025.0,ES,Volunteers of America of Los Angeles,"CES Bridge Housing Program C4L ""Entry/Exit",Los Angeles,CA,SPA 6                                             ,8,2,062118,Yes,Current,,,0.0,0.0,70.0,0.0,0.0,0.0,0.0,0.0,0.0,0.0,0.0,No,Yes,No,No,No,No,No,No,No,No,No,No,No,No,No,No,No,No,No,No,No,No,No,No,No,Yes,Site-based - single site,No,No,No,No,No,No,No,No,No,No,No,No,No,No,No,No,No,No,70.0,0.0,,,0.0,28.0,70.0,0.4,6,8,28.0,42.0,Shelter
2025.0,ES,Volunteers of America of Los Angeles,"CES Bridge Housing Program P2H ""Entry/Exit""",Los Angeles,CA,SPA 6                                             ,9,2,062118,Yes,Current,,,0.0,0.0,75.0,0.0,0.0,0.0,0.0,0.0,0.0,0.0,0.0,No,No,No,No,No,No,No,No,No,No,No,No,No,No,No,No,No,No,No,No,No,No,No,No,No,No,Site-based - single site,No,No,No,No,No,No,No,No,No,No,No,No,No,No,No,No,No,No,75.0,0.0,,,0.0,75.0,75.0,1.0,6,9,75.0,0.0,Shelter
2025.0,ES,Volunteers of America of Los Angeles,"CES Bridge Housing Program San Julian ""Entry/Exit",Los Angeles,CA,SPA 4                                             ,14,1,062118,Yes,Current,,,0.0,0.0,13.0,0.0,0.0,0.0,0.0,0.0,0.0,0.0,0.0,No,Yes,No,No,No,No,No,No,No,No,No,No,No,No,No,No,No,No,No,No,No,No,No,No,No,Yes,Site-based - single site,No,No,No,No,No,No,No,No,No,No,No,No,No,No,No,No,No,No,13.0,0.0,,,0.0,14.0,13.0,1.0769230769230769,4,14,14.0,0.0,Shelter
2025.0,ES,Volunteers of America of Los Angeles,"CES Bridge Housing Program SPA 3 ""Entry/Exit",Pomona,CA,SPA 3                                             ,0,1,062850,Yes,Current,,,0.0,0.0,1.0,0.0,0.0,0.0,0.0,0.0,0.0,0.0,0.0,No,Yes,No,No,No,No,No,No,No,No,No,No,No,No,No,No,No,No,No,No,No,No,No,No,No,Yes,Site-based - single site,No,No,No,No,No,No,No,No,No,No,No,No,No,No,No,No,No,No,1.0,0.0,,,0.0,1.0,1.0,1.0,3,0,1.0,0.0,Shelter
2025.0,ES,Volunteers of America of Los Angeles,"CES Crisis Housing High Desert MACC ""Entry/Exit",Lancaster,CA,SPA 1                                             ,0,5,061914,Yes,Current,,,0.0,0.0,93.0,0.0,0.0,0.0,0.0,0.0,0.0,0.0,0.0,No,Yes,No,No,No,No,No,No,No,No,No,No,No,No,No,No,No,No,No,No,No,No,No,No,No,Yes,Site-based - single site,No,No,No,No,No,No,No,No,No,No,No,No,No,No,No,No,No,No,93.0,0.0,,,0.0,91.0,93.0,0.978494623655914,1,0,91.0,2.0,Shelter
2025.0,ES,Volunteers of America of Los Angeles,"CES Crisis Housing High Desert MACC Glenchure ""Entry/Exit",Lancaster,CA,SPA 1                                             ,0,5,061914,Yes,Current,,,0.0,0.0,69.0,0.0,0.0,0.0,0.0,0.0,0.0,0.0,0.0,No,Yes,No,No,No,No,No,No,No,No,No,No,No,No,No,No,No,No,No,No,No,No,No,No,No,Yes,Site-based - single site,No,No,No,No,No,No,No,No,No,No,No,No,No,No,No,No,No,No,69.0,0.0,,,0.0,58.0,69.0,0.8405797101449275,1,0,58.0,11.0,Shelter
2025.0,ES,Volunteers of America of Los Angeles,"CES Crisis Housing Program C4L ""Entry/Exit",Los Angeles,CA,SPA 6                                             ,8,2,062118,Yes,Current,,,0.0,0.0,56.0,0.0,0.0,0.0,0.0,0.0,0.0,0.0,0.0,No,Yes,No,No,No,No,No,No,No,No,No,No,No,No,No,No,No,No,No,No,No,No,No,No,No,Yes,Site-based - single site,No,No,No,No,No,No,No,No,No,No,No,No,No,No,No,No,No,No,56.0,0.0,,,0.0,67.0,56.0,1.1964285714285714,6,8,67.0,0.0,Shelter
2025.0,ES,Volunteers of America of Los Angeles,"CES Crisis Housing Program P2H ""Entry/Exit""",Los Angeles,CA,SPA 6                                             ,9,2,062118,Yes,Current,,,0.0,0.0,168.0,0.0,0.0,0.0,0.0,0.0,0.0,0.0,0.0,No,No,No,No,No,No,No,No,No,No,No,No,No,No,No,No,No,No,No,No,No,No,No,No,No,No,Site-based - single site,No,No,No,No,No,No,No,No,No,No,No,No,No,No,No,No,No,No,168.0,0.0,,,0.0,168.0,168.0,1.0,6,9,168.0,0.0,Shelter
2025.0,ES,Volunteers of America of Los Angeles,"CES Crisis Housing Program San Julian ""Entry/Exit",Los Angeles,CA,SPA 4                                             ,14,1,062118,Yes,Current,,,0.0,0.0,27.0,0.0,0.0,0.0,0.0,0.0,0.0,0.0,0.0,No,Yes,No,No,No,No,No,No,No,No,No,No,No,No,No,No,No,No,No,No,No,No,No,No,No,Yes,Site-based - single site,No,No,No,No,No,No,No,No,No,No,No,No,No,No,No,No,No,No,27.0,0.0,,,0.0,38.0,27.0,1.4074074074074074,4,14,38.0,0.0,Shelter
2025.0,ES,Volunteers of America of Los Angeles,"CES Crisis Housing Program SPA 3 ""Entry/Exit",Pomona,CA,SPA 3                                             ,0,1,062850,Yes,Current,,,0.0,0.0,2.0,0.0,0.0,0.0,0.0,0.0,0.0,0.0,0.0,No,Yes,No,No,No,No,No,No,No,No,No,No,No,No,No,No,No,No,No,No,No,No,No,No,No,Yes,Site-based - single site,No,No,No,No,No,No,No,No,No,No,No,No,No,No,No,No,No,No,2.0,0.0,,,0.0,2.0,2.0,1.0,3,0,2.0,0.0,Shelter
2025.0,ES,Volunteers of America of Los Angeles,CES Home Safe Motel Vouchers,El Monte,CA,SPA 3                                             ,0,1,061152,Yes,Current,,,0.0,0.0,4.0,0.0,0.0,0.0,0.0,0.0,0.0,0.0,0.0,No,No,No,No,No,No,No,No,No,No,No,No,No,No,No,No,No,No,No,No,No,No,No,No,No,No,Tenant-based - scattered site,No,No,No,No,No,No,No,No,No,No,No,No,No,No,No,No,No,No,4.0,0.0,,,0.0,4.0,4.0,1.0,3,0,4.0,0.0,Shelter
2025.0,RRH,Volunteers of America of Los Angeles,EHV SSO Only,Los Angeles,CA,SPA 4                                             ,10,2,062118,Yes,Current,,,0.0,0.0,0.0,0.0,0.0,0.0,0.0,0.0,0.0,0.0,0.0,No,Yes,No,No,No,No,No,No,No,No,No,No,No,No,No,No,No,No,No,No,No,No,No,No,No,Yes,Tenant-based - scattered site,No,No,No,No,No,No,No,No,No,No,No,No,No,No,No,No,No,No,0.0,0.0,,,0.0,0.0,0.0,0.0,4,10,0.0,0.0,Permanent Housing
2025.0,ES,Volunteers of America of Los Angeles,"Family Crisis Housing Project SPA 3 ""Entry/Exit",Pomona,CA,SPA 3                                             ,0,1,062850,Yes,Current,,,8.0,4.0,0.0,0.0,0.0,0.0,0.0,0.0,0.0,0.0,0.0,No,Yes,No,No,No,No,No,No,No,No,No,No,No,No,No,No,No,No,No,No,No,No,No,No,No,Yes,Site-based - single site,No,No,No,No,No,No,No,No,No,No,No,No,No,No,No,No,No,No,8.0,0.0,,,0.0,4.0,8.0,0.5,3,0,4.0,4.0,Shelter
2025.0,ES,Volunteers of America of Los Angeles,"FSC Crisis Housing Roadmap Bailey ""Entry/Exit""",Los Angeles,CA,SPA 4                                             ,14,1,062118,Yes,Current,,,15.0,5.0,0.0,0.0,0.0,0.0,0.0,0.0,0.0,0.0,0.0,No,No,No,No,No,No,No,No,No,No,No,No,No,No,No,No,No,No,No,No,No,No,No,No,No,No,Site-based - single site,No,No,No,No,No,No,No,No,No,No,No,No,No,No,No,No,No,No,15.0,0.0,,,0.0,15.0,15.0,1.0,4,14,15.0,0.0,Shelter
2025.0,ES,Volunteers of America of Los Angeles,HCHV CRS - A Bridge Home for Homeless Veterans,Los Angeles,CA,SPA 5                                             ,0,3,062118,Yes,Current,,,0.0,0.0,70.0,0.0,0.0,0.0,0.0,70.0,0.0,0.0,0.0,No,Yes,No,No,No,No,No,No,No,No,Yes,No,No,No,No,No,No,No,No,No,No,No,No,No,No,No,Site-based - single site,No,No,No,No,No,No,No,No,No,No,No,No,No,No,No,No,No,No,70.0,0.0,,,0.0,59.0,70.0,0.8428571428571429,5,0,59.0,11.0,Shelter
2025.0,ES,Volunteers of America of Los Angeles,Pathway Home,Palmdale,CA,SPA 1                                             ,0,5,062118,Yes,Current,,,0.0,0.0,173.0,0.0,0.0,0.0,0.0,0.0,0.0,0.0,0.0,No,Yes,No,No,No,No,No,No,No,No,No,No,No,No,No,No,No,No,No,No,No,No,No,No,No,Yes,Site-based - clustered / multiple sites,No,No,No,No,No,No,No,No,No,No,No,No,No,No,No,No,No,No,173.0,0.0,,,0.0,180.0,173.0,1.0404624277456649,1,0,180.0,0.0,Shelter
2025.0,PSH,Volunteers of America of Los Angeles,PHK - Elderberry Village (CES Alt),Woodland Hills,CA,SPA 2                                             ,3,3,062118,No,Current,,,0.0,0.0,88.0,0.0,0.0,0.0,0.0,0.0,0.0,0.0,0.0,No,No,No,No,No,No,No,No,No,No,No,No,No,No,No,No,No,No,No,No,No,No,No,No,No,No,Site-based - single site,No,No,No,No,No,No,No,No,No,No,No,No,No,No,No,No,No,No,88.0,0.0,,,0.0,57.0,88.0,0.6477272727272727,2,3,57.0,31.0,Permanent Housing
2025.0,ES,Volunteers of America of Los Angeles,"PHK CITY Devonshire Lodge ""Entry/Exit",Los Angeles,CA,SPA 2                                             ,12,3,062118,Yes,Current,,,0.0,0.0,74.0,0.0,0.0,0.0,0.0,0.0,0.0,0.0,0.0,No,Yes,No,No,No,No,No,No,No,No,No,No,No,No,No,No,No,No,No,No,No,No,No,No,No,Yes,Site-based - single site,No,No,No,No,No,No,No,No,No,No,No,No,No,No,No,No,No,No,74.0,0.0,,,0.0,54.0,74.0,0.7297297297297297,2,12,54.0,20.0,Shelter
2025.0,ES,Volunteers of America of Los Angeles,"PHK CITY Sepulveda Villa ""Entry/Exit",North Hills,CA,SPA 2                                             ,6,3,062118,Yes,Current,,,0.0,0.0,68.0,0.0,0.0,0.0,0.0,0.0,0.0,0.0,0.0,No,Yes,No,No,No,No,No,No,No,No,No,No,No,No,No,No,No,No,No,No,No,No,No,No,No,Yes,Site-based - single site,No,No,No,No,No,No,No,No,No,No,No,No,No,No,No,No,No,No,68.0,0.0,,,0.0,61.0,68.0,0.8970588235294118,2,6,61.0,7.0,Shelter
2025.0,ES,Volunteers of America of Los Angeles,"PHK CITY The Nest ""Entry/Exit",Los Angeles,CA,SPA 4                                             ,13,2,062118,Yes,Current,,,0.0,0.0,39.0,0.0,0.0,0.0,0.0,0.0,0.0,0.0,0.0,No,Yes,No,No,No,No,No,No,No,No,No,No,No,No,No,No,No,No,No,No,No,No,No,No,No,Yes,Site-based - single site,No,No,No,No,No,No,No,No,No,No,No,No,No,No,No,No,No,No,39.0,0.0,,,0.0,40.0,39.0,1.0256410256410255,4,13,40.0,0.0,Shelter
2025.0,TH,Volunteers of America of Los Angeles,RHY Maternity Group Home,North Hollywood,CA,SPA 2                                             ,2,3,062118,Yes,Current,,,8.0,4.0,0.0,0.0,0.0,8.0,0.0,0.0,0.0,0.0,0.0,No,Yes,No,No,No,No,No,No,No,No,No,No,No,Yes,No,No,No,No,No,No,No,No,No,No,No,No,Site-based - single site,No,No,No,No,No,No,No,No,No,No,No,No,No,No,No,No,No,No,8.0,0.0,,,0.0,8.0,8.0,1.0,2,2,8.0,0.0,Shelter
2025.0,TH,Volunteers of America of Los Angeles,RHY Transitional Living Program SPA 1,Lancaster,CA,SPA 1                                             ,0,5,061914,Yes,Current,,,0.0,0.0,4.0,0.0,0.0,0.0,0.0,0.0,4.0,0.0,0.0,No,Yes,No,No,No,No,No,No,No,No,No,No,No,No,Yes,No,No,No,No,No,No,No,No,No,No,No,Site-based - single site,No,No,No,No,No,No,No,No,No,No,No,No,No,No,No,No,No,No,4.0,0.0,,,0.0,1.0,4.0,0.25,1,0,1.0,3.0,Shelter
2025.0,TH,Volunteers of America of Los Angeles,RHY Transitional Living Program SPA 2,Los Angeles,CA,SPA 6                                             ,8,2,062118,Yes,Current,,,0.0,0.0,8.0,0.0,0.0,0.0,0.0,0.0,8.0,0.0,0.0,No,No,No,No,No,No,No,No,No,No,No,No,No,No,Yes,No,No,No,No,No,No,No,No,No,No,No,Site-based - single site,No,No,No,No,No,No,No,No,No,No,No,No,No,No,No,No,No,No,8.0,0.0,,,0.0,4.0,8.0,0.5,6,8,4.0,4.0,Shelter
2025.0,TH,Volunteers of America of Los Angeles,RHY Transitional Living Program SPA 6,Los Angeles,CA,SPA 6                                             ,9,2,062118,Yes,Current,,,0.0,0.0,8.0,0.0,0.0,0.0,0.0,0.0,8.0,0.0,0.0,No,Yes,No,No,No,No,No,No,No,No,No,No,No,No,Yes,No,No,No,No,No,No,No,No,No,No,No,Site-based - single site,No,No,No,No,No,No,No,No,No,No,No,No,No,No,No,No,No,No,8.0,0.0,,,0.0,8.0,8.0,1.0,6,9,8.0,0.0,Shelter
2025.0,RRH,Volunteers of America of Los Angeles,SSVF RRH,Los Angeles,CA,SPA 4                                             ,14,1,062118,Yes,Current,,,53.0,15.0,100.0,0.0,53.0,0.0,0.0,100.0,0.0,0.0,0.0,No,Yes,No,Yes,No,No,No,No,No,No,No,No,No,No,No,No,No,No,No,No,No,No,No,No,No,No,Tenant-based - scattered site,No,No,No,No,No,No,No,No,No,No,No,No,No,No,No,No,No,No,153.0,0.0,,,0.0,153.0,153.0,1.0,4,14,153.0,0.0,Permanent Housing
2025.0,RRH,Volunteers of America of Los Angeles,SUNOFO TLS Adult SPA 6,Compton,CA,SPA 6                                             ,0,2,060804,Yes,Current,,,0.0,0.0,4.0,0.0,0.0,0.0,0.0,0.0,0.0,0.0,0.0,No,Yes,No,No,No,No,No,No,No,No,No,No,No,No,No,No,No,No,No,No,No,No,No,No,No,Yes,Tenant-based - scattered site,Yes,No,No,No,No,No,No,No,No,No,No,No,No,No,No,No,Yes,No,4.0,0.0,,,0.0,4.0,4.0,1.0,6,0,4.0,0.0,Permanent Housing
2025.0,RRH,Volunteers of America of Los Angeles,SUNOFO TLS Adult SPA 7,Santa Fe Springs,CA,SPA 7                                             ,0,4,069037,Yes,Current,,,0.0,0.0,5.0,0.0,0.0,0.0,0.0,0.0,0.0,0.0,0.0,No,Yes,No,No,No,No,No,No,No,No,No,No,No,No,No,No,No,No,No,No,No,No,No,No,No,Yes,Tenant-based - scattered site,Yes,No,No,No,No,No,No,No,No,No,No,No,No,No,No,No,Yes,No,5.0,0.0,,,0.0,5.0,5.0,1.0,7,0,5.0,0.0,Permanent Housing
2025.0,ES,Volunteers of America of Los Angeles,"Tiny Home Sun Valley ""Entry/Exit""",Sun Valley,CA,SPA 2                                             ,6,5,062118,Yes,Current,,,0.0,0.0,159.0,0.0,0.0,0.0,0.0,159.0,0.0,0.0,0.0,No,No,No,No,No,No,No,No,No,No,No,No,No,No,No,No,No,No,No,No,No,No,No,No,No,No,Site-based - single site,No,No,No,No,No,No,No,No,No,No,No,No,No,No,No,No,No,No,159.0,0.0,,,0.0,144.0,159.0,0.9056603773584906,2,6,144.0,15.0,Shelter
2025.0,ES,Volunteers of America of Los Angeles,"Tiny Home Village Boyle Heights ""Entry/Exit""",los angeles,CA,SPA 4                                             ,14,1,062118,Yes,Current,,,0.0,0.0,144.0,0.0,0.0,0.0,0.0,0.0,0.0,0.0,0.0,No,No,No,No,No,No,No,No,No,No,No,No,No,No,No,No,No,No,No,No,No,No,No,No,No,No,Site-based - single site,No,No,No,No,No,No,No,No,No,No,No,No,No,No,No,No,No,No,144.0,0.0,,,0.0,142.0,144.0,0.9861111111111112,4,14,142.0,2.0,Shelter
2025.0,RRH,Volunteers of America of Los Angeles,TLS Adult SPA 3,El Monte,CA,SPA 3                                             ,0,1,061152,Yes,Current,,,0.0,0.0,68.0,0.0,0.0,0.0,0.0,0.0,0.0,0.0,0.0,No,Yes,No,No,No,No,No,No,No,No,No,No,No,No,No,No,No,No,No,No,No,No,No,No,No,Yes,Tenant-based - scattered site,No,No,No,No,No,No,No,No,No,No,No,No,No,No,No,No,No,No,68.0,0.0,,,0.0,68.0,68.0,1.0,3,0,68.0,0.0,Permanent Housing
2025.0,RRH,Volunteers of America of Los Angeles,TLS Adult SPA 6,Los Angeles,CA,SPA 6                                             ,9,2,062118,Yes,Current,,,0.0,0.0,19.0,0.0,0.0,0.0,0.0,0.0,0.0,0.0,0.0,No,Yes,No,No,No,No,No,No,No,No,No,No,No,No,No,No,No,No,No,No,No,No,No,No,No,Yes,Tenant-based - scattered site,No,No,No,No,No,No,No,No,No,No,No,No,No,No,No,No,No,No,19.0,0.0,,,0.0,19.0,19.0,1.0,6,9,19.0,0.0,Permanent Housing
2025.0,RRH,Volunteers of America of Los Angeles,TLS Adult SPA 7,Santa Fe Springs,CA,SPA 7                                             ,0,4,069037,Yes,Current,,,0.0,0.0,32.0,0.0,0.0,0.0,0.0,0.0,0.0,0.0,0.0,No,Yes,No,No,No,No,No,No,No,No,No,No,No,No,No,No,No,No,No,No,No,No,No,No,No,Yes,Tenant-based - scattered site,No,No,No,No,No,No,No,No,No,No,No,No,No,No,No,No,No,No,32.0,0.0,,,0.0,32.0,32.0,1.0,7,0,32.0,0.0,Permanent Housing
2025.0,RRH,Volunteers of America of Los Angeles,TLS Pathway Home Monrovia,Monrovia,CA,SPA 3                                             ,0,5,069037,Yes,Current,,,0.0,0.0,4.0,0.0,0.0,0.0,0.0,0.0,0.0,0.0,0.0,No,Yes,No,No,No,No,No,No,No,No,No,No,No,No,No,No,No,No,No,No,No,No,No,No,No,Yes,Tenant-based - scattered site,No,No,No,No,No,No,No,No,No,No,No,No,No,No,No,No,No,No,4.0,0.0,,,0.0,4.0,4.0,1.0,3,0,4.0,0.0,Permanent Housing
2025.0,RRH,Volunteers of America of Los Angeles,TLS Pathway Home Palmdale,Los Angeles,CA,SPA 4                                             ,10,2,062118,Yes,Current,,,0.0,0.0,2.0,0.0,0.0,0.0,0.0,0.0,0.0,0.0,0.0,No,Yes,No,No,No,No,No,No,No,No,No,No,No,No,No,No,No,No,No,No,No,No,No,No,No,Yes,Tenant-based - scattered site,No,No,No,No,No,No,No,No,No,No,No,No,No,No,No,No,No,No,2.0,0.0,,,0.0,2.0,2.0,1.0,4,10,2.0,0.0,Permanent Housing
2025.0,RRH,Volunteers of America of Los Angeles,TLS Youth SPA 6 Project,Los Angeles,CA,SPA 6                                             ,0,2,062118,Yes,Current,,,0.0,0.0,10.0,0.0,0.0,0.0,0.0,0.0,10.0,0.0,0.0,No,No,No,No,No,No,No,No,No,No,No,No,No,No,No,No,No,No,No,No,No,No,No,No,No,No,Tenant-based - scattered site,No,No,No,No,No,No,No,No,No,No,No,No,No,No,No,No,No,No,10.0,0.0,,,0.0,10.0,10.0,1.0,6,0,10.0,0.0,Permanent Housing
2025.0,PSH,Volunteers of America of Los Angeles,VASH Program,Los Angeles,CA,SPA 4                                             ,14,1,062118,Yes,Current,,,0.0,0.0,599.0,0.0,0.0,0.0,0.0,599.0,5.0,0.0,0.0,No,Yes,Yes,No,No,No,No,No,No,No,No,No,No,No,No,No,No,No,No,No,No,No,No,No,No,No,Site-based - single site,No,No,No,No,No,No,No,No,No,No,No,No,No,No,No,No,No,No,599.0,0.0,,,0.0,599.0,599.0,1.0,4,14,599.0,0.0,Permanent Housing
2025.0,PSH,Volunteers of America of Los Angeles,VOA (HDAP D7),Los Angeles,CA,SPA 4                                             ,10,2,062118,Yes,Current,,,0.0,0.0,63.0,0.0,0.0,0.0,0.0,0.0,0.0,0.0,0.0,No,Yes,No,No,No,No,No,No,No,No,No,No,No,No,No,No,No,No,No,No,No,No,No,No,No,Yes,Tenant-based - scattered site,No,No,No,No,No,No,No,No,No,No,No,No,No,No,No,No,No,No,63.0,0.0,,,0.0,73.0,63.0,1.1587301587301588,4,10,73.0,0.0,Permanent Housing
2025.0,PSH,Volunteers of America of Los Angeles,VOA EHV (HDAP),Los Angeles,CA,SPA 4                                             ,10,2,062118,Yes,Current,,,0.0,0.0,16.0,0.0,0.0,0.0,0.0,0.0,0.0,0.0,0.0,No,Yes,No,No,No,No,No,No,No,No,No,No,No,No,No,No,No,No,No,No,No,No,No,No,No,Yes,Tenant-based - scattered site,No,No,No,No,No,No,No,No,No,No,No,No,No,No,No,No,No,No,16.0,0.0,,,0.0,3.0,16.0,0.1875,4,10,3.0,13.0,Permanent Housing
2025.0,PSH,Volunteers of America of Los Angeles,VOA LA The Londie PHK (D7),Northridge,CA,SPA 2                                             ,12,3,069037,No,Current,,,0.0,0.0,14.0,0.0,0.0,0.0,0.0,0.0,0.0,0.0,0.0,No,Yes,No,No,No,No,No,No,No,No,No,No,No,No,No,No,No,No,No,No,No,No,No,No,No,Yes,Site-based - single site,No,No,No,No,No,No,No,No,No,No,No,No,No,No,No,No,No,No,14.0,0.0,,,0.0,1.0,14.0,0.0714285714285714,2,12,1.0,13.0,Permanent Housing
2025.0,PSH,Volunteers of America of Los Angeles,VOA Scattered 2 (D7),Los Angeles,CA,SPA 4                                             ,10,2,062118,Yes,Current,,,0.0,0.0,94.0,0.0,0.0,0.0,0.0,0.0,0.0,0.0,0.0,No,Yes,No,No,No,No,No,No,No,No,No,No,No,No,No,No,No,No,No,No,No,No,No,No,No,Yes,Tenant-based - scattered site,No,No,No,No,No,No,No,No,No,No,No,No,No,No,No,No,No,No,94.0,0.0,,,0.0,75.0,94.0,0.7978723404255319,4,10,75.0,19.0,Permanent Housing
2025.0,ES,Volunteers of America of Los Angeles,Winter Shelter Program HD MACC SPA 1,Lancaster,CA,SPA 1                                             ,0,5,061914,Yes,Current,,,0.0,0.0,0.0,0.0,0.0,0.0,0.0,0.0,0.0,0.0,0.0,No,Yes,No,No,No,No,No,No,No,No,No,No,No,No,No,No,No,No,No,No,No,No,No,No,No,Yes,Site-based - single site,No,No,No,No,No,No,No,No,No,No,No,No,No,No,No,No,No,No,0.0,26.0,2024-11-01,2025-03-31,0.0,22.0,26.0,0.8461538461538461,1,0,22.0,4.0,Shelter
2025.0,PSH,Watts Labor Community Action Committee,CA0466 South Central Access Center - Supportive Services,Los Angeles,CA,SPA 6                                             ,15,2,062118,Yes,Current,,,0.0,0.0,43.0,0.0,0.0,0.0,0.0,0.0,0.0,0.0,0.0,No,Yes,No,No,No,No,No,No,No,No,No,No,No,No,No,No,No,No,No,No,No,No,No,No,No,Yes,Tenant-based - scattered site,No,No,No,No,No,No,No,No,No,No,No,No,No,No,No,No,No,No,43.0,0.0,,,0.0,30.0,43.0,0.6976744186046512,6,15,30.0,13.0,Permanent Housing
2025.0,PSH,Watts Labor Community Action Committee,CA0923 Watts Labor Community Action Center Mc Coy Plaza,Los Angeles,CA,SPA 6                                             ,0,2,062118,Yes,Current,,,56.0,28.0,19.0,0.0,0.0,0.0,0.0,0.0,0.0,0.0,0.0,No,No,No,No,No,No,No,No,No,No,No,No,No,No,No,No,No,No,No,No,No,No,No,No,No,No,Site-based - clustered / multiple sites,No,No,No,No,No,No,No,No,No,No,No,No,No,No,No,No,No,No,75.0,0.0,,,0.0,26.0,75.0,0.3466666666666667,6,0,26.0,49.0,Permanent Housing
2025.0,PSH,Watts Labor Community Action Committee,Family Restoration Project at McCoy Plaza,Los Angeles,CA,SPA 6                                             ,15,2,062118,Yes,Current,,,189.0,45.0,43.0,0.0,0.0,0.0,0.0,0.0,0.0,0.0,0.0,No,No,No,No,No,No,No,No,No,No,No,No,No,No,No,No,No,No,No,No,No,No,No,No,No,No,Site-based - single site,No,No,No,No,No,No,No,No,No,No,No,No,No,No,No,No,No,No,232.0,0.0,,,0.0,117.0,232.0,0.5043103448275862,6,15,117.0,115.0,Permanent Housing
2025.0,RRH,Watts Labor Community Action Committee,TLS Adult SPA 6,Los Angeles,CA,SPA 6                                             ,15,2,062118,Yes,Current,,,6.0,1.0,86.0,0.0,0.0,0.0,0.0,0.0,0.0,0.0,0.0,No,Yes,No,No,No,No,No,No,No,No,No,No,No,No,No,No,No,No,No,No,No,No,No,No,No,Yes,Tenant-based - scattered site,No,No,No,No,No,No,No,No,No,No,No,No,No,No,No,No,No,No,92.0,0.0,,,0.0,92.0,92.0,1.0,6,15,92.0,0.0,Permanent Housing
2025.0,PSH,Watts Labor Community Action Committee,WLCAC Scattered 1 (D7),Los Angeles,CA,SPA 6                                             ,15,2,062118,Yes,Current,,,0.0,0.0,133.0,0.0,0.0,0.0,0.0,0.0,0.0,0.0,0.0,No,Yes,No,No,No,No,No,No,No,No,No,No,No,No,No,No,No,No,No,No,No,No,No,No,No,Yes,Tenant-based - scattered site,No,No,No,No,No,No,No,No,No,No,No,No,No,No,No,No,No,No,133.0,0.0,,,0.0,102.0,133.0,0.7669172932330827,6,15,102.0,31.0,Permanent Housing
2025.0,ES,Weingart Center Association,"A Bridge Home Civic Center CD14 ""Entry/Exit",Los Angeles,CA,SPA 4                                             ,14,1,062118,Yes,Current,,,0.0,0.0,99.0,0.0,0.0,0.0,0.0,0.0,0.0,0.0,0.0,No,Yes,No,No,No,No,No,No,No,No,No,No,No,No,No,No,No,No,No,No,No,No,No,No,No,Yes,Site-based - single site,No,No,No,No,No,No,No,No,No,No,No,No,No,No,No,No,No,No,99.0,0.0,,,0.0,99.0,99.0,1.0,4,14,99.0,0.0,Shelter
2025.0,ES,Weingart Center Association,"A Bridge Home Schrader ""Entry/Exit",Los Angeles,CA,SPA 4                                             ,13,3,062118,Yes,Current,,,0.0,0.0,72.0,0.0,0.0,0.0,0.0,0.0,0.0,0.0,0.0,No,Yes,No,No,No,No,No,No,No,No,No,No,No,No,No,No,No,No,No,No,No,No,No,No,No,Yes,Site-based - single site,No,No,No,No,No,No,No,No,No,No,No,No,No,No,No,No,No,No,72.0,0.0,,,0.0,63.0,72.0,0.875,4,13,63.0,9.0,Shelter
2025.0,TH,Weingart Center Association,AB109,Los Angeles,CA,SPA 4                                             ,14,1,062118,Yes,Current,,,0.0,0.0,50.0,0.0,0.0,0.0,0.0,0.0,0.0,0.0,0.0,No,Yes,No,No,No,No,No,No,No,No,No,No,No,No,No,No,No,No,No,No,No,No,No,No,No,Yes,Site-based - single site,No,No,No,No,No,No,No,No,No,No,No,No,No,No,No,No,No,No,50.0,0.0,,,0.0,30.0,50.0,0.6,4,14,30.0,20.0,Shelter
2025.0,ES,Weingart Center Association,"B7 Bridge Housing Program ""Entry/Exit",Los Angeles,CA,SPA 4                                             ,14,1,062118,Yes,Current,,,0.0,0.0,60.0,0.0,0.0,0.0,0.0,0.0,0.0,0.0,0.0,No,Yes,No,No,No,No,No,No,No,No,No,No,No,No,No,No,No,No,No,No,No,No,No,No,No,Yes,Site-based - single site,No,No,No,No,No,No,No,No,No,No,No,No,No,No,No,No,No,No,60.0,0.0,,,0.0,53.0,60.0,0.8833333333333333,4,14,53.0,7.0,Shelter
2025.0,ES,Weingart Center Association,"Bridge Housing Roadmap Vignes ""Entry/Exit",Los Angeles,CA,SPA 4                                             ,14,1,062118,Yes,Current,,,0.0,0.0,222.0,0.0,0.0,0.0,0.0,0.0,0.0,0.0,0.0,No,Yes,No,No,No,No,No,No,No,No,No,No,No,No,No,No,No,No,No,No,No,No,No,No,No,Yes,Site-based - single site,No,No,No,No,No,No,No,No,No,No,No,No,No,No,No,No,No,No,222.0,0.0,,,0.0,211.0,222.0,0.9504504504504504,4,14,211.0,11.0,Shelter
2025.0,ES,Weingart Center Association,"Bridge Housing Roadmap Vignes Public Defender ""Entry/Exit",Los Angeles,CA,SPA 4                                             ,14,1,062118,Yes,Current,,,0.0,0.0,10.0,0.0,0.0,0.0,0.0,0.0,0.0,0.0,0.0,No,Yes,No,No,No,No,No,No,No,No,No,No,No,No,No,No,No,No,No,No,No,No,No,No,No,Yes,Site-based - single site,No,No,No,No,No,No,No,No,No,No,No,No,No,No,No,No,No,No,10.0,0.0,,,0.0,9.0,10.0,0.9,4,14,9.0,1.0,Shelter
2025.0,ES,Weingart Center Association,"CES Bridge Housing for Women Gardner Library ""Entry/Exit",Los Angeles,CA,SPA 4                                             ,13,3,062118,Yes,Current,,,0.0,0.0,30.0,0.0,0.0,0.0,0.0,0.0,0.0,0.0,0.0,No,Yes,No,No,No,No,No,No,No,No,No,No,No,No,No,No,No,No,No,No,No,No,No,No,No,Yes,Site-based - single site,No,No,No,No,No,No,No,No,No,No,No,No,No,No,No,No,No,No,30.0,0.0,,,0.0,26.0,30.0,0.8666666666666667,4,13,26.0,4.0,Shelter
2025.0,ES,Weingart Center Association,"CES Bridge Housing Program (New) ""Entry/Exit",Los Angeles,CA,SPA 4                                             ,14,1,062118,Yes,Current,,,0.0,0.0,37.0,0.0,0.0,0.0,0.0,0.0,0.0,0.0,0.0,No,Yes,No,No,No,No,No,No,No,No,No,No,No,No,No,No,No,No,No,No,No,No,No,No,No,Yes,Site-based - single site,No,No,No,No,No,No,No,No,No,No,No,No,No,No,No,No,No,No,37.0,0.0,,,0.0,35.0,37.0,0.945945945945946,4,14,35.0,2.0,Shelter
2025.0,ES,Weingart Center Association,"CES Crisis Housing Program (New) ""Entry/Exit",Los Angeles,CA,SPA 4                                             ,14,1,062118,Yes,Current,,,0.0,0.0,63.0,0.0,0.0,0.0,0.0,0.0,0.0,0.0,0.0,No,Yes,No,No,No,No,No,No,No,No,No,No,No,No,No,No,No,No,No,No,No,No,No,No,No,Yes,Site-based - single site,No,No,No,No,No,No,No,No,No,No,No,No,No,No,No,No,No,No,63.0,0.0,,,0.0,59.0,63.0,0.9365079365079364,4,14,59.0,4.0,Shelter
2025.0,ES,Weingart Center Association,"CES Enhanced Bridge Housing Older Adults ""Entry/Exit",Los Angeles,CA,SPA 6                                             ,14,1,062118,Yes,Current,,,0.0,0.0,10.0,0.0,0.0,0.0,0.0,0.0,0.0,0.0,0.0,No,Yes,No,No,No,No,No,No,No,No,No,No,No,No,No,No,No,No,No,No,No,No,No,No,No,Yes,Site-based - single site,No,No,No,No,No,No,No,No,No,No,No,No,No,No,No,No,No,No,10.0,0.0,,,0.0,9.0,10.0,0.9,6,14,9.0,1.0,Shelter
2025.0,ES,Weingart Center Association,DHS Interim Housing,Los Angeles,CA,SPA 4                                             ,14,1,062118,Yes,Current,,,0.0,0.0,135.0,0.0,0.0,0.0,0.0,0.0,0.0,0.0,0.0,No,Yes,No,No,No,No,No,No,No,No,No,No,No,No,No,No,No,No,No,No,No,No,No,No,No,Yes,Site-based - single site,No,No,No,No,No,No,No,No,No,No,No,No,No,No,No,No,No,No,135.0,0.0,,,0.0,120.0,135.0,0.8888888888888888,4,14,120.0,15.0,Shelter
2025.0,ES,Weingart Center Association,DMH Interim Housing,Los Angeles,CA,SPA 4                                             ,14,1,062118,Yes,Current,,,0.0,0.0,35.0,0.0,0.0,0.0,0.0,0.0,0.0,0.0,0.0,No,No,No,No,No,No,No,No,No,No,No,No,No,No,No,No,No,No,No,No,No,No,No,No,No,No,Site-based - single site,No,No,No,No,No,No,No,No,No,No,No,No,No,No,No,No,No,No,35.0,0.0,,,0.0,31.0,35.0,0.8857142857142857,4,14,31.0,4.0,Shelter
2025.0,ES,Weingart Center Association,"Enhanced Bridge Housing for Women Roadmap ""Entry/Exit",Los Angeles,CA,SPA 4                                             ,14,1,062118,Yes,Current,,,0.0,0.0,60.0,0.0,0.0,0.0,0.0,0.0,0.0,0.0,0.0,No,Yes,No,No,No,No,No,No,No,No,No,No,No,No,No,No,No,No,No,No,No,No,No,No,No,Yes,Site-based - single site,No,No,No,No,No,No,No,No,No,No,No,No,No,No,No,No,No,No,60.0,0.0,,,0.0,58.0,60.0,0.9666666666666668,4,14,58.0,2.0,Shelter
2025.0,ES,Weingart Center Association,Inside Safe (San Pedro),Los angeles,CA,SPA 4                                             ,14,1,062118,Yes,Current,,,0.0,0.0,58.0,0.0,0.0,0.0,0.0,58.0,0.0,0.0,0.0,No,Yes,No,No,No,No,No,No,No,No,No,No,No,No,No,No,No,No,No,No,No,No,No,No,No,Yes,Site-based - single site,No,No,No,No,No,No,No,No,No,No,No,No,No,No,No,No,No,No,58.0,0.0,,,0.0,40.0,58.0,0.6896551724137931,4,14,40.0,18.0,Shelter
2025.0,ES,Weingart Center Association,Inside Safe Mayfair Hotel,Los Angeles,CA,SPA 4                                             ,1,1,062118,Yes,Current,,,0.0,0.0,294.0,0.0,0.0,0.0,0.0,0.0,0.0,0.0,0.0,No,Yes,No,No,No,No,No,No,No,No,No,No,No,No,No,No,No,No,No,No,No,No,No,No,No,Yes,Site-based - single site,No,No,No,No,No,No,No,No,No,No,No,No,No,No,No,No,No,No,294.0,0.0,,,0.0,296.0,294.0,1.0068027210884354,4,1,296.0,0.0,Shelter
2025.0,TH,Weingart Center Association,LTORR,Los Angeles,CA,SPA 4                                             ,14,1,062118,Yes,Current,,,0.0,0.0,55.0,0.0,0.0,0.0,0.0,0.0,0.0,0.0,0.0,No,No,No,No,No,No,No,No,No,No,No,No,No,No,No,No,No,No,No,No,No,No,No,No,No,No,Site-based - single site,No,No,No,No,No,No,No,No,No,No,No,No,No,No,No,No,No,No,55.0,0.0,,,0.0,60.0,55.0,1.0909090909090908,4,14,60.0,0.0,Shelter
2025.0,PSH,Weingart Center Association,PBV 11010 Santa Monica Blvd,Los Angeles,CA,SPA 5                                             ,5,3,069037,Yes,Current,,,0.0,0.0,25.0,0.0,0.0,0.0,0.0,0.0,0.0,0.0,0.0,No,Yes,No,No,No,No,No,No,No,No,No,No,No,No,No,No,No,No,No,No,No,Yes,No,No,No,Yes,Site-based - single site,No,No,No,No,No,No,No,No,No,No,No,No,No,No,No,No,No,No,25.0,0.0,,,0.0,16.0,25.0,0.64,5,5,16.0,9.0,Permanent Housing
2025.0,ES,Weingart Center Association,"PHK CITY Beacon ""Entry/Exit",Los Angeles,CA,SPA 4                                             ,1,1,062118,Yes,Current,,,0.0,0.0,91.0,0.0,0.0,0.0,0.0,0.0,0.0,0.0,0.0,No,Yes,No,No,No,No,No,No,No,No,No,No,No,No,No,No,No,No,No,No,No,No,No,No,No,Yes,Site-based - single site,No,No,No,No,No,No,No,No,No,No,No,No,No,No,No,No,No,No,91.0,0.0,,,0.0,103.0,91.0,1.1318681318681318,4,1,103.0,0.0,Shelter
2025.0,TH,Weingart Center Association,STOP,Los Angeles,CA,SPA 4                                             ,14,1,062118,Yes,Current,,,0.0,0.0,35.0,0.0,0.0,0.0,0.0,0.0,0.0,0.0,0.0,No,No,No,No,No,No,No,No,No,No,No,No,No,No,No,No,No,No,No,No,No,No,No,No,No,No,Site-based - single site,No,No,No,No,No,No,No,No,No,No,No,No,No,No,No,No,No,No,35.0,0.0,,,0.0,13.0,35.0,0.3714285714285714,4,14,13.0,22.0,Shelter
2025.0,PSH,Weingart Center Association,VASH 11010 Santa Monica Blvd,Los Angeles,CA,SPA 5                                             ,5,3,069037,Yes,Current,,,0.0,0.0,25.0,0.0,0.0,0.0,0.0,25.0,0.0,0.0,0.0,No,Yes,Yes,No,No,No,No,No,No,No,No,No,No,No,No,No,No,No,No,No,No,No,No,No,No,Yes,Site-based - single site,No,No,No,No,No,No,No,No,No,No,No,No,No,No,No,No,No,No,25.0,0.0,,,0.0,19.0,25.0,0.76,5,5,19.0,6.0,Permanent Housing
2025.0,PSH,Weingart Center Association,Weingart Abbey (DHS),Los Angeles,CA,SPA 4                                             ,14,1,062118,No,Current,,,0.0,0.0,4.0,0.0,0.0,0.0,0.0,0.0,0.0,0.0,0.0,No,Yes,No,No,No,No,No,No,No,No,No,No,No,No,No,No,No,No,No,No,No,No,No,No,No,Yes,Site-based - single site,No,No,No,No,No,No,No,No,No,No,No,No,No,No,No,No,No,No,4.0,0.0,,,0.0,3.0,4.0,0.75,4,14,3.0,1.0,Permanent Housing
2025.0,PSH,Weingart Center Association,Weingart Boyd (DHS),Los Angeles,CA,SPA 4                                             ,14,1,062118,Yes,Current,,,0.0,0.0,5.0,0.0,0.0,0.0,0.0,0.0,0.0,0.0,0.0,No,Yes,No,No,No,No,No,No,No,No,No,No,No,No,No,No,No,No,No,No,No,No,No,No,No,Yes,Site-based - single site,No,No,No,No,No,No,No,No,No,No,No,No,No,No,No,No,No,No,5.0,0.0,,,0.0,2.0,5.0,0.4,4,14,2.0,3.0,Permanent Housing
2025.0,PSH,Weingart Center Association,Weingart Las Americas (DHS),Los Angeles,CA,SPA 4                                             ,14,1,062118,Yes,Current,,,0.0,0.0,4.0,0.0,0.0,0.0,0.0,0.0,0.0,0.0,0.0,No,Yes,No,No,No,No,No,No,No,No,No,No,No,No,No,No,No,No,No,No,No,No,No,No,No,Yes,Site-based - single site,No,No,No,No,No,No,No,No,No,No,No,No,No,No,No,No,No,No,4.0,0.0,,,0.0,3.0,4.0,0.75,4,14,3.0,1.0,Permanent Housing
2025.0,PSH,Weingart Center Association,Weingart Olympia (DHS),Los Angeles,CA,SPA 4                                             ,14,1,062118,Yes,Current,,,0.0,0.0,6.0,0.0,0.0,0.0,0.0,0.0,0.0,0.0,0.0,No,Yes,No,No,No,No,No,No,No,No,No,No,No,No,No,No,No,No,No,No,No,No,No,No,No,Yes,Site-based - single site,No,No,No,No,No,No,No,No,No,No,No,No,No,No,No,No,No,No,6.0,0.0,,,0.0,6.0,6.0,1.0,4,14,6.0,0.0,Permanent Housing
2025.0,PSH,Weingart Center Association,Weingart St. George Hotel Apartments (DHS),Los Angeles,CA,SPA 4                                             ,14,1,062118,Yes,Current,,,0.0,0.0,3.0,0.0,0.0,0.0,0.0,0.0,0.0,0.0,0.0,No,Yes,No,No,No,No,No,No,No,No,No,No,No,No,No,No,No,No,No,No,No,No,No,No,No,Yes,Site-based - single site,No,No,No,No,No,No,No,No,No,No,No,No,No,No,No,No,No,No,3.0,0.0,,,0.0,3.0,3.0,1.0,4,14,3.0,0.0,Permanent Housing
2025.0,PSH,Weingart Center Association,Weingart The Willows PHK (D7),Gardena,CA,SPA 8                                             ,15,2,061428,Yes,Current,,,0.0,0.0,52.0,0.0,0.0,0.0,0.0,0.0,0.0,0.0,0.0,No,Yes,No,No,No,No,No,No,No,No,No,No,No,No,No,No,No,No,No,No,No,No,No,No,No,Yes,Site-based - single site,No,No,No,No,No,No,No,No,No,No,No,No,No,No,No,No,No,No,52.0,0.0,,,0.0,15.0,52.0,0.2884615384615384,8,15,15.0,37.0,Permanent Housing
2025.0,PSH,Weingart Center Association,Weingart Tower (Lower),Los Angeles,CA,SPA 4                                             ,14,1,062118,No,Current,,,0.0,0.0,142.0,0.0,0.0,0.0,0.0,0.0,0.0,0.0,0.0,No,Yes,No,No,No,No,No,No,No,No,No,No,No,No,No,No,No,No,No,No,No,No,No,No,No,Yes,Site-based - single site,No,No,No,No,No,No,No,No,No,No,No,No,No,No,No,No,No,No,142.0,0.0,,,0.0,84.0,142.0,0.5915492957746479,4,14,84.0,58.0,Permanent Housing
2025.0,PSH,Weingart Center Association,Weingart Tower (Upper),Los Angeles,CA,SPA 4                                             ,14,1,062118,Yes,Current,,,0.0,0.0,133.0,0.0,0.0,0.0,0.0,0.0,0.0,0.0,0.0,No,Yes,No,No,No,No,No,No,No,No,No,No,No,No,No,No,No,No,No,No,No,No,No,No,No,Yes,Site-based - single site,No,No,No,No,No,No,No,No,No,No,No,No,No,No,No,No,No,No,133.0,0.0,,,0.0,49.0,133.0,0.3684210526315789,4,14,49.0,84.0,Permanent Housing
2025.0,PSH,Weingart Center Association,Weingart Tower I Lower 144 DMH (D7),Los Angeles,CA,SPA 4                                             ,14,1,062118,Yes,Current,,,0.0,0.0,30.0,0.0,0.0,0.0,0.0,0.0,0.0,0.0,0.0,No,Yes,No,No,No,No,No,No,No,No,No,No,No,No,No,No,No,No,No,No,No,No,No,No,No,Yes,Site-based - single site,No,No,No,No,No,No,No,No,No,No,No,No,No,No,No,No,No,No,30.0,0.0,,,0.0,13.0,30.0,0.4333333333333333,4,14,13.0,17.0,Permanent Housing
2025.0,PSH,Weingart Center Association,Weingart Tower I Upper 134 DMH (D7),Los Angeles,CA,SPA 4                                             ,14,1,062118,Yes,Current,,,0.0,0.0,35.0,0.0,0.0,0.0,0.0,0.0,0.0,0.0,0.0,No,Yes,No,No,No,No,No,No,No,No,No,No,No,No,No,No,No,No,No,No,No,No,No,No,No,Yes,Site-based - single site,No,No,No,No,No,No,No,No,No,No,No,No,No,No,No,No,No,No,35.0,0.0,,,0.0,14.0,35.0,0.4,4,14,14.0,21.0,Permanent Housing
2025.0,PSH,West Hollywood Community Housing Corporation,Berendo Sage,West Hollywood,CA,SPA 4                                             ,0,3,062118,No,Current,,,0.0,0.0,21.0,0.0,0.0,0.0,0.0,0.0,0.0,0.0,0.0,No,Yes,No,No,No,No,No,No,No,No,No,No,No,No,No,No,No,No,No,No,No,No,No,No,No,Yes,Site-based - single site,No,No,No,No,No,No,No,No,No,No,No,No,No,No,No,No,No,No,21.0,0.0,,,0.0,32.0,21.0,1.5238095238095235,4,0,32.0,0.0,Permanent Housing
2025.0,ES,Whittier First Day Coalition,"B7 Bridge Housing Program (New) ""Entry/Exit",Whittier,CA,SPA 7                                             ,0,4,064074,Yes,Current,,,0.0,0.0,18.0,0.0,0.0,0.0,0.0,0.0,0.0,0.0,0.0,No,Yes,No,No,No,No,No,No,No,No,No,No,No,No,No,No,No,No,No,No,No,No,No,No,No,Yes,Site-based - single site,No,No,No,No,No,No,No,No,No,No,No,No,No,No,No,No,No,No,18.0,0.0,,,0.0,15.0,18.0,0.8333333333333334,7,0,15.0,3.0,Shelter
2025.0,ES,Whittier First Day Coalition,"CES Bridge Housing SPA 7 ""Entry/Exit",Whittier,CA,SPA 7                                             ,0,4,064074,Yes,Current,,,0.0,0.0,16.0,0.0,0.0,0.0,0.0,0.0,0.0,0.0,0.0,No,Yes,No,No,No,No,No,No,No,No,No,No,No,No,No,No,No,No,No,No,No,No,No,No,No,Yes,Site-based - single site,No,No,No,No,No,No,No,No,No,No,No,No,No,No,No,No,No,No,16.0,0.0,,,0.0,16.0,16.0,1.0,7,0,16.0,0.0,Shelter
2025.0,RRH,Whittier First Day Coalition,ERF 3 Time Limited Subsidy,Whittier,CA,SPA 7                                             ,0,4,064074,Yes,Current,,,0.0,0.0,0.0,0.0,0.0,0.0,0.0,0.0,0.0,0.0,0.0,No,Yes,No,No,No,No,No,No,No,No,No,No,No,No,No,No,No,No,No,No,No,No,No,No,No,Yes,Tenant-based - scattered site,No,No,No,No,No,No,No,No,No,No,No,No,No,No,No,No,No,No,0.0,0.0,,,0.0,0.0,0.0,0.0,7,0,0.0,0.0,Permanent Housing
2025.0,ES,Whittier First Day Coalition,Hondo Center of Healing,Downey,CA,SPA 7                                             ,0,4,061032,Yes,Current,,,0.0,0.0,80.0,0.0,0.0,0.0,0.0,0.0,0.0,0.0,0.0,No,Yes,No,No,No,No,No,No,No,No,No,No,No,No,No,No,No,No,No,No,No,No,No,No,No,Yes,Site-based - single site,No,No,No,No,No,No,No,No,No,No,No,No,No,No,No,No,No,No,80.0,0.0,,,0.0,80.0,80.0,1.0,7,0,80.0,0.0,Shelter
2025.0,ES,Whittier First Day Coalition,Pathway Home,Santa Fe Springs,CA,SPA 7                                             ,0,4,064074,Yes,Current,,,0.0,0.0,96.0,0.0,0.0,0.0,0.0,0.0,0.0,0.0,0.0,No,Yes,No,No,No,No,No,No,No,No,No,No,No,No,No,No,No,No,No,No,No,No,No,No,No,Yes,Site-based - clustered / multiple sites,No,No,No,No,No,No,No,No,No,No,No,No,No,No,No,No,No,No,96.0,0.0,,,0.0,107.0,96.0,1.1145833333333333,7,0,107.0,0.0,Shelter
2025.0,ES,Whittier First Day Coalition,Winter Shelter Program Whittier SPA 7,Whittier,CA,SPA 7                                             ,0,4,064074,Yes,Current,,,0.0,0.0,0.0,0.0,0.0,0.0,0.0,0.0,0.0,0.0,0.0,No,Yes,No,No,No,No,No,No,No,No,No,No,No,No,No,No,No,No,No,No,No,No,No,No,No,Yes,Site-based - single site,No,No,No,No,No,No,No,No,No,No,No,No,No,No,No,No,No,No,0.0,11.0,2024-11-01,2025-03-31,0.0,10.0,11.0,0.9090909090909092,7,0,10.0,1.0,Shelter
2025.0,PSH,WSH Management,VASH - Central Apartments,Los Angeles,CA,SPA 6                                             ,9,2,062118,Yes,Current,,,0.0,0.0,42.0,0.0,0.0,0.0,0.0,42.0,0.0,0.0,0.0,No,Yes,Yes,No,No,No,No,No,No,No,No,No,No,No,No,No,No,No,No,No,No,No,No,No,No,No,Site-based - single site,No,No,No,No,No,No,No,No,No,No,No,No,No,No,No,No,No,No,42.0,0.0,,,0.0,0.0,42.0,0.0,6,9,0.0,42.0,Permanent Housing
